# OpenTelemetry Metrics report: .csv, 4 fields: 
# <metric name>, <period start, nanoseconds>, <period end, nanoseconds>, <metric value>
# See CsvMetricsExporter for details.
# 
# NAME, PERIOD_START_NANOS, PERIOD_END_NANOS, VALUE
lux.LuxRendererStatistics.LxPaintStateChange.calls,1738604699785000000,1738604760194000000,436
lux.LuxRendererStatistics.LxPaintStateChange.size,1738604699785000000,1738604760194000000,436
lux.LuxRendererStatistics.LxTransformStateChange.calls,1738604699785000000,1738604760194000000,352
lux.LuxRendererStatistics.State_Changes.size,1738604699785000000,1738604760194000000,6512
lux.LuxRendererStatistics.Draw_Commands_List.calls,1738604699785000000,1738604760194000000,635
lux.LuxRendererStatistics.LxAliasingStateChange.size,1738604699785000000,1738604760194000000,134
lux.LuxRendererStatistics.LxAliasingStateChange.calls,1738604699785000000,1738604760194000000,134
lux.LuxRendererStatistics.LxBackgroundColorStateChange.calls,1738604699785000000,1738604760194000000,3
lux.LuxRendererStatistics.LxClipStateChange.calls,1738604699785000000,1738604760194000000,251
lux.LuxRendererStatistics.LxBackgroundColorStateChange.size,1738604699785000000,1738604760194000000,3
lux.LuxRendererStatistics.LxDrawImageCommand.calls,1738604699785000000,1738604760194000000,53
lux.LuxRendererStatistics.LxFillShapeCommand.size,1738604699785000000,1738604760194000000,9994
lux.LuxRendererStatistics.LxDrawImageCommand.size,1738604699785000000,1738604760194000000,1355
lux.LuxRendererStatistics.LxRoundRectShape.calls,1738604699785000000,1738604760194000000,96
lux.LuxRendererStatistics.Operation_batch_flushes.size,1738604699785000000,1738604760194000000,635
lux.LuxRendererStatistics.LxCacheableImage.size,1738604699785000000,1738604760194000000,1324
lux.LuxRendererStatistics.LxClipStateChange.size,1738604699785000000,1738604760194000000,3713
lux.LuxRendererStatistics.LxRectShape.size,1738604699785000000,1738604760194000000,1552
lux.LuxRendererStatistics.LxCachedImage.size,1738604699785000000,1738604760194000000,31
lux.LuxRendererStatistics.LxCacheableImage.calls,1738604699785000000,1738604760194000000,22
lux.LuxRendererStatistics.State_Changes.calls,1738604699785000000,1738604760194000000,1290
lux.LuxRendererStatistics.Operation_batch_flushes.calls,1738604699785000000,1738604760194000000,44
lux.LuxRendererStatistics.LxCachedImage.calls,1738604699785000000,1738604760194000000,31
lux.LuxRendererStatistics.LxTransformStateChange.size,1738604699785000000,1738604760194000000,2112
lux.LuxRendererStatistics.LxPathShape.size,1738604699785000000,1738604760194000000,11579
lux.LuxRendererStatistics.Draw_Commands_List.size,1738604699785000000,1738604760194000000,21892
lux.LuxRendererStatistics.LxFontStateChange.calls,1738604699785000000,1738604760194000000,114
lux.LuxRendererStatistics.LxRectShape.calls,1738604699785000000,1738604760194000000,388
lux.LuxRendererStatistics.LxDrawTextCommand.calls,1738604699785000000,1738604760194000000,200
lux.LuxRendererStatistics.LxFontStateChange.size,1738604699785000000,1738604760194000000,114
lux.LuxRendererStatistics.LxFillShapeCommand.calls,1738604699785000000,1738604760194000000,382
lux.LuxRendererStatistics.LxPathShape.calls,1738604699785000000,1738604760194000000,149
lux.LuxRendererStatistics.LxRoundRectShape.size,1738604699785000000,1738604760194000000,576
lux.LuxRendererStatistics.LxDrawTextCommand.size,1738604699785000000,1738604760194000000,4031
cacheStateStorage.set.duration,1738604699785000000,1738604760194000000,212
cacheStateStorage.set.counter,1738604699785000000,1738604760194000000,5
cacheStateStorage.get.duration,1738604699785000000,1738604760194000000,0
cacheStateStorage.get.counter,1738604699785000000,1738604760194000000,11
FilePageCache.pageLoadsAboveSizeThreshold,1738604699785000000,1738604760194000000,0
StreamlinedBlobStorage.recordsDeleted,1738604699785000000,1738604760194000000,0
FilePageCache.disposedBuffers,1738604699785000000,1738604760194000000,0
FilePageCache.pageLoads,1738604699785000000,1738604760194000000,1
FilePageCache.pageHits,1738604699785000000,1738604760194000000,0
DirectByteBufferAllocator.totalSizeOfBuffersAllocatedInBytes,1738604699785000000,1738604760194000000,1048576
FilePageCache.capacityInBytes,1738604699785000000,1738604760194000000,629145600
StorageLockContext.competingThreads.max,1738604699785000000,1738604760194000000,0
MappedFileStorage.totalTimeSpentOnMappingUs,1738604699785000000,1738604760194000000,447451
MappedFileStorage.totalBytesMapped,1738604699785000000,1738604760194000000,160432128
StorageLockContext.competingThreads.90P,1738604699785000000,1738604760194000000,0
StreamlinedBlobStorage.totalLiveRecordsCapacityBytes,1738604699785000000,1738604760194000000,770
StorageLockContext.competingThreads.avg,1738604699785000000,1738604760194000000,0.0
StreamlinedBlobStorage.recordsAllocated,1738604699785000000,1738604760194000000,11
FilePageCache.totalPageLoadsUs,1738604699785000000,1738604760194000000,89024
DirectByteBufferAllocator.totalSizeOfBuffersCachedInBytes,1738604699785000000,1738604760194000000,0
FileChannelInterruptsRetryer.totalRetriedAttempts,1738604699785000000,1738604760194000000,0
MappedFileStorage.storages,1738604699785000000,1738604760194000000,5
FilePageCache.pageFastCacheHits,1738604699785000000,1738604760194000000,68
DirectByteBufferAllocator.disposed,1738604699785000000,1738604760194000000,0
DirectByteBufferAllocator.reclaimed,1738604699785000000,1738604760194000000,0
FilePageCache.uncachedFileAccess,1738604699785000000,1738604760194000000,3
FilePageCache.maxCacheSizeInBytes,1738604699785000000,1738604760194000000,1048576
StreamlinedBlobStorage.totalLiveRecordsPayloadBytes,1738604699785000000,1738604760194000000,79
DirectByteBufferAllocator.misses,1738604699785000000,1738604760194000000,1
MappedFileStorage.totalPagesMapped,1738604699785000000,1738604760194000000,5
DirectByteBufferAllocator.hits,1738604699785000000,1738604760194000000,0
FilePageCache.maxRegisteredFiles,1738604699785000000,1738604760194000000,3
StreamlinedBlobStorage.recordsRelocated,1738604699785000000,1738604760194000000,0
FilePageCache.totalPageDisposalsUs,1738604699785000000,1738604760194000000,26
DiskQueryRelay.taskWaitingTotalTimeUs,1738604699785000000,1738604760194000000,109999
writeAction.max.wait.ms,1738604699785000000,1738604760194000000,11
writeAction.wait.ms,1738604699785000000,1738604760194000000,22
DiskQueryRelay.tasksRequested,1738604699785000000,1738604760194000000,51
lexer.Markdown.time.ns,1738604699785000000,1738604760194000000,17636925
parser.Markdown.time.ns,1738604699785000000,1738604760194000000,54268047
writeAction.count,1738604699785000000,1738604760194000000,10
parser.Markdown.size.bytes,1738604699785000000,1738604760194000000,245
lexer.Markdown.size.bytes,1738604699785000000,1738604760194000000,245
DiskQueryRelay.tasksExecuted,1738604699785000000,1738604760194000000,51
writeAction.median.wait.ms,1738604699785000000,1738604760194000000,0
DiskQueryRelay.taskExecutionTotalTimeUs,1738604699785000000,1738604760194000000,18347
NonBlockingReadAction.finalizedExecutionsCount,1738604699785000000,1738604760194000000,6
FlushQueue.waitingTimeMaxNs,1738604699785000000,1738604760194000000,4456447
WriteAction.executionsCount,1738604699785000000,1738604760194000000,10
FlushQueue.executionTime90PNs,1738604699785000000,1738604760194000000,305151
NonBlockingReadAction.finalizedExecutionTimeUs,1738604699785000000,1738604760194000000,410919
AWTEventQueue.dispatchTime90PNs,1738604699785000000,1738604760194000000,1015807
AWTEventQueue.dispatchTimeTotalNS,1738604699785000000,1738604760194000000,31363643934
FlushQueue.waitingTimeAvgNs,1738604699785000000,1738604760194000000,793712.4848484849
NonBlockingReadAction.failedExecutionTimeUs,1738604699785000000,1738604760194000000,290577
NonBlockingReadAction.failedExecutionsCount,1738604699785000000,1738604760194000000,1
ReadAction.executionsCount,1738604699785000000,1738604760194000000,34792
AWTEventQueue.dispatchTimeAvgNs,1738604699785000000,1738604760194000000,540759.7714285714
FlushQueue.executionTimeAvgNs,1738604699785000000,1738604760194000000,135724.60606060605
AWTEventQueue.dispatchTimeMaxNs,1738604699785000000,1738604760194000000,1097727
AWTEventQueue.eventsDispatched,1738604699785000000,1738604760194000000,35
FlushQueue.queueSizeMax,1738604699785000000,1738604760194000000,3
FlushQueue.tasksExecuted,1738604699785000000,1738604760194000000,33
FlushQueue.queueSize90P,1738604699785000000,1738604760194000000,2
FlushQueue.queueSizeAvg,1738604699785000000,1738604760194000000,0.45454545454545453
FlushQueue.executionTimeMaxNs,1738604699785000000,1738604760194000000,413695
FlushQueue.waitingTime90PNs,1738604699785000000,1738604760194000000,1286143
jps.facet.change.listener.process.change.events.ms,1738604699785000000,1738604760194000000,1
workspaceModel.orphan.listener.update.ms,1738604699785000000,1738604760194000000,13
jps.module.dependency.index.workspace.model.listener.on.changed.ms,1738604699785000000,1738604760194000000,1
workspaceModel.mutableEntityStorage.mutable.ext.mapping.ms,1738604699785000000,1738604760194000000,5
jps.global.initialize.library.bridges.ms,1738604699785000000,1738604760194000000,0
jps.global.handle.before.change.events.ms,1738604699785000000,1738604760194000000,0
jps.project.serializers.load.ms,1738604699785000000,1738604760194000000,42
workspaceModel.mutableEntityStorage.collect.changes.ms,1738604699785000000,1738604760194000000,1
workspaceModel.mutableEntityStorage.referrers.ms,1738604699785000000,1738604760194000000,0
workspaceModel.global.apply.state.to.project.builder.ms,1738604699785000000,1738604760194000000,14
jps.apply.loaded.storage.ms,1738604699785000000,1738604760194000000,205
workspaceModel.mutableEntityStorage.resolve.ms,1738604699785000000,1738604760194000000,0
workspaceModel.load.cache.from.file.ms,1738604699785000000,1738604760194000000,8
workspaceModel.mutableEntityStorage.put.entity.ms,1738604699785000000,1738604760194000000,26
workspaceModel.moduleManagerBridge.load.all.modules.ms,1738604699785000000,1738604760194000000,10
workspaceModel.moduleManagerBridge.build.module.graph.ms,1738604699785000000,1738604760194000000,0
workspaceModel.mutableEntityStorage.entities.ms,1738604699785000000,1738604760194000000,3
workspaceModel.moduleManagerBridge.create.module.instance.ms,1738604699785000000,1738604760194000000,0
jps.save.changed.project.entities.ms,1738604699785000000,1738604760194000000,0
jps.artifact.entities.serializer.load.entities.ms,1738604699785000000,1738604760194000000,0
workspaceModel.mutableEntityStorage.add.entity.ms,1738604699785000000,1738604760194000000,48
workspaceModel.mutableEntityStorage.instances.count,1738604699785000000,1738604760194000000,18
workspaceModel.moduleManagerBridge.get.modules.ms,1738604699785000000,1738604760194000000,2
workspaceModel.mutableEntityStorage.has.same.entities.ms,1738604699785000000,1738604760194000000,0
jps.artifact.entities.serializer.save.entities.ms,1738604699785000000,1738604760194000000,0
jps.global.get.libraries.ms,1738604699785000000,1738604760194000000,0
jps.project.serializers.save.ms,1738604699785000000,1738604760194000000,0
workspaceModel.mutableEntityStorage.mutable.vfurl.index.ms,1738604699785000000,1738604760194000000,1
jps.storage.jps.conf.reader.load.component.ms,1738604699785000000,1738604760194000000,18
workspaceModel.moduleManagerBridge.new.nonPersistent.module.ms,1738604699785000000,1738604760194000000,0
jps.global.initialize.library.bridges.after.loading.ms,1738604699785000000,1738604760194000000,8
workspaceModel.save.cache.to.file.ms,1738604699785000000,1738604760194000000,359
workspaceModel.global.updates.ms,1738604699785000000,1738604760194000000,0
workspaceModel.mutableEntityStorage.apply.changes.from.ms,1738604699785000000,1738604760194000000,49
workspaceModel.delayed.project.synchronizer.sync.ms,1738604699785000000,1738604760194000000,0
jps.facet.change.listener.init.bridge.ms,1738604699785000000,1738604760194000000,1
jps.load.initial.state.ms,1738604699785000000,1738604760194000000,79
workspaceModel.do.save.caches.ms,1738604699785000000,1738604760194000000,364
jps.library.entities.serializer.save.entities.ms,1738604699785000000,1738604760194000000,0
workspaceModel.load.cache.metadata.from.file.ms,1738604699785000000,1738604760194000000,0
jps.facet.change.listener.before.change.events.ms,1738604699785000000,1738604760194000000,0
jps.global.handle.changed.events.ms,1738604699785000000,1738604760194000000,0
workspaceModel.moduleManagerBridge.set.unloadedModules.ms,1738604699785000000,1738604760194000000,0
workspaceModel.mutableEntityStorage.to.snapshot.ms,1738604699785000000,1738604760194000000,5
jps.reload.project.entities.ms,1738604699785000000,1738604760194000000,0
jps.save.global.entities.ms,1738604699785000000,1738604760194000000,0
workspaceModel.moduleBridgeLoader.loading.modules.ms,1738604699785000000,1738604760194000000,2781
workspaceModel.mutableEntityStorage.changeLog.addReplaceEventForNewChild.ms,1738604699785000000,1738604760194000000,0
workspaceModel.moduleManagerBridge.newModule.ms,1738604699785000000,1738604760194000000,0
jps.global.get.library.by.name.ms,1738604699785000000,1738604760194000000,0
jps.app.storage.content.reader.load.component.ms,1738604699785000000,1738604760194000000,0
workspaceModel.mutableEntityStorage.replace.by.source.ms,1738604699785000000,1738604760194000000,13
jps.global.get.library.ms,1738604699785000000,1738604760194000000,0
workspaceModel.mutableEntityStorage.remove.entity.ms,1738604699785000000,1738604760194000000,0
workspaceModel.mutableEntityStorage.changeLog.addReplaceEventForRemovedChild.ms,1738604699785000000,1738604760194000000,0
workspaceModel.sync.entities.ms,1738604699785000000,1738604760194000000,0
workspaceModel.mutableEntityStorage.modify.entity.ms,1738604699785000000,1738604760194000000,0
workspaceModel.global.updates.count,1738604699785000000,1738604760194000000,0
workspaceModel.global.apply.state.to.project.ms,1738604699785000000,1738604760194000000,0
workspaceModel.moduleManagerBridge.load.module.ms,1738604699785000000,1738604760194000000,0
workspaceModel.mutableEntityStorage.entities.by.source.ms,1738604699785000000,1738604760194000000,2
workspaceModel.mutableEntityStorage.changeLog.addReplaceEventForRemovedParent.ms,1738604699785000000,1738604760194000000,0
jps.library.entities.serializer.load.entities.ms,1738604699785000000,1738604760194000000,1
workspaceModel.mutableEntityStorage.changeLog.addReplaceEventForNewParent.ms,1738604699785000000,1738604760194000000,0
jps.load.project.to.empty.storage.ms,1738604699785000000,1738604760194000000,459
VFS.contentStorage.recordsStoredCompressed,1738604699785000000,1738604760194000000,0
VFS.contentStorage.recordsReadSize,1738604699785000000,1738604760194000000,0
VFS.contentStorage.recordsUncompressedSize,1738604699785000000,1738604760194000000,0
VFS.fileChildByName,1738604699785000000,1738604760194000000,405
FileNameCache.totalMisses,1738604699785000000,1738604760194000000,0
VFS.contentStorage.recordsStoredSize,1738604699785000000,1738604760194000000,0
VFS.contentStorage.recordsDecompressionTimeUs,1738604699785000000,1738604760194000000,0
VFS.contentStorage.recordsReadDecompressed,1738604699785000000,1738604760194000000,0
VFS.contentStorage.recordsStored,1738604699785000000,1738604760194000000,0
VFS.invertedFileNameIndex.requests,1738604699785000000,1738604760194000000,0
VFS.contentStorage.recordsDeduplicated,1738604699785000000,1738604760194000000,0
FileNameCache.queries,1738604699785000000,1738604760194000000,0
VFS.fileByIdCache.hits,1738604699785000000,1738604760194000000,0
VFS.contentStorage.recordsRead,1738604699785000000,1738604760194000000,0
VFS.fileByIdCache.misses,1738604699785000000,1738604760194000000,0
JVM.totalDirectByteBuffersBytes,1738604699785000000,1738604760194000000,3248182
MEM.ramBytes,1738604699785000000,1738604760194000000,1182097408
JVM.totalCpuTimeMs,1738604699785000000,1738604760194000000,126190
JVM.threadCount,1738604699785000000,1738604760194000000,66
MEM.fileMappingsRamBytes,1738604699785000000,1738604760194000000,432799744
JVM.committedHeapBytes,1738604699785000000,1738604760194000000,285212672
JVM.usedHeapBytes,1738604699785000000,1738604760194000000,223496000
JVM.totalTimeToSafepointsMs,1738604699785000000,1738604760194000000,63
OS.loadAverage,1738604699785000000,1738604760194000000,3.59521484375
JVM.usedNativeBytes,1738604699785000000,1738604760194000000,315558056
JVM.totalBytesAllocated,1738604699785000000,1738604760194000000,1099581384
JVM.maxHeapBytes,1738604699785000000,1738604760194000000,1572864000
MEM.ramMinusFileMappingsBytes,1738604699785000000,1738604760194000000,748953600
JVM.GC.collectionTimesMs,1738604699785000000,1738604760194000000,696
MEM.ramPlusSwapMinusFileMappingsBytes,1738604699785000000,1738604760194000000,748953600
JVM.newThreadsCount,1738604699785000000,1738604760194000000,77
JVM.totalSafepointCount,1738604699785000000,1738604760194000000,143
JVM.maxThreadCount,1738604699785000000,1738604760194000000,67
JVM.totalTimeAtSafepointsMs,1738604699785000000,1738604760194000000,712
JVM.GC.collections,1738604699785000000,1738604760194000000,42
Indexing.cache.totalCacheEvicted,1738604699785000000,1738604760194000000,0
Indexing.writer_0.totalTimeSpentWritingMs,1738604699785000000,1738604760194000000,0
Indexing.totalTimeIndexersSleptMs,1738604699785000000,1738604760194000000,0
Indexing.writesQueuedAvg,1738604699785000000,1738604760194000000,0.0
Indexing.writer_3.totalTimeSpentWritingMs,1738604699785000000,1738604760194000000,0
Indexing.writer_2.totalTimeSpentWritingMs,1738604699785000000,1738604760194000000,0
Indexing.writer_1.totalTimeSpentWritingMs,1738604699785000000,1738604760194000000,0
Indexing.cache.totalCacheAccesses,1738604699785000000,1738604760194000000,0
Indexing.cache.totalCacheMisses,1738604699785000000,1738604760194000000,0
Indexing.writesQueuedMin,1738604699785000000,1738604760194000000,0
Indexing.writesQueuedMax,1738604699785000000,1738604760194000000,0
workspaceModel.workspaceFileIndexData.updateDirtyEntities.ms,1738604699785000000,1738604760194000000,0
workspaceModel.to.snapshot.ms,1738604699785000000,1738604760194000000,0
workspaceModel.loading.from.cache.ms,1738604699785000000,1738604760194000000,152
workspaceModel.workspaceFileIndexData.visitFileSets.ms,1738604699785000000,1738604760194000000,0
workspaceModel.check.recursive.update.ms,1738604699785000000,1738604760194000000,1
workspaceModel.entityStorageSnapshotImpl.instances.count,1738604699785000000,1738604760194000000,12
workspaceModel.cachedValueWithParameters.total.get.count,1738604699785000000,1738604760194000000,0
workspaceModel.workspaceFileIndexData.init.ms,1738604699785000000,1738604760194000000,8
workspaceModel.pre.handlers.ms,1738604699785000000,1738604760194000000,2
workspaceModel.loading.total.ms,1738604699785000000,1738604760194000000,192
workspaceModel.cachedValue.calculated.count,1738604699785000000,1738604760194000000,2
workspaceModel.init.bridges.ms,1738604699785000000,1738604760194000000,8
workspaceModel.workspaceFileIndexData.markDirty.ms,1738604699785000000,1738604760194000000,0
workspaceModel.cachedValueWithParameters.from.cache.count,1738604699785000000,1738604760194000000,0
workspaceModel.cachedValue.total.get.count,1738604699785000000,1738604760194000000,12
workspaceModel.on.before.changed.ms,1738604699785000000,1738604760194000000,114
workspaceModel.collect.changes.ms,1738604699785000000,1738604760194000000,0
workspaceModel.workspaceFileIndexData.getFileInfo.ms,1738604699785000000,1738604760194000000,0
workspaceModel.cachedValue.clear.count,1738604699785000000,1738604760194000000,0
workspaceModel.initializing.ms,1738604699785000000,1738604760194000000,0
workspaceModel.cachedValue.from.cache.count,1738604699785000000,1738604760194000000,10
workspaceModel.update.unloaded.entities.ms,1738604699785000000,1738604760194000000,0
workspaceModel.workspaceFileIndexData.getDirectoriesByPackageName.ms,1738604699785000000,1738604760194000000,0
workspaceModel.updates.ms,1738604699785000000,1738604760194000000,94
workspaceModel.on.changed.ms,1738604699785000000,1738604760194000000,82
workspaceModel.full.replace.project.model.ms,1738604699785000000,1738604760194000000,154
workspaceModel.workspaceFileIndexData.processFileSets.ms,1738604699785000000,1738604760194000000,0
workspaceModel.replace.project.model.ms,1738604699785000000,1738604760194000000,0
workspaceModel.updates.count,1738604699785000000,1738604760194000000,1
workspaceModel.cachedValueWithParameters.calculated.count,1738604699785000000,1738604760194000000,0
workspaceModel.workspaceFileIndexContributor.registerFileSets.ms,1738604699785000000,1738604760194000000,13
workspaceModel.cachedValueWithParameters.clear.count,1738604699785000000,1738604760194000000,0
workspaceModel.workspaceFileIndexData.onEntitiesChanged.ms,1738604699785000000,1738604760194000000,10
workspaceModel.updates.precise.ms,1738604699785000000,1738604760194000000,15
workspaceModel.workspaceFileIndexData.instances.count,1738604699785000000,1738604760194000000,1
workspaceModel.workspaceFileIndexData.getPackageName.ms,1738604699785000000,1738604760194000000,0
rdct.ThinClientDiagnosticsService.connectionState.O2Physi,1738604699785000000,1738604760194000000,3
rdct.CountingByteChannel.readBytesRate.project.1,1738604699785000000,1738604760194000000,2383070
rdct.TransportWrapperImpl.receivedFrames.project.1,1738604699785000000,1738604760194000000,6526
rdct.CountingByteChannel.writeBytesRate.project.1,1738604699785000000,1738604760194000000,59082
rdct.TransportWrapperImpl.sentFramesLenRate.project.1,1738604699785000000,1738604760194000000,26
rdct.ThinClientDiagnosticsService.pingDirect.O2Physi,1738604699785000000,1738604760194000000,66
rdct.TransportWrapperImpl.receivedFramesLenRate.project.1,1738604699785000000,1738604760194000000,1476
rdct.ThinClientDiagnosticsService.pingUI.O2Physi,1738604699785000000,1738604760194000000,66
rdct.TransportWrapperImpl.connectionState.project.1,1738604699785000000,1738604760194000000,1
cacheStateStorage.set.duration,1738604760194000000,1738604819840000000,0
cacheStateStorage.set.counter,1738604760194000000,1738604819840000000,0
cacheStateStorage.get.duration,1738604760194000000,1738604819840000000,0
cacheStateStorage.get.counter,1738604760194000000,1738604819840000000,0
FilePageCache.pageLoadsAboveSizeThreshold,1738604760194000000,1738604819840000000,0
StreamlinedBlobStorage.recordsDeleted,1738604760194000000,1738604819840000000,0
FilePageCache.disposedBuffers,1738604760194000000,1738604819840000000,0
FilePageCache.pageLoads,1738604760194000000,1738604819840000000,0
FilePageCache.pageHits,1738604760194000000,1738604819840000000,0
DirectByteBufferAllocator.totalSizeOfBuffersAllocatedInBytes,1738604760194000000,1738604819840000000,1048576
FilePageCache.capacityInBytes,1738604760194000000,1738604819840000000,629145600
StorageLockContext.competingThreads.max,1738604760194000000,1738604819840000000,0
MappedFileStorage.totalTimeSpentOnMappingUs,1738604760194000000,1738604819840000000,447451
MappedFileStorage.totalBytesMapped,1738604760194000000,1738604819840000000,160432128
StorageLockContext.competingThreads.90P,1738604760194000000,1738604819840000000,0
StreamlinedBlobStorage.totalLiveRecordsCapacityBytes,1738604760194000000,1738604819840000000,0
StorageLockContext.competingThreads.avg,1738604760194000000,1738604819840000000,0.0
StreamlinedBlobStorage.recordsAllocated,1738604760194000000,1738604819840000000,0
FilePageCache.totalPageLoadsUs,1738604760194000000,1738604819840000000,0
DirectByteBufferAllocator.totalSizeOfBuffersCachedInBytes,1738604760194000000,1738604819840000000,0
FileChannelInterruptsRetryer.totalRetriedAttempts,1738604760194000000,1738604819840000000,0
MappedFileStorage.storages,1738604760194000000,1738604819840000000,5
FilePageCache.pageFastCacheHits,1738604760194000000,1738604819840000000,0
DirectByteBufferAllocator.disposed,1738604760194000000,1738604819840000000,0
DirectByteBufferAllocator.reclaimed,1738604760194000000,1738604819840000000,0
FilePageCache.uncachedFileAccess,1738604760194000000,1738604819840000000,0
FilePageCache.maxCacheSizeInBytes,1738604760194000000,1738604819840000000,1048576
StreamlinedBlobStorage.totalLiveRecordsPayloadBytes,1738604760194000000,1738604819840000000,0
DirectByteBufferAllocator.misses,1738604760194000000,1738604819840000000,0
MappedFileStorage.totalPagesMapped,1738604760194000000,1738604819840000000,5
DirectByteBufferAllocator.hits,1738604760194000000,1738604819840000000,0
FilePageCache.maxRegisteredFiles,1738604760194000000,1738604819840000000,3
StreamlinedBlobStorage.recordsRelocated,1738604760194000000,1738604819840000000,0
FilePageCache.totalPageDisposalsUs,1738604760194000000,1738604819840000000,0
DiskQueryRelay.taskWaitingTotalTimeUs,1738604760194000000,1738604819840000000,17399
writeAction.max.wait.ms,1738604760194000000,1738604819840000000,11
writeAction.wait.ms,1738604760194000000,1738604819840000000,0
DiskQueryRelay.tasksRequested,1738604760194000000,1738604819840000000,52
writeAction.count,1738604760194000000,1738604819840000000,0
DiskQueryRelay.tasksExecuted,1738604760194000000,1738604819840000000,52
writeAction.median.wait.ms,1738604760194000000,1738604819840000000,0
DiskQueryRelay.taskExecutionTotalTimeUs,1738604760194000000,1738604819840000000,3804
NonBlockingReadAction.finalizedExecutionsCount,1738604760194000000,1738604819840000000,0
FlushQueue.waitingTimeMaxNs,1738604760194000000,1738604819840000000,405503
WriteAction.executionsCount,1738604760194000000,1738604819840000000,0
FlushQueue.executionTime90PNs,1738604760194000000,1738604819840000000,226303
NonBlockingReadAction.finalizedExecutionTimeUs,1738604760194000000,1738604819840000000,0
AWTEventQueue.dispatchTime90PNs,1738604760194000000,1738604819840000000,1122303
AWTEventQueue.dispatchTimeTotalNS,1738604760194000000,1738604819840000000,3845128051
FlushQueue.waitingTimeAvgNs,1738604760194000000,1738604819840000000,279808.0
NonBlockingReadAction.failedExecutionTimeUs,1738604760194000000,1738604819840000000,0
NonBlockingReadAction.failedExecutionsCount,1738604760194000000,1738604819840000000,0
ReadAction.executionsCount,1738604760194000000,1738604819840000000,3239
AWTEventQueue.dispatchTimeAvgNs,1738604760194000000,1738604819840000000,609450.6666666666
FlushQueue.executionTimeAvgNs,1738604760194000000,1738604819840000000,128480.0
AWTEventQueue.dispatchTimeMaxNs,1738604760194000000,1738604819840000000,1122303
AWTEventQueue.eventsDispatched,1738604760194000000,1738604819840000000,3
FlushQueue.queueSizeMax,1738604760194000000,1738604819840000000,0
FlushQueue.tasksExecuted,1738604760194000000,1738604819840000000,2
FlushQueue.queueSize90P,1738604760194000000,1738604819840000000,0
FlushQueue.queueSizeAvg,1738604760194000000,1738604819840000000,0.0
FlushQueue.executionTimeMaxNs,1738604760194000000,1738604819840000000,226303
FlushQueue.waitingTime90PNs,1738604760194000000,1738604819840000000,405503
jps.facet.change.listener.process.change.events.ms,1738604760194000000,1738604819840000000,0
workspaceModel.orphan.listener.update.ms,1738604760194000000,1738604819840000000,0
jps.module.dependency.index.workspace.model.listener.on.changed.ms,1738604760194000000,1738604819840000000,0
workspaceModel.mutableEntityStorage.mutable.ext.mapping.ms,1738604760194000000,1738604819840000000,0
jps.global.initialize.library.bridges.ms,1738604760194000000,1738604819840000000,0
jps.global.handle.before.change.events.ms,1738604760194000000,1738604819840000000,0
jps.project.serializers.load.ms,1738604760194000000,1738604819840000000,0
workspaceModel.mutableEntityStorage.collect.changes.ms,1738604760194000000,1738604819840000000,0
workspaceModel.mutableEntityStorage.referrers.ms,1738604760194000000,1738604819840000000,0
workspaceModel.global.apply.state.to.project.builder.ms,1738604760194000000,1738604819840000000,0
jps.apply.loaded.storage.ms,1738604760194000000,1738604819840000000,0
workspaceModel.mutableEntityStorage.resolve.ms,1738604760194000000,1738604819840000000,0
workspaceModel.load.cache.from.file.ms,1738604760194000000,1738604819840000000,0
workspaceModel.mutableEntityStorage.put.entity.ms,1738604760194000000,1738604819840000000,0
workspaceModel.moduleManagerBridge.load.all.modules.ms,1738604760194000000,1738604819840000000,0
workspaceModel.moduleManagerBridge.build.module.graph.ms,1738604760194000000,1738604819840000000,0
workspaceModel.mutableEntityStorage.entities.ms,1738604760194000000,1738604819840000000,0
workspaceModel.moduleManagerBridge.create.module.instance.ms,1738604760194000000,1738604819840000000,0
jps.save.changed.project.entities.ms,1738604760194000000,1738604819840000000,0
jps.artifact.entities.serializer.load.entities.ms,1738604760194000000,1738604819840000000,0
workspaceModel.mutableEntityStorage.add.entity.ms,1738604760194000000,1738604819840000000,0
workspaceModel.mutableEntityStorage.instances.count,1738604760194000000,1738604819840000000,0
workspaceModel.moduleManagerBridge.get.modules.ms,1738604760194000000,1738604819840000000,0
workspaceModel.mutableEntityStorage.has.same.entities.ms,1738604760194000000,1738604819840000000,0
jps.artifact.entities.serializer.save.entities.ms,1738604760194000000,1738604819840000000,0
jps.global.get.libraries.ms,1738604760194000000,1738604819840000000,0
jps.project.serializers.save.ms,1738604760194000000,1738604819840000000,0
workspaceModel.mutableEntityStorage.mutable.vfurl.index.ms,1738604760194000000,1738604819840000000,0
jps.storage.jps.conf.reader.load.component.ms,1738604760194000000,1738604819840000000,0
workspaceModel.moduleManagerBridge.new.nonPersistent.module.ms,1738604760194000000,1738604819840000000,0
jps.global.initialize.library.bridges.after.loading.ms,1738604760194000000,1738604819840000000,0
workspaceModel.save.cache.to.file.ms,1738604760194000000,1738604819840000000,0
workspaceModel.global.updates.ms,1738604760194000000,1738604819840000000,0
workspaceModel.mutableEntityStorage.apply.changes.from.ms,1738604760194000000,1738604819840000000,0
workspaceModel.delayed.project.synchronizer.sync.ms,1738604760194000000,1738604819840000000,0
jps.facet.change.listener.init.bridge.ms,1738604760194000000,1738604819840000000,0
jps.load.initial.state.ms,1738604760194000000,1738604819840000000,0
workspaceModel.do.save.caches.ms,1738604760194000000,1738604819840000000,0
jps.library.entities.serializer.save.entities.ms,1738604760194000000,1738604819840000000,0
workspaceModel.load.cache.metadata.from.file.ms,1738604760194000000,1738604819840000000,0
jps.facet.change.listener.before.change.events.ms,1738604760194000000,1738604819840000000,0
jps.global.handle.changed.events.ms,1738604760194000000,1738604819840000000,0
workspaceModel.moduleManagerBridge.set.unloadedModules.ms,1738604760194000000,1738604819840000000,0
workspaceModel.mutableEntityStorage.to.snapshot.ms,1738604760194000000,1738604819840000000,0
jps.reload.project.entities.ms,1738604760194000000,1738604819840000000,0
jps.save.global.entities.ms,1738604760194000000,1738604819840000000,0
workspaceModel.moduleBridgeLoader.loading.modules.ms,1738604760194000000,1738604819840000000,0
workspaceModel.mutableEntityStorage.changeLog.addReplaceEventForNewChild.ms,1738604760194000000,1738604819840000000,0
workspaceModel.moduleManagerBridge.newModule.ms,1738604760194000000,1738604819840000000,0
jps.global.get.library.by.name.ms,1738604760194000000,1738604819840000000,0
jps.app.storage.content.reader.load.component.ms,1738604760194000000,1738604819840000000,0
workspaceModel.mutableEntityStorage.replace.by.source.ms,1738604760194000000,1738604819840000000,0
jps.global.get.library.ms,1738604760194000000,1738604819840000000,0
workspaceModel.mutableEntityStorage.remove.entity.ms,1738604760194000000,1738604819840000000,0
workspaceModel.mutableEntityStorage.changeLog.addReplaceEventForRemovedChild.ms,1738604760194000000,1738604819840000000,0
workspaceModel.sync.entities.ms,1738604760194000000,1738604819840000000,0
workspaceModel.mutableEntityStorage.modify.entity.ms,1738604760194000000,1738604819840000000,0
workspaceModel.global.updates.count,1738604760194000000,1738604819840000000,0
workspaceModel.global.apply.state.to.project.ms,1738604760194000000,1738604819840000000,0
workspaceModel.moduleManagerBridge.load.module.ms,1738604760194000000,1738604819840000000,0
workspaceModel.mutableEntityStorage.entities.by.source.ms,1738604760194000000,1738604819840000000,0
workspaceModel.mutableEntityStorage.changeLog.addReplaceEventForRemovedParent.ms,1738604760194000000,1738604819840000000,0
jps.library.entities.serializer.load.entities.ms,1738604760194000000,1738604819840000000,0
workspaceModel.mutableEntityStorage.changeLog.addReplaceEventForNewParent.ms,1738604760194000000,1738604819840000000,0
jps.load.project.to.empty.storage.ms,1738604760194000000,1738604819840000000,0
VFS.contentStorage.recordsStoredCompressed,1738604760194000000,1738604819840000000,0
VFS.contentStorage.recordsReadSize,1738604760194000000,1738604819840000000,0
VFS.contentStorage.recordsUncompressedSize,1738604760194000000,1738604819840000000,0
VFS.fileChildByName,1738604760194000000,1738604819840000000,640
FileNameCache.totalMisses,1738604760194000000,1738604819840000000,0
VFS.contentStorage.recordsStoredSize,1738604760194000000,1738604819840000000,0
VFS.contentStorage.recordsDecompressionTimeUs,1738604760194000000,1738604819840000000,0
VFS.contentStorage.recordsReadDecompressed,1738604760194000000,1738604819840000000,0
VFS.contentStorage.recordsStored,1738604760194000000,1738604819840000000,0
VFS.invertedFileNameIndex.requests,1738604760194000000,1738604819840000000,0
VFS.contentStorage.recordsDeduplicated,1738604760194000000,1738604819840000000,0
FileNameCache.queries,1738604760194000000,1738604819840000000,0
VFS.fileByIdCache.hits,1738604760194000000,1738604819840000000,0
VFS.contentStorage.recordsRead,1738604760194000000,1738604819840000000,0
VFS.fileByIdCache.misses,1738604760194000000,1738604819840000000,0
JVM.totalDirectByteBuffersBytes,1738604760194000000,1738604819840000000,3251861
MEM.ramBytes,1738604760194000000,1738604819840000000,1207971840
JVM.totalCpuTimeMs,1738604760194000000,1738604819840000000,32110
JVM.threadCount,1738604760194000000,1738604819840000000,65
MEM.fileMappingsRamBytes,1738604760194000000,1738604819840000000,433188864
JVM.committedHeapBytes,1738604760194000000,1738604819840000000,298844160
JVM.usedHeapBytes,1738604760194000000,1738604819840000000,230034640
JVM.totalTimeToSafepointsMs,1738604760194000000,1738604819840000000,2
OS.loadAverage,1738604760194000000,1738604819840000000,2.14990234375
JVM.usedNativeBytes,1738604760194000000,1738604819840000000,320182848
JVM.totalBytesAllocated,1738604760194000000,1738604819840000000,360473648
JVM.maxHeapBytes,1738604760194000000,1738604819840000000,1572864000
MEM.ramMinusFileMappingsBytes,1738604760194000000,1738604819840000000,774438912
JVM.GC.collectionTimesMs,1738604760194000000,1738604819840000000,105
MEM.ramPlusSwapMinusFileMappingsBytes,1738604760194000000,1738604819840000000,774438912
JVM.newThreadsCount,1738604760194000000,1738604819840000000,0
JVM.totalSafepointCount,1738604760194000000,1738604819840000000,64
JVM.maxThreadCount,1738604760194000000,1738604819840000000,67
JVM.totalTimeAtSafepointsMs,1738604760194000000,1738604819840000000,110
JVM.GC.collections,1738604760194000000,1738604819840000000,8
Indexing.cache.totalCacheEvicted,1738604760194000000,1738604819840000000,0
Indexing.writer_0.totalTimeSpentWritingMs,1738604760194000000,1738604819840000000,0
Indexing.totalTimeIndexersSleptMs,1738604760194000000,1738604819840000000,0
Indexing.writer_3.totalTimeSpentWritingMs,1738604760194000000,1738604819840000000,0
Indexing.writer_2.totalTimeSpentWritingMs,1738604760194000000,1738604819840000000,0
Indexing.writer_1.totalTimeSpentWritingMs,1738604760194000000,1738604819840000000,0
Indexing.cache.totalCacheAccesses,1738604760194000000,1738604819840000000,0
Indexing.cache.totalCacheMisses,1738604760194000000,1738604819840000000,0
Indexing.writesQueuedMin,1738604760194000000,1738604819840000000,9223372036854775807
Indexing.writesQueuedMax,1738604760194000000,1738604819840000000,0
workspaceModel.workspaceFileIndexData.updateDirtyEntities.ms,1738604760194000000,1738604819840000000,0
workspaceModel.to.snapshot.ms,1738604760194000000,1738604819840000000,0
workspaceModel.loading.from.cache.ms,1738604760194000000,1738604819840000000,0
workspaceModel.workspaceFileIndexData.visitFileSets.ms,1738604760194000000,1738604819840000000,0
workspaceModel.check.recursive.update.ms,1738604760194000000,1738604819840000000,0
workspaceModel.entityStorageSnapshotImpl.instances.count,1738604760194000000,1738604819840000000,0
workspaceModel.cachedValueWithParameters.total.get.count,1738604760194000000,1738604819840000000,0
workspaceModel.workspaceFileIndexData.init.ms,1738604760194000000,1738604819840000000,0
workspaceModel.pre.handlers.ms,1738604760194000000,1738604819840000000,0
workspaceModel.loading.total.ms,1738604760194000000,1738604819840000000,0
workspaceModel.cachedValue.calculated.count,1738604760194000000,1738604819840000000,0
workspaceModel.init.bridges.ms,1738604760194000000,1738604819840000000,0
workspaceModel.workspaceFileIndexData.markDirty.ms,1738604760194000000,1738604819840000000,0
workspaceModel.cachedValueWithParameters.from.cache.count,1738604760194000000,1738604819840000000,0
workspaceModel.cachedValue.total.get.count,1738604760194000000,1738604819840000000,3
workspaceModel.on.before.changed.ms,1738604760194000000,1738604819840000000,0
workspaceModel.collect.changes.ms,1738604760194000000,1738604819840000000,0
workspaceModel.workspaceFileIndexData.getFileInfo.ms,1738604760194000000,1738604819840000000,0
workspaceModel.cachedValue.clear.count,1738604760194000000,1738604819840000000,0
workspaceModel.initializing.ms,1738604760194000000,1738604819840000000,0
workspaceModel.cachedValue.from.cache.count,1738604760194000000,1738604819840000000,3
workspaceModel.update.unloaded.entities.ms,1738604760194000000,1738604819840000000,0
workspaceModel.workspaceFileIndexData.getDirectoriesByPackageName.ms,1738604760194000000,1738604819840000000,0
workspaceModel.updates.ms,1738604760194000000,1738604819840000000,0
workspaceModel.on.changed.ms,1738604760194000000,1738604819840000000,0
workspaceModel.full.replace.project.model.ms,1738604760194000000,1738604819840000000,0
workspaceModel.workspaceFileIndexData.processFileSets.ms,1738604760194000000,1738604819840000000,0
workspaceModel.replace.project.model.ms,1738604760194000000,1738604819840000000,0
workspaceModel.updates.count,1738604760194000000,1738604819840000000,0
workspaceModel.cachedValueWithParameters.calculated.count,1738604760194000000,1738604819840000000,0
workspaceModel.workspaceFileIndexContributor.registerFileSets.ms,1738604760194000000,1738604819840000000,0
workspaceModel.cachedValueWithParameters.clear.count,1738604760194000000,1738604819840000000,0
workspaceModel.workspaceFileIndexData.onEntitiesChanged.ms,1738604760194000000,1738604819840000000,0
workspaceModel.updates.precise.ms,1738604760194000000,1738604819840000000,0
workspaceModel.workspaceFileIndexData.instances.count,1738604760194000000,1738604819840000000,0
workspaceModel.workspaceFileIndexData.getPackageName.ms,1738604760194000000,1738604819840000000,0
rdct.ThinClientDiagnosticsService.connectionState.O2Physi,1738604760194000000,1738604819840000000,3
rdct.CountingByteChannel.readBytesRate.project.1,1738604760194000000,1738604819840000000,257103
rdct.TransportWrapperImpl.receivedFrames.project.1,1738604760194000000,1738604819840000000,2389
rdct.CountingByteChannel.writeBytesRate.project.1,1738604760194000000,1738604819840000000,5846
rdct.TransportWrapperImpl.sentFramesLenRate.project.1,1738604760194000000,1738604819840000000,0
rdct.ThinClientDiagnosticsService.pingDirect.O2Physi,1738604760194000000,1738604819840000000,36
rdct.TransportWrapperImpl.receivedFramesLenRate.project.1,1738604760194000000,1738604819840000000,1476
rdct.ThinClientDiagnosticsService.pingUI.O2Physi,1738604760194000000,1738604819840000000,37
rdct.TransportWrapperImpl.connectionState.project.1,1738604760194000000,1738604819840000000,1
cacheStateStorage.set.duration,1738604819840000000,1738604879883000000,0
cacheStateStorage.set.counter,1738604819840000000,1738604879883000000,0
cacheStateStorage.get.duration,1738604819840000000,1738604879883000000,0
cacheStateStorage.get.counter,1738604819840000000,1738604879883000000,0
FilePageCache.pageLoadsAboveSizeThreshold,1738604819840000000,1738604879883000000,0
StreamlinedBlobStorage.recordsDeleted,1738604819840000000,1738604879883000000,0
FilePageCache.disposedBuffers,1738604819840000000,1738604879883000000,0
FilePageCache.pageLoads,1738604819840000000,1738604879883000000,0
FilePageCache.pageHits,1738604819840000000,1738604879883000000,0
DirectByteBufferAllocator.totalSizeOfBuffersAllocatedInBytes,1738604819840000000,1738604879883000000,1048576
FilePageCache.capacityInBytes,1738604819840000000,1738604879883000000,629145600
StorageLockContext.competingThreads.max,1738604819840000000,1738604879883000000,0
MappedFileStorage.totalTimeSpentOnMappingUs,1738604819840000000,1738604879883000000,447451
MappedFileStorage.totalBytesMapped,1738604819840000000,1738604879883000000,160432128
StorageLockContext.competingThreads.90P,1738604819840000000,1738604879883000000,0
StreamlinedBlobStorage.totalLiveRecordsCapacityBytes,1738604819840000000,1738604879883000000,0
StorageLockContext.competingThreads.avg,1738604819840000000,1738604879883000000,0.0
StreamlinedBlobStorage.recordsAllocated,1738604819840000000,1738604879883000000,0
FilePageCache.totalPageLoadsUs,1738604819840000000,1738604879883000000,0
DirectByteBufferAllocator.totalSizeOfBuffersCachedInBytes,1738604819840000000,1738604879883000000,0
FileChannelInterruptsRetryer.totalRetriedAttempts,1738604819840000000,1738604879883000000,0
MappedFileStorage.storages,1738604819840000000,1738604879883000000,5
FilePageCache.pageFastCacheHits,1738604819840000000,1738604879883000000,0
DirectByteBufferAllocator.disposed,1738604819840000000,1738604879883000000,0
DirectByteBufferAllocator.reclaimed,1738604819840000000,1738604879883000000,0
FilePageCache.uncachedFileAccess,1738604819840000000,1738604879883000000,0
FilePageCache.maxCacheSizeInBytes,1738604819840000000,1738604879883000000,1048576
StreamlinedBlobStorage.totalLiveRecordsPayloadBytes,1738604819840000000,1738604879883000000,0
DirectByteBufferAllocator.misses,1738604819840000000,1738604879883000000,0
MappedFileStorage.totalPagesMapped,1738604819840000000,1738604879883000000,5
DirectByteBufferAllocator.hits,1738604819840000000,1738604879883000000,0
FilePageCache.maxRegisteredFiles,1738604819840000000,1738604879883000000,3
StreamlinedBlobStorage.recordsRelocated,1738604819840000000,1738604879883000000,0
FilePageCache.totalPageDisposalsUs,1738604819840000000,1738604879883000000,0
DiskQueryRelay.taskWaitingTotalTimeUs,1738604819840000000,1738604879883000000,61309
writeAction.max.wait.ms,1738604819840000000,1738604879883000000,11
writeAction.wait.ms,1738604819840000000,1738604879883000000,0
DiskQueryRelay.tasksRequested,1738604819840000000,1738604879883000000,96
writeAction.count,1738604819840000000,1738604879883000000,0
DiskQueryRelay.tasksExecuted,1738604819840000000,1738604879883000000,96
writeAction.median.wait.ms,1738604819840000000,1738604879883000000,0
DiskQueryRelay.taskExecutionTotalTimeUs,1738604819840000000,1738604879883000000,6407
NonBlockingReadAction.finalizedExecutionsCount,1738604819840000000,1738604879883000000,80
FlushQueue.waitingTimeMaxNs,1738604819840000000,1738604879883000000,1114111
WriteAction.executionsCount,1738604819840000000,1738604879883000000,0
FlushQueue.executionTime90PNs,1738604819840000000,1738604879883000000,168959
NonBlockingReadAction.finalizedExecutionTimeUs,1738604819840000000,1738604879883000000,64993
AWTEventQueue.dispatchTime90PNs,1738604819840000000,1738604879883000000,688127
AWTEventQueue.dispatchTimeTotalNS,1738604819840000000,1738604879883000000,6462926160
FlushQueue.waitingTimeAvgNs,1738604819840000000,1738604879883000000,457036.0
NonBlockingReadAction.failedExecutionTimeUs,1738604819840000000,1738604879883000000,0
NonBlockingReadAction.failedExecutionsCount,1738604819840000000,1738604879883000000,0
ReadAction.executionsCount,1738604819840000000,1738604879883000000,37556
AWTEventQueue.dispatchTimeAvgNs,1738604819840000000,1738604879883000000,320042.6666666667
FlushQueue.executionTimeAvgNs,1738604819840000000,1738604879883000000,97824.0
AWTEventQueue.dispatchTimeMaxNs,1738604819840000000,1738604879883000000,688127
AWTEventQueue.eventsDispatched,1738604819840000000,1738604879883000000,9
FlushQueue.queueSizeMax,1738604819840000000,1738604879883000000,0
FlushQueue.tasksExecuted,1738604819840000000,1738604879883000000,8
FlushQueue.queueSize90P,1738604819840000000,1738604879883000000,0
FlushQueue.queueSizeAvg,1738604819840000000,1738604879883000000,0.0
FlushQueue.executionTimeMaxNs,1738604819840000000,1738604879883000000,168959
FlushQueue.waitingTime90PNs,1738604819840000000,1738604879883000000,1114111
jps.facet.change.listener.process.change.events.ms,1738604819840000000,1738604879883000000,0
workspaceModel.orphan.listener.update.ms,1738604819840000000,1738604879883000000,0
jps.module.dependency.index.workspace.model.listener.on.changed.ms,1738604819840000000,1738604879883000000,0
workspaceModel.mutableEntityStorage.mutable.ext.mapping.ms,1738604819840000000,1738604879883000000,0
jps.global.initialize.library.bridges.ms,1738604819840000000,1738604879883000000,0
jps.global.handle.before.change.events.ms,1738604819840000000,1738604879883000000,0
jps.project.serializers.load.ms,1738604819840000000,1738604879883000000,0
workspaceModel.mutableEntityStorage.collect.changes.ms,1738604819840000000,1738604879883000000,0
workspaceModel.mutableEntityStorage.referrers.ms,1738604819840000000,1738604879883000000,0
workspaceModel.global.apply.state.to.project.builder.ms,1738604819840000000,1738604879883000000,0
jps.apply.loaded.storage.ms,1738604819840000000,1738604879883000000,0
workspaceModel.mutableEntityStorage.resolve.ms,1738604819840000000,1738604879883000000,0
workspaceModel.load.cache.from.file.ms,1738604819840000000,1738604879883000000,0
workspaceModel.mutableEntityStorage.put.entity.ms,1738604819840000000,1738604879883000000,0
workspaceModel.moduleManagerBridge.load.all.modules.ms,1738604819840000000,1738604879883000000,0
workspaceModel.moduleManagerBridge.build.module.graph.ms,1738604819840000000,1738604879883000000,0
workspaceModel.mutableEntityStorage.entities.ms,1738604819840000000,1738604879883000000,0
workspaceModel.moduleManagerBridge.create.module.instance.ms,1738604819840000000,1738604879883000000,0
jps.save.changed.project.entities.ms,1738604819840000000,1738604879883000000,0
jps.artifact.entities.serializer.load.entities.ms,1738604819840000000,1738604879883000000,0
workspaceModel.mutableEntityStorage.add.entity.ms,1738604819840000000,1738604879883000000,0
workspaceModel.mutableEntityStorage.instances.count,1738604819840000000,1738604879883000000,0
workspaceModel.moduleManagerBridge.get.modules.ms,1738604819840000000,1738604879883000000,0
workspaceModel.mutableEntityStorage.has.same.entities.ms,1738604819840000000,1738604879883000000,0
jps.artifact.entities.serializer.save.entities.ms,1738604819840000000,1738604879883000000,0
jps.global.get.libraries.ms,1738604819840000000,1738604879883000000,0
jps.project.serializers.save.ms,1738604819840000000,1738604879883000000,0
workspaceModel.mutableEntityStorage.mutable.vfurl.index.ms,1738604819840000000,1738604879883000000,0
jps.storage.jps.conf.reader.load.component.ms,1738604819840000000,1738604879883000000,0
workspaceModel.moduleManagerBridge.new.nonPersistent.module.ms,1738604819840000000,1738604879883000000,0
jps.global.initialize.library.bridges.after.loading.ms,1738604819840000000,1738604879883000000,0
workspaceModel.save.cache.to.file.ms,1738604819840000000,1738604879883000000,0
workspaceModel.global.updates.ms,1738604819840000000,1738604879883000000,0
workspaceModel.mutableEntityStorage.apply.changes.from.ms,1738604819840000000,1738604879883000000,0
workspaceModel.delayed.project.synchronizer.sync.ms,1738604819840000000,1738604879883000000,0
jps.facet.change.listener.init.bridge.ms,1738604819840000000,1738604879883000000,0
jps.load.initial.state.ms,1738604819840000000,1738604879883000000,0
workspaceModel.do.save.caches.ms,1738604819840000000,1738604879883000000,0
jps.library.entities.serializer.save.entities.ms,1738604819840000000,1738604879883000000,0
workspaceModel.load.cache.metadata.from.file.ms,1738604819840000000,1738604879883000000,0
jps.facet.change.listener.before.change.events.ms,1738604819840000000,1738604879883000000,0
jps.global.handle.changed.events.ms,1738604819840000000,1738604879883000000,0
workspaceModel.moduleManagerBridge.set.unloadedModules.ms,1738604819840000000,1738604879883000000,0
workspaceModel.mutableEntityStorage.to.snapshot.ms,1738604819840000000,1738604879883000000,0
jps.reload.project.entities.ms,1738604819840000000,1738604879883000000,0
jps.save.global.entities.ms,1738604819840000000,1738604879883000000,0
workspaceModel.moduleBridgeLoader.loading.modules.ms,1738604819840000000,1738604879883000000,0
workspaceModel.mutableEntityStorage.changeLog.addReplaceEventForNewChild.ms,1738604819840000000,1738604879883000000,0
workspaceModel.moduleManagerBridge.newModule.ms,1738604819840000000,1738604879883000000,0
jps.global.get.library.by.name.ms,1738604819840000000,1738604879883000000,0
jps.app.storage.content.reader.load.component.ms,1738604819840000000,1738604879883000000,0
workspaceModel.mutableEntityStorage.replace.by.source.ms,1738604819840000000,1738604879883000000,0
jps.global.get.library.ms,1738604819840000000,1738604879883000000,0
workspaceModel.mutableEntityStorage.remove.entity.ms,1738604819840000000,1738604879883000000,0
workspaceModel.mutableEntityStorage.changeLog.addReplaceEventForRemovedChild.ms,1738604819840000000,1738604879883000000,0
workspaceModel.sync.entities.ms,1738604819840000000,1738604879883000000,0
workspaceModel.mutableEntityStorage.modify.entity.ms,1738604819840000000,1738604879883000000,0
workspaceModel.global.updates.count,1738604819840000000,1738604879883000000,0
workspaceModel.global.apply.state.to.project.ms,1738604819840000000,1738604879883000000,0
workspaceModel.moduleManagerBridge.load.module.ms,1738604819840000000,1738604879883000000,0
workspaceModel.mutableEntityStorage.entities.by.source.ms,1738604819840000000,1738604879883000000,0
workspaceModel.mutableEntityStorage.changeLog.addReplaceEventForRemovedParent.ms,1738604819840000000,1738604879883000000,0
jps.library.entities.serializer.load.entities.ms,1738604819840000000,1738604879883000000,0
workspaceModel.mutableEntityStorage.changeLog.addReplaceEventForNewParent.ms,1738604819840000000,1738604879883000000,0
jps.load.project.to.empty.storage.ms,1738604819840000000,1738604879883000000,0
VFS.contentStorage.recordsStoredCompressed,1738604819840000000,1738604879883000000,0
VFS.contentStorage.recordsReadSize,1738604819840000000,1738604879883000000,0
VFS.contentStorage.recordsUncompressedSize,1738604819840000000,1738604879883000000,0
VFS.fileChildByName,1738604819840000000,1738604879883000000,1536
FileNameCache.totalMisses,1738604819840000000,1738604879883000000,0
VFS.contentStorage.recordsStoredSize,1738604819840000000,1738604879883000000,0
VFS.contentStorage.recordsDecompressionTimeUs,1738604819840000000,1738604879883000000,0
VFS.contentStorage.recordsReadDecompressed,1738604819840000000,1738604879883000000,0
VFS.contentStorage.recordsStored,1738604819840000000,1738604879883000000,0
VFS.invertedFileNameIndex.requests,1738604819840000000,1738604879883000000,0
VFS.contentStorage.recordsDeduplicated,1738604819840000000,1738604879883000000,0
FileNameCache.queries,1738604819840000000,1738604879883000000,0
VFS.fileByIdCache.hits,1738604819840000000,1738604879883000000,0
VFS.contentStorage.recordsRead,1738604819840000000,1738604879883000000,0
VFS.fileByIdCache.misses,1738604819840000000,1738604879883000000,0
JVM.totalDirectByteBuffersBytes,1738604819840000000,1738604879883000000,3251861
MEM.ramBytes,1738604819840000000,1738604879883000000,1227141120
JVM.totalCpuTimeMs,1738604819840000000,1738604879883000000,32370
JVM.threadCount,1738604819840000000,1738604879883000000,61
MEM.fileMappingsRamBytes,1738604819840000000,1738604879883000000,435568640
JVM.committedHeapBytes,1738604819840000000,1738604879883000000,298844160
JVM.usedHeapBytes,1738604819840000000,1738604879883000000,243263888
JVM.totalTimeToSafepointsMs,1738604819840000000,1738604879883000000,1
OS.loadAverage,1738604819840000000,1738604879883000000,2.11474609375
JVM.usedNativeBytes,1738604819840000000,1738604879883000000,331371368
JVM.totalBytesAllocated,1738604819840000000,1738604879883000000,422695936
JVM.maxHeapBytes,1738604819840000000,1738604879883000000,1572864000
MEM.ramMinusFileMappingsBytes,1738604819840000000,1738604879883000000,791228416
JVM.GC.collectionTimesMs,1738604819840000000,1738604879883000000,83
MEM.ramPlusSwapMinusFileMappingsBytes,1738604819840000000,1738604879883000000,791228416
JVM.newThreadsCount,1738604819840000000,1738604879883000000,1
JVM.totalSafepointCount,1738604819840000000,1738604879883000000,54
JVM.maxThreadCount,1738604819840000000,1738604879883000000,67
JVM.totalTimeAtSafepointsMs,1738604819840000000,1738604879883000000,86
JVM.GC.collections,1738604819840000000,1738604879883000000,6
Indexing.cache.totalCacheEvicted,1738604819840000000,1738604879883000000,0
Indexing.writer_0.totalTimeSpentWritingMs,1738604819840000000,1738604879883000000,0
Indexing.totalTimeIndexersSleptMs,1738604819840000000,1738604879883000000,0
Indexing.writesQueuedAvg,1738604819840000000,1738604879883000000,0.0
Indexing.writer_3.totalTimeSpentWritingMs,1738604819840000000,1738604879883000000,0
Indexing.writer_2.totalTimeSpentWritingMs,1738604819840000000,1738604879883000000,0
Indexing.writer_1.totalTimeSpentWritingMs,1738604819840000000,1738604879883000000,0
Indexing.cache.totalCacheAccesses,1738604819840000000,1738604879883000000,0
Indexing.cache.totalCacheMisses,1738604819840000000,1738604879883000000,0
Indexing.writesQueuedMin,1738604819840000000,1738604879883000000,0
Indexing.writesQueuedMax,1738604819840000000,1738604879883000000,0
workspaceModel.workspaceFileIndexData.updateDirtyEntities.ms,1738604819840000000,1738604879883000000,0
workspaceModel.to.snapshot.ms,1738604819840000000,1738604879883000000,0
workspaceModel.loading.from.cache.ms,1738604819840000000,1738604879883000000,0
workspaceModel.workspaceFileIndexData.visitFileSets.ms,1738604819840000000,1738604879883000000,0
workspaceModel.check.recursive.update.ms,1738604819840000000,1738604879883000000,0
workspaceModel.entityStorageSnapshotImpl.instances.count,1738604819840000000,1738604879883000000,0
workspaceModel.cachedValueWithParameters.total.get.count,1738604819840000000,1738604879883000000,0
workspaceModel.workspaceFileIndexData.init.ms,1738604819840000000,1738604879883000000,0
workspaceModel.pre.handlers.ms,1738604819840000000,1738604879883000000,0
workspaceModel.loading.total.ms,1738604819840000000,1738604879883000000,0
workspaceModel.cachedValue.calculated.count,1738604819840000000,1738604879883000000,0
workspaceModel.init.bridges.ms,1738604819840000000,1738604879883000000,0
workspaceModel.workspaceFileIndexData.markDirty.ms,1738604819840000000,1738604879883000000,0
workspaceModel.cachedValueWithParameters.from.cache.count,1738604819840000000,1738604879883000000,0
workspaceModel.cachedValue.total.get.count,1738604819840000000,1738604879883000000,0
workspaceModel.on.before.changed.ms,1738604819840000000,1738604879883000000,0
workspaceModel.collect.changes.ms,1738604819840000000,1738604879883000000,0
workspaceModel.workspaceFileIndexData.getFileInfo.ms,1738604819840000000,1738604879883000000,0
workspaceModel.cachedValue.clear.count,1738604819840000000,1738604879883000000,0
workspaceModel.initializing.ms,1738604819840000000,1738604879883000000,0
workspaceModel.cachedValue.from.cache.count,1738604819840000000,1738604879883000000,0
workspaceModel.update.unloaded.entities.ms,1738604819840000000,1738604879883000000,0
workspaceModel.workspaceFileIndexData.getDirectoriesByPackageName.ms,1738604819840000000,1738604879883000000,0
workspaceModel.updates.ms,1738604819840000000,1738604879883000000,0
workspaceModel.on.changed.ms,1738604819840000000,1738604879883000000,0
workspaceModel.full.replace.project.model.ms,1738604819840000000,1738604879883000000,0
workspaceModel.workspaceFileIndexData.processFileSets.ms,1738604819840000000,1738604879883000000,0
workspaceModel.replace.project.model.ms,1738604819840000000,1738604879883000000,0
workspaceModel.updates.count,1738604819840000000,1738604879883000000,0
workspaceModel.cachedValueWithParameters.calculated.count,1738604819840000000,1738604879883000000,0
workspaceModel.workspaceFileIndexContributor.registerFileSets.ms,1738604819840000000,1738604879883000000,0
workspaceModel.cachedValueWithParameters.clear.count,1738604819840000000,1738604879883000000,0
workspaceModel.workspaceFileIndexData.onEntitiesChanged.ms,1738604819840000000,1738604879883000000,0
workspaceModel.updates.precise.ms,1738604819840000000,1738604879883000000,0
workspaceModel.workspaceFileIndexData.instances.count,1738604819840000000,1738604879883000000,0
workspaceModel.workspaceFileIndexData.getPackageName.ms,1738604819840000000,1738604879883000000,0
rdct.ThinClientDiagnosticsService.connectionState.O2Physi,1738604819840000000,1738604879883000000,3
rdct.CountingByteChannel.readBytesRate.project.1,1738604819840000000,1738604879883000000,306038
rdct.TransportWrapperImpl.receivedFrames.project.1,1738604819840000000,1738604879883000000,2574
rdct.CountingByteChannel.writeBytesRate.project.1,1738604819840000000,1738604879883000000,12261
rdct.TransportWrapperImpl.sentFramesLenRate.project.1,1738604819840000000,1738604879883000000,0
rdct.ThinClientDiagnosticsService.pingDirect.O2Physi,1738604819840000000,1738604879883000000,54
rdct.TransportWrapperImpl.receivedFramesLenRate.project.1,1738604819840000000,1738604879883000000,1476
rdct.ThinClientDiagnosticsService.pingUI.O2Physi,1738604819840000000,1738604879883000000,60
rdct.TransportWrapperImpl.connectionState.project.1,1738604819840000000,1738604879883000000,1
cacheStateStorage.set.duration,1738604879883000000,1738604903791000000,5
cacheStateStorage.set.counter,1738604879883000000,1738604903791000000,6
cacheStateStorage.get.duration,1738604879883000000,1738604903791000000,0
cacheStateStorage.get.counter,1738604879883000000,1738604903791000000,0
FilePageCache.pageLoadsAboveSizeThreshold,1738604879883000000,1738604903791000000,0
FilePageCache.disposedBuffers,1738604879883000000,1738604903791000000,1
FilePageCache.pageLoads,1738604879883000000,1738604903791000000,0
FilePageCache.pageHits,1738604879883000000,1738604903791000000,0
DirectByteBufferAllocator.totalSizeOfBuffersAllocatedInBytes,1738604879883000000,1738604903791000000,1048576
FilePageCache.capacityInBytes,1738604879883000000,1738604903791000000,629145600
StorageLockContext.competingThreads.max,1738604879883000000,1738604903791000000,0
StorageLockContext.competingThreads.90P,1738604879883000000,1738604903791000000,0
StorageLockContext.competingThreads.avg,1738604879883000000,1738604903791000000,0.0
FilePageCache.totalPageLoadsUs,1738604879883000000,1738604903791000000,0
DirectByteBufferAllocator.totalSizeOfBuffersCachedInBytes,1738604879883000000,1738604903791000000,1048576
FileChannelInterruptsRetryer.totalRetriedAttempts,1738604879883000000,1738604903791000000,0
FilePageCache.pageFastCacheHits,1738604879883000000,1738604903791000000,0
DirectByteBufferAllocator.disposed,1738604879883000000,1738604903791000000,0
DirectByteBufferAllocator.reclaimed,1738604879883000000,1738604903791000000,1
FilePageCache.uncachedFileAccess,1738604879883000000,1738604903791000000,0
FilePageCache.maxCacheSizeInBytes,1738604879883000000,1738604903791000000,1048576
DirectByteBufferAllocator.misses,1738604879883000000,1738604903791000000,0
DirectByteBufferAllocator.hits,1738604879883000000,1738604903791000000,0
FilePageCache.maxRegisteredFiles,1738604879883000000,1738604903791000000,3
FilePageCache.totalPageDisposalsUs,1738604879883000000,1738604903791000000,0
DiskQueryRelay.taskWaitingTotalTimeUs,1738604879883000000,1738604903791000000,19829
writeAction.max.wait.ms,1738604879883000000,1738604903791000000,11
writeAction.wait.ms,1738604879883000000,1738604903791000000,0
DiskQueryRelay.tasksRequested,1738604879883000000,1738604903791000000,57
writeAction.count,1738604879883000000,1738604903791000000,20
DiskQueryRelay.tasksExecuted,1738604879883000000,1738604903791000000,57
writeAction.median.wait.ms,1738604879883000000,1738604903791000000,0
DiskQueryRelay.taskExecutionTotalTimeUs,1738604879883000000,1738604903791000000,5708
NonBlockingReadAction.finalizedExecutionsCount,1738604879883000000,1738604903791000000,4
NonBlockingReadAction.finalizedExecutionTimeUs,1738604879883000000,1738604903791000000,57836
AWTEventQueue.dispatchTimeTotalNS,1738604879883000000,1738604903791000000,1528213532
NonBlockingReadAction.failedExecutionTimeUs,1738604879883000000,1738604903791000000,0
NonBlockingReadAction.failedExecutionsCount,1738604879883000000,1738604903791000000,0
jps.facet.change.listener.process.change.events.ms,1738604879883000000,1738604903791000000,0
workspaceModel.orphan.listener.update.ms,1738604879883000000,1738604903791000000,0
jps.module.dependency.index.workspace.model.listener.on.changed.ms,1738604879883000000,1738604903791000000,0
workspaceModel.mutableEntityStorage.mutable.ext.mapping.ms,1738604879883000000,1738604903791000000,0
jps.global.initialize.library.bridges.ms,1738604879883000000,1738604903791000000,0
jps.global.handle.before.change.events.ms,1738604879883000000,1738604903791000000,0
jps.project.serializers.load.ms,1738604879883000000,1738604903791000000,0
workspaceModel.mutableEntityStorage.collect.changes.ms,1738604879883000000,1738604903791000000,0
workspaceModel.mutableEntityStorage.referrers.ms,1738604879883000000,1738604903791000000,0
workspaceModel.global.apply.state.to.project.builder.ms,1738604879883000000,1738604903791000000,0
jps.apply.loaded.storage.ms,1738604879883000000,1738604903791000000,0
workspaceModel.mutableEntityStorage.resolve.ms,1738604879883000000,1738604903791000000,0
workspaceModel.load.cache.from.file.ms,1738604879883000000,1738604903791000000,0
workspaceModel.mutableEntityStorage.put.entity.ms,1738604879883000000,1738604903791000000,0
workspaceModel.moduleManagerBridge.load.all.modules.ms,1738604879883000000,1738604903791000000,0
workspaceModel.moduleManagerBridge.build.module.graph.ms,1738604879883000000,1738604903791000000,0
workspaceModel.mutableEntityStorage.entities.ms,1738604879883000000,1738604903791000000,0
workspaceModel.moduleManagerBridge.create.module.instance.ms,1738604879883000000,1738604903791000000,0
jps.save.changed.project.entities.ms,1738604879883000000,1738604903791000000,3
jps.artifact.entities.serializer.load.entities.ms,1738604879883000000,1738604903791000000,0
workspaceModel.mutableEntityStorage.add.entity.ms,1738604879883000000,1738604903791000000,0
workspaceModel.mutableEntityStorage.instances.count,1738604879883000000,1738604903791000000,0
workspaceModel.moduleManagerBridge.get.modules.ms,1738604879883000000,1738604903791000000,0
workspaceModel.mutableEntityStorage.has.same.entities.ms,1738604879883000000,1738604903791000000,0
jps.artifact.entities.serializer.save.entities.ms,1738604879883000000,1738604903791000000,0
jps.global.get.libraries.ms,1738604879883000000,1738604903791000000,0
jps.project.serializers.save.ms,1738604879883000000,1738604903791000000,3
workspaceModel.mutableEntityStorage.mutable.vfurl.index.ms,1738604879883000000,1738604903791000000,0
jps.storage.jps.conf.reader.load.component.ms,1738604879883000000,1738604903791000000,0
workspaceModel.moduleManagerBridge.new.nonPersistent.module.ms,1738604879883000000,1738604903791000000,0
jps.global.initialize.library.bridges.after.loading.ms,1738604879883000000,1738604903791000000,0
workspaceModel.save.cache.to.file.ms,1738604879883000000,1738604903791000000,0
workspaceModel.global.updates.ms,1738604879883000000,1738604903791000000,0
workspaceModel.mutableEntityStorage.apply.changes.from.ms,1738604879883000000,1738604903791000000,0
workspaceModel.delayed.project.synchronizer.sync.ms,1738604879883000000,1738604903791000000,0
jps.facet.change.listener.init.bridge.ms,1738604879883000000,1738604903791000000,0
jps.load.initial.state.ms,1738604879883000000,1738604903791000000,0
workspaceModel.do.save.caches.ms,1738604879883000000,1738604903791000000,0
jps.library.entities.serializer.save.entities.ms,1738604879883000000,1738604903791000000,0
workspaceModel.load.cache.metadata.from.file.ms,1738604879883000000,1738604903791000000,0
jps.facet.change.listener.before.change.events.ms,1738604879883000000,1738604903791000000,0
jps.global.handle.changed.events.ms,1738604879883000000,1738604903791000000,0
workspaceModel.moduleManagerBridge.set.unloadedModules.ms,1738604879883000000,1738604903791000000,0
workspaceModel.mutableEntityStorage.to.snapshot.ms,1738604879883000000,1738604903791000000,0
jps.reload.project.entities.ms,1738604879883000000,1738604903791000000,0
jps.app.storage.content.writer.save.component.ms,1738604879883000000,1738604903791000000,1
jps.save.global.entities.ms,1738604879883000000,1738604903791000000,4
workspaceModel.moduleBridgeLoader.loading.modules.ms,1738604879883000000,1738604903791000000,0
workspaceModel.mutableEntityStorage.changeLog.addReplaceEventForNewChild.ms,1738604879883000000,1738604903791000000,0
workspaceModel.moduleManagerBridge.newModule.ms,1738604879883000000,1738604903791000000,0
jps.global.get.library.by.name.ms,1738604879883000000,1738604903791000000,0
jps.app.storage.content.reader.load.component.ms,1738604879883000000,1738604903791000000,0
workspaceModel.mutableEntityStorage.replace.by.source.ms,1738604879883000000,1738604903791000000,0
jps.global.get.library.ms,1738604879883000000,1738604903791000000,0
workspaceModel.mutableEntityStorage.remove.entity.ms,1738604879883000000,1738604903791000000,0
workspaceModel.mutableEntityStorage.changeLog.addReplaceEventForRemovedChild.ms,1738604879883000000,1738604903791000000,0
workspaceModel.sync.entities.ms,1738604879883000000,1738604903791000000,0
workspaceModel.mutableEntityStorage.modify.entity.ms,1738604879883000000,1738604903791000000,0
workspaceModel.global.updates.count,1738604879883000000,1738604903791000000,0
workspaceModel.global.apply.state.to.project.ms,1738604879883000000,1738604903791000000,0
workspaceModel.moduleManagerBridge.load.module.ms,1738604879883000000,1738604903791000000,0
workspaceModel.mutableEntityStorage.entities.by.source.ms,1738604879883000000,1738604903791000000,0
workspaceModel.mutableEntityStorage.changeLog.addReplaceEventForRemovedParent.ms,1738604879883000000,1738604903791000000,0
jps.library.entities.serializer.load.entities.ms,1738604879883000000,1738604903791000000,0
workspaceModel.mutableEntityStorage.changeLog.addReplaceEventForNewParent.ms,1738604879883000000,1738604903791000000,0
jps.load.project.to.empty.storage.ms,1738604879883000000,1738604903791000000,0
VFS.fileChildByName,1738604879883000000,1738604903791000000,47
VFS.invertedFileNameIndex.requests,1738604879883000000,1738604903791000000,0
VFS.fileByIdCache.hits,1738604879883000000,1738604903791000000,4
VFS.fileByIdCache.misses,1738604879883000000,1738604903791000000,0
JVM.totalDirectByteBuffersBytes,1738604879883000000,1738604903791000000,2687593
MEM.ramBytes,1738604879883000000,1738604903791000000,1243815936
JVM.totalCpuTimeMs,1738604879883000000,1738604903791000000,14340
JVM.threadCount,1738604879883000000,1738604903791000000,49
MEM.fileMappingsRamBytes,1738604879883000000,1738604903791000000,438915072
JVM.committedHeapBytes,1738604879883000000,1738604903791000000,298844160
JVM.usedHeapBytes,1738604879883000000,1738604903791000000,218700920
JVM.totalTimeToSafepointsMs,1738604879883000000,1738604903791000000,1
OS.loadAverage,1738604879883000000,1738604903791000000,2.4970703125
JVM.usedNativeBytes,1738604879883000000,1738604903791000000,340627456
JVM.totalBytesAllocated,1738604879883000000,1738604903791000000,157009624
JVM.maxHeapBytes,1738604879883000000,1738604903791000000,1572864000
MEM.ramMinusFileMappingsBytes,1738604879883000000,1738604903791000000,804368384
JVM.GC.collectionTimesMs,1738604879883000000,1738604903791000000,64
MEM.ramPlusSwapMinusFileMappingsBytes,1738604879883000000,1738604903791000000,804368384
JVM.newThreadsCount,1738604879883000000,1738604903791000000,39
JVM.totalSafepointCount,1738604879883000000,1738604903791000000,18
JVM.maxThreadCount,1738604879883000000,1738604903791000000,72
JVM.totalTimeAtSafepointsMs,1738604879883000000,1738604903791000000,65
JVM.GC.collections,1738604879883000000,1738604903791000000,4
Indexing.cache.totalCacheEvicted,1738604879883000000,1738604903791000000,0
Indexing.writer_0.totalTimeSpentWritingMs,1738604879883000000,1738604903791000000,0
Indexing.totalTimeIndexersSleptMs,1738604879883000000,1738604903791000000,0
Indexing.writesQueuedAvg,1738604879883000000,1738604903791000000,0.0
Indexing.writer_3.totalTimeSpentWritingMs,1738604879883000000,1738604903791000000,0
Indexing.writer_2.totalTimeSpentWritingMs,1738604879883000000,1738604903791000000,0
Indexing.writer_1.totalTimeSpentWritingMs,1738604879883000000,1738604903791000000,0
Indexing.cache.totalCacheAccesses,1738604879883000000,1738604903791000000,0
Indexing.cache.totalCacheMisses,1738604879883000000,1738604903791000000,0
Indexing.writesQueuedMin,1738604879883000000,1738604903791000000,0
Indexing.writesQueuedMax,1738604879883000000,1738604903791000000,0
workspaceModel.workspaceFileIndexData.updateDirtyEntities.ms,1738604879883000000,1738604903791000000,0
workspaceModel.to.snapshot.ms,1738604879883000000,1738604903791000000,0
workspaceModel.loading.from.cache.ms,1738604879883000000,1738604903791000000,0
workspaceModel.workspaceFileIndexData.visitFileSets.ms,1738604879883000000,1738604903791000000,0
workspaceModel.check.recursive.update.ms,1738604879883000000,1738604903791000000,0
workspaceModel.entityStorageSnapshotImpl.instances.count,1738604879883000000,1738604903791000000,0
workspaceModel.cachedValueWithParameters.total.get.count,1738604879883000000,1738604903791000000,0
workspaceModel.workspaceFileIndexData.init.ms,1738604879883000000,1738604903791000000,0
workspaceModel.pre.handlers.ms,1738604879883000000,1738604903791000000,0
workspaceModel.loading.total.ms,1738604879883000000,1738604903791000000,0
workspaceModel.cachedValue.calculated.count,1738604879883000000,1738604903791000000,1
workspaceModel.init.bridges.ms,1738604879883000000,1738604903791000000,0
workspaceModel.workspaceFileIndexData.markDirty.ms,1738604879883000000,1738604903791000000,0
workspaceModel.cachedValueWithParameters.from.cache.count,1738604879883000000,1738604903791000000,0
workspaceModel.cachedValue.total.get.count,1738604879883000000,1738604903791000000,2
workspaceModel.on.before.changed.ms,1738604879883000000,1738604903791000000,0
workspaceModel.collect.changes.ms,1738604879883000000,1738604903791000000,0
workspaceModel.workspaceFileIndexData.getFileInfo.ms,1738604879883000000,1738604903791000000,1
workspaceModel.cachedValue.clear.count,1738604879883000000,1738604903791000000,0
workspaceModel.initializing.ms,1738604879883000000,1738604903791000000,0
workspaceModel.cachedValue.from.cache.count,1738604879883000000,1738604903791000000,1
workspaceModel.update.unloaded.entities.ms,1738604879883000000,1738604903791000000,0
workspaceModel.workspaceFileIndexData.getDirectoriesByPackageName.ms,1738604879883000000,1738604903791000000,0
workspaceModel.updates.ms,1738604879883000000,1738604903791000000,0
workspaceModel.on.changed.ms,1738604879883000000,1738604903791000000,0
workspaceModel.full.replace.project.model.ms,1738604879883000000,1738604903791000000,0
workspaceModel.workspaceFileIndexData.processFileSets.ms,1738604879883000000,1738604903791000000,0
workspaceModel.replace.project.model.ms,1738604879883000000,1738604903791000000,0
workspaceModel.updates.count,1738604879883000000,1738604903791000000,0
workspaceModel.cachedValueWithParameters.calculated.count,1738604879883000000,1738604903791000000,0
workspaceModel.workspaceFileIndexContributor.registerFileSets.ms,1738604879883000000,1738604903791000000,0
workspaceModel.cachedValueWithParameters.clear.count,1738604879883000000,1738604903791000000,0
workspaceModel.workspaceFileIndexData.onEntitiesChanged.ms,1738604879883000000,1738604903791000000,0
workspaceModel.updates.precise.ms,1738604879883000000,1738604903791000000,0
workspaceModel.workspaceFileIndexData.instances.count,1738604879883000000,1738604903791000000,0
workspaceModel.workspaceFileIndexData.getPackageName.ms,1738604879883000000,1738604903791000000,0
rdct.CountingByteChannel.readBytesRate.project.1,1738604879883000000,1738604903791000000,66511
rdct.TransportWrapperImpl.receivedFrames.project.1,1738604879883000000,1738604903791000000,703
rdct.CountingByteChannel.writeBytesRate.project.1,1738604879883000000,1738604903791000000,1050
