# OpenTelemetry Metrics report: .csv, 4 fields: 
# <metric name>, <period start, nanoseconds>, <period end, nanoseconds>, <metric value>
# See CsvMetricsExporter for details.
# 
# NAME, PERIOD_START_NANOS, PERIOD_END_NANOS, VALUE
lux.LuxRendererStatistics.LxClipStateChange.size,1738601045880000000,1738601106994000000,304
lux.LuxRendererStatistics.LxCacheableImage.calls,1738601045880000000,1738601106994000000,8
lux.LuxRendererStatistics.LxDrawShapeCommand.calls,1738601045880000000,1738601106994000000,6
lux.LuxRendererStatistics.LxPathShape.calls,1738601045880000000,1738601106994000000,15
lux.LuxRendererStatistics.LxCachedImage.size,1738601045880000000,1738601106994000000,25
lux.LuxRendererStatistics.LxRectShape.size,1738601045880000000,1738601106994000000,516
lux.LuxRendererStatistics.LxClipStateChange.calls,1738601045880000000,1738601106994000000,76
lux.LuxRendererStatistics.LxEllipseShape.size,1738601045880000000,1738601106994000000,48
lux.LuxRendererStatistics.LxFontStateChange.calls,1738601045880000000,1738601106994000000,17
lux.LuxRendererStatistics.State_Changes.size,1738601045880000000,1738601106994000000,1352
lux.LuxRendererStatistics.LxPaintStateChange.size,1738601045880000000,1738601106994000000,130
lux.LuxRendererStatistics.Operation_batch_flushes.calls,1738601045880000000,1738601106994000000,23
lux.LuxRendererStatistics.LxRoundRectShape.calls,1738601045880000000,1738601106994000000,27
lux.LuxRendererStatistics.LxRoundRectShape.size,1738601045880000000,1738601106994000000,162
lux.LuxRendererStatistics.LxTransformStateChange.size,1738601045880000000,1738601106994000000,834
lux.LuxRendererStatistics.LxFontStateChange.size,1738601045880000000,1738601106994000000,17
lux.LuxRendererStatistics.LxPaintStateChange.calls,1738601045880000000,1738601106994000000,130
lux.LuxRendererStatistics.LxCachedImage.calls,1738601045880000000,1738601106994000000,25
lux.LuxRendererStatistics.LxAliasingStateChange.size,1738601045880000000,1738601106994000000,66
lux.LuxRendererStatistics.LxBackgroundColorStateChange.size,1738601045880000000,1738601106994000000,1
lux.LuxRendererStatistics.LxFillShapeCommand.size,1738601045880000000,1738601106994000000,2201
lux.LuxRendererStatistics.LxDrawImageCommand.size,1738601045880000000,1738601106994000000,675
lux.LuxRendererStatistics.LxDrawShapeCommand.size,1738601045880000000,1738601106994000000,24
lux.LuxRendererStatistics.LxRectShape.calls,1738601045880000000,1738601106994000000,129
lux.LuxRendererStatistics.LxEllipseShape.calls,1738601045880000000,1738601106994000000,12
lux.LuxRendererStatistics.LxAliasingStateChange.calls,1738601045880000000,1738601106994000000,66
lux.LuxRendererStatistics.Draw_Commands_List.calls,1738601045880000000,1738601106994000000,193
lux.LuxRendererStatistics.Operation_batch_flushes.size,1738601045880000000,1738601106994000000,193
lux.LuxRendererStatistics.LxDrawTextCommand.calls,1738601045880000000,1738601106994000000,53
lux.LuxRendererStatistics.LxBackgroundColorStateChange.calls,1738601045880000000,1738601106994000000,1
lux.LuxRendererStatistics.LxCacheableImage.size,1738601045880000000,1738601106994000000,650
lux.LuxRendererStatistics.LxFillShapeCommand.calls,1738601045880000000,1738601106994000000,101
lux.LuxRendererStatistics.LxPathShape.size,1738601045880000000,1738601106994000000,1803
lux.LuxRendererStatistics.LxDrawTextCommand.size,1738601045880000000,1738601106994000000,1043
lux.LuxRendererStatistics.Draw_Commands_List.size,1738601045880000000,1738601106994000000,5295
lux.LuxRendererStatistics.LxDrawImageCommand.calls,1738601045880000000,1738601106994000000,33
lux.LuxRendererStatistics.State_Changes.calls,1738601045880000000,1738601106994000000,429
lux.LuxRendererStatistics.LxTransformStateChange.calls,1738601045880000000,1738601106994000000,139
DiskQueryRelay.tasksExecuted,1738601045880000000,1738601106994000000,0
DiskQueryRelay.taskWaitingTotalTimeUs,1738601045880000000,1738601106994000000,0
DiskQueryRelay.taskExecutionTotalTimeUs,1738601045880000000,1738601106994000000,0
DiskQueryRelay.tasksRequested,1738601045880000000,1738601106994000000,0
cacheStateStorage.set.duration,1738601045880000000,1738601106994000000,10
cacheStateStorage.set.counter,1738601045880000000,1738601106994000000,1
cacheStateStorage.get.duration,1738601045880000000,1738601106994000000,0
cacheStateStorage.get.counter,1738601045880000000,1738601106994000000,6
rdct.CountingByteChannel.readBytesRate.project.1,1738601045880000000,1738601106994000000,1396365
rdct.TransportWrapperImpl.receivedFrames.project.1,1738601045880000000,1738601106994000000,213
rdct.TransportWrapperImpl.receivedFramesLenRate.project.1,1738601045880000000,1738601106994000000,0
rdct.TransportWrapperImpl.sentFramesLenRate.project.1,1738601045880000000,1738601106994000000,0
rdct.CountingByteChannel.writeBytesRate.project.1,1738601045880000000,1738601106994000000,31547
rdct.TransportWrapperImpl.connectionState.project.1,1738601045880000000,1738601106994000000,1
Indexing.cache.totalCacheEvicted,1738601045880000000,1738601106994000000,0
Indexing.cache.totalCacheAccesses,1738601045880000000,1738601106994000000,0
Indexing.writer_1.totalTimeSpentWritingMs,1738601045880000000,1738601106994000000,0
Indexing.writer_0.totalTimeSpentWritingMs,1738601045880000000,1738601106994000000,0
Indexing.writesQueuedMax,1738601045880000000,1738601106994000000,0
Indexing.writer_2.totalTimeSpentWritingMs,1738601045880000000,1738601106994000000,0
Indexing.writesQueuedMin,1738601045880000000,1738601106994000000,9223372036854775807
Indexing.totalTimeIndexersSleptMs,1738601045880000000,1738601106994000000,0
Indexing.writer_3.totalTimeSpentWritingMs,1738601045880000000,1738601106994000000,0
Indexing.cache.totalCacheMisses,1738601045880000000,1738601106994000000,0
FlushQueue.waitingTime90PNs,1738601045880000000,1738601106994000000,0
FlushQueue.executionTimeAvgNs,1738601045880000000,1738601106994000000,0.0
AWTEventQueue.dispatchTimeTotalNS,1738601045880000000,1738601106994000000,6133062727
FlushQueue.queueSizeMax,1738601045880000000,1738601106994000000,0
AWTEventQueue.dispatchTimeAvgNs,1738601045880000000,1738601106994000000,0.0
FlushQueue.queueSizeAvg,1738601045880000000,1738601106994000000,0.0
FlushQueue.executionTimeMaxNs,1738601045880000000,1738601106994000000,0
FlushQueue.queueSize90P,1738601045880000000,1738601106994000000,0
FlushQueue.waitingTimeAvgNs,1738601045880000000,1738601106994000000,0.0
AWTEventQueue.dispatchTime90PNs,1738601045880000000,1738601106994000000,0
AWTEventQueue.dispatchTimeMaxNs,1738601045880000000,1738601106994000000,0
FlushQueue.executionTime90PNs,1738601045880000000,1738601106994000000,0
FlushQueue.tasksExecuted,1738601045880000000,1738601106994000000,0
AWTEventQueue.eventsDispatched,1738601045880000000,1738601106994000000,0
FlushQueue.waitingTimeMaxNs,1738601045880000000,1738601106994000000,0
VFS.contentStorage.recordsReadSize,1738601045880000000,1738601106994000000,0
VFS.contentStorage.recordsUncompressedSize,1738601045880000000,1738601106994000000,0
VFS.contentStorage.recordsDeduplicated,1738601045880000000,1738601106994000000,0
VFS.contentStorage.recordsDecompressionTimeUs,1738601045880000000,1738601106994000000,0
VFS.fileChildByName,1738601045880000000,1738601106994000000,0
VFS.contentStorage.recordsRead,1738601045880000000,1738601106994000000,0
VFS.fileByIdCache.hits,1738601045880000000,1738601106994000000,0
FileNameCache.queries,1738601045880000000,1738601106994000000,0
VFS.fileByIdCache.misses,1738601045880000000,1738601106994000000,0
VFS.invertedFileNameIndex.requests,1738601045880000000,1738601106994000000,0
FileNameCache.totalMisses,1738601045880000000,1738601106994000000,0
VFS.contentStorage.recordsReadDecompressed,1738601045880000000,1738601106994000000,0
VFS.contentStorage.recordsStoredCompressed,1738601045880000000,1738601106994000000,0
VFS.contentStorage.recordsStored,1738601045880000000,1738601106994000000,0
VFS.contentStorage.recordsStoredSize,1738601045880000000,1738601106994000000,0
FileChannelInterruptsRetryer.totalRetriedAttempts,1738601045880000000,1738601106994000000,0
MappedFileStorage.storages,1738601045880000000,1738601106994000000,5
StreamlinedBlobStorage.totalLiveRecordsCapacityBytes,1738601045880000000,1738601106994000000,0
FilePageCache.capacityInBytes,1738601045880000000,1738601106994000000,629145600
DirectByteBufferAllocator.totalSizeOfBuffersCachedInBytes,1738601045880000000,1738601106994000000,0
StorageLockContext.competingThreads.max,1738601045880000000,1738601106994000000,0
MappedFileStorage.totalPagesMapped,1738601045880000000,1738601106994000000,5
FilePageCache.totalPageDisposalsUs,1738601045880000000,1738601106994000000,27
MappedFileStorage.totalTimeSpentOnMappingUs,1738601045880000000,1738601106994000000,1023687
DirectByteBufferAllocator.totalSizeOfBuffersAllocatedInBytes,1738601045880000000,1738601106994000000,1048576
StreamlinedBlobStorage.recordsAllocated,1738601045880000000,1738601106994000000,0
StorageLockContext.competingThreads.avg,1738601045880000000,1738601106994000000,0.0
MappedFileStorage.totalBytesMapped,1738601045880000000,1738601106994000000,160432128
FilePageCache.pageLoads,1738601045880000000,1738601106994000000,1
DirectByteBufferAllocator.misses,1738601045880000000,1738601106994000000,1
DirectByteBufferAllocator.hits,1738601045880000000,1738601106994000000,0
FilePageCache.uncachedFileAccess,1738601045880000000,1738601106994000000,3
FilePageCache.pageFastCacheHits,1738601045880000000,1738601106994000000,68
FilePageCache.pageHits,1738601045880000000,1738601106994000000,0
StorageLockContext.competingThreads.90P,1738601045880000000,1738601106994000000,0
FilePageCache.totalPageLoadsUs,1738601045880000000,1738601106994000000,85738
FilePageCache.maxRegisteredFiles,1738601045880000000,1738601106994000000,3
StreamlinedBlobStorage.recordsRelocated,1738601045880000000,1738601106994000000,0
FilePageCache.disposedBuffers,1738601045880000000,1738601106994000000,0
FilePageCache.maxCacheSizeInBytes,1738601045880000000,1738601106994000000,1048576
FilePageCache.pageLoadsAboveSizeThreshold,1738601045880000000,1738601106994000000,0
DirectByteBufferAllocator.reclaimed,1738601045880000000,1738601106994000000,0
StreamlinedBlobStorage.recordsDeleted,1738601045880000000,1738601106994000000,0
DirectByteBufferAllocator.disposed,1738601045880000000,1738601106994000000,0
StreamlinedBlobStorage.totalLiveRecordsPayloadBytes,1738601045880000000,1738601106994000000,0
lux.LuxRendererStatistics.LxClipStateChange.size,1738601106994000000,1738601165925000000,360
lux.LuxRendererStatistics.LxCacheableImage.calls,1738601106994000000,1738601165925000000,2
lux.LuxRendererStatistics.LxDrawShapeCommand.calls,1738601106994000000,1738601165925000000,2
lux.LuxRendererStatistics.LxPathShape.calls,1738601106994000000,1738601165925000000,35
lux.LuxRendererStatistics.LxCachedImage.size,1738601106994000000,1738601165925000000,14
lux.LuxRendererStatistics.LxRectShape.size,1738601106994000000,1738601165925000000,608
lux.LuxRendererStatistics.LxClipStateChange.calls,1738601106994000000,1738601165925000000,90
lux.LuxRendererStatistics.LxEllipseShape.size,1738601106994000000,1738601165925000000,16
lux.LuxRendererStatistics.LxFontStateChange.calls,1738601106994000000,1738601165925000000,43
lux.LuxRendererStatistics.State_Changes.size,1738601106994000000,1738601165925000000,1639
lux.LuxRendererStatistics.LxPaintStateChange.size,1738601106994000000,1738601165925000000,171
lux.LuxRendererStatistics.Operation_batch_flushes.calls,1738601106994000000,1738601165925000000,14
lux.LuxRendererStatistics.LxRoundRectShape.calls,1738601106994000000,1738601165925000000,52
lux.LuxRendererStatistics.LxRoundRectShape.size,1738601106994000000,1738601165925000000,312
lux.LuxRendererStatistics.LxTransformStateChange.size,1738601106994000000,1738601165925000000,1020
lux.LuxRendererStatistics.LxFontStateChange.size,1738601106994000000,1738601165925000000,43
lux.LuxRendererStatistics.LxPaintStateChange.calls,1738601106994000000,1738601165925000000,171
lux.LuxRendererStatistics.LxCachedImage.calls,1738601106994000000,1738601165925000000,14
lux.LuxRendererStatistics.LxAliasingStateChange.size,1738601106994000000,1738601165925000000,44
lux.LuxRendererStatistics.LxBackgroundColorStateChange.size,1738601106994000000,1738601165925000000,1
lux.LuxRendererStatistics.LxFillShapeCommand.size,1738601106994000000,1738601165925000000,4491
lux.LuxRendererStatistics.LxDrawImageCommand.size,1738601106994000000,1738601165925000000,147
lux.LuxRendererStatistics.LxDrawShapeCommand.size,1738601106994000000,1738601165925000000,8
lux.LuxRendererStatistics.LxRectShape.calls,1738601106994000000,1738601165925000000,152
lux.LuxRendererStatistics.LxEllipseShape.calls,1738601106994000000,1738601165925000000,4
lux.LuxRendererStatistics.LxAliasingStateChange.calls,1738601106994000000,1738601165925000000,44
lux.LuxRendererStatistics.Draw_Commands_List.calls,1738601106994000000,1738601165925000000,235
lux.LuxRendererStatistics.Operation_batch_flushes.size,1738601106994000000,1738601165925000000,235
lux.LuxRendererStatistics.LxDrawTextCommand.calls,1738601106994000000,1738601165925000000,66
lux.LuxRendererStatistics.LxBackgroundColorStateChange.calls,1738601106994000000,1738601165925000000,1
lux.LuxRendererStatistics.LxCacheableImage.size,1738601106994000000,1738601165925000000,133
lux.LuxRendererStatistics.LxFillShapeCommand.calls,1738601106994000000,1738601165925000000,151
lux.LuxRendererStatistics.LxPathShape.size,1738601106994000000,1738601165925000000,3923
lux.LuxRendererStatistics.LxDrawTextCommand.size,1738601106994000000,1738601165925000000,1563
lux.LuxRendererStatistics.Draw_Commands_List.size,1738601106994000000,1738601165925000000,7848
lux.LuxRendererStatistics.LxDrawImageCommand.calls,1738601106994000000,1738601165925000000,16
lux.LuxRendererStatistics.State_Changes.calls,1738601106994000000,1738601165925000000,519
lux.LuxRendererStatistics.LxTransformStateChange.calls,1738601106994000000,1738601165925000000,170
DiskQueryRelay.tasksExecuted,1738601106994000000,1738601165925000000,0
DiskQueryRelay.taskWaitingTotalTimeUs,1738601106994000000,1738601165925000000,0
DiskQueryRelay.taskExecutionTotalTimeUs,1738601106994000000,1738601165925000000,0
DiskQueryRelay.tasksRequested,1738601106994000000,1738601165925000000,0
cacheStateStorage.set.duration,1738601106994000000,1738601165925000000,0
cacheStateStorage.set.counter,1738601106994000000,1738601165925000000,0
cacheStateStorage.get.duration,1738601106994000000,1738601165925000000,0
cacheStateStorage.get.counter,1738601106994000000,1738601165925000000,0
rdct.CountingByteChannel.readBytesRate.project.1,1738601106994000000,1738601165925000000,7108
rdct.TransportWrapperImpl.receivedFrames.project.1,1738601106994000000,1738601165925000000,140
rdct.TransportWrapperImpl.receivedFramesLenRate.project.1,1738601106994000000,1738601165925000000,0
rdct.TransportWrapperImpl.sentFramesLenRate.project.1,1738601106994000000,1738601165925000000,0
rdct.CountingByteChannel.writeBytesRate.project.1,1738601106994000000,1738601165925000000,2521
rdct.TransportWrapperImpl.connectionState.project.1,1738601106994000000,1738601165925000000,1
Indexing.cache.totalCacheEvicted,1738601106994000000,1738601165925000000,0
Indexing.cache.totalCacheAccesses,1738601106994000000,1738601165925000000,0
Indexing.writer_1.totalTimeSpentWritingMs,1738601106994000000,1738601165925000000,0
Indexing.writer_0.totalTimeSpentWritingMs,1738601106994000000,1738601165925000000,0
Indexing.writesQueuedMax,1738601106994000000,1738601165925000000,0
Indexing.writer_2.totalTimeSpentWritingMs,1738601106994000000,1738601165925000000,0
Indexing.writesQueuedMin,1738601106994000000,1738601165925000000,9223372036854775807
Indexing.totalTimeIndexersSleptMs,1738601106994000000,1738601165925000000,0
Indexing.writer_3.totalTimeSpentWritingMs,1738601106994000000,1738601165925000000,0
Indexing.cache.totalCacheMisses,1738601106994000000,1738601165925000000,0
FlushQueue.waitingTime90PNs,1738601106994000000,1738601165925000000,0
FlushQueue.executionTimeAvgNs,1738601106994000000,1738601165925000000,0.0
AWTEventQueue.dispatchTimeTotalNS,1738601106994000000,1738601165925000000,797935619
FlushQueue.queueSizeMax,1738601106994000000,1738601165925000000,0
AWTEventQueue.dispatchTimeAvgNs,1738601106994000000,1738601165925000000,0.0
FlushQueue.queueSizeAvg,1738601106994000000,1738601165925000000,0.0
FlushQueue.executionTimeMaxNs,1738601106994000000,1738601165925000000,0
FlushQueue.queueSize90P,1738601106994000000,1738601165925000000,0
FlushQueue.waitingTimeAvgNs,1738601106994000000,1738601165925000000,0.0
AWTEventQueue.dispatchTime90PNs,1738601106994000000,1738601165925000000,0
AWTEventQueue.dispatchTimeMaxNs,1738601106994000000,1738601165925000000,0
FlushQueue.executionTime90PNs,1738601106994000000,1738601165925000000,0
FlushQueue.tasksExecuted,1738601106994000000,1738601165925000000,0
AWTEventQueue.eventsDispatched,1738601106994000000,1738601165925000000,0
FlushQueue.waitingTimeMaxNs,1738601106994000000,1738601165925000000,0
VFS.contentStorage.recordsReadSize,1738601106994000000,1738601165925000000,0
VFS.contentStorage.recordsUncompressedSize,1738601106994000000,1738601165925000000,0
VFS.contentStorage.recordsDeduplicated,1738601106994000000,1738601165925000000,0
VFS.contentStorage.recordsDecompressionTimeUs,1738601106994000000,1738601165925000000,0
VFS.fileChildByName,1738601106994000000,1738601165925000000,0
VFS.contentStorage.recordsRead,1738601106994000000,1738601165925000000,0
VFS.fileByIdCache.hits,1738601106994000000,1738601165925000000,0
FileNameCache.queries,1738601106994000000,1738601165925000000,0
VFS.fileByIdCache.misses,1738601106994000000,1738601165925000000,0
VFS.invertedFileNameIndex.requests,1738601106994000000,1738601165925000000,0
FileNameCache.totalMisses,1738601106994000000,1738601165925000000,0
VFS.contentStorage.recordsReadDecompressed,1738601106994000000,1738601165925000000,0
VFS.contentStorage.recordsStoredCompressed,1738601106994000000,1738601165925000000,0
VFS.contentStorage.recordsStored,1738601106994000000,1738601165925000000,0
VFS.contentStorage.recordsStoredSize,1738601106994000000,1738601165925000000,0
FileChannelInterruptsRetryer.totalRetriedAttempts,1738601106994000000,1738601165925000000,0
MappedFileStorage.storages,1738601106994000000,1738601165925000000,5
StreamlinedBlobStorage.totalLiveRecordsCapacityBytes,1738601106994000000,1738601165925000000,0
FilePageCache.capacityInBytes,1738601106994000000,1738601165925000000,629145600
DirectByteBufferAllocator.totalSizeOfBuffersCachedInBytes,1738601106994000000,1738601165925000000,0
StorageLockContext.competingThreads.max,1738601106994000000,1738601165925000000,0
MappedFileStorage.totalPagesMapped,1738601106994000000,1738601165925000000,5
FilePageCache.totalPageDisposalsUs,1738601106994000000,1738601165925000000,0
MappedFileStorage.totalTimeSpentOnMappingUs,1738601106994000000,1738601165925000000,1023687
DirectByteBufferAllocator.totalSizeOfBuffersAllocatedInBytes,1738601106994000000,1738601165925000000,1048576
StreamlinedBlobStorage.recordsAllocated,1738601106994000000,1738601165925000000,0
StorageLockContext.competingThreads.avg,1738601106994000000,1738601165925000000,0.0
MappedFileStorage.totalBytesMapped,1738601106994000000,1738601165925000000,160432128
FilePageCache.pageLoads,1738601106994000000,1738601165925000000,0
DirectByteBufferAllocator.misses,1738601106994000000,1738601165925000000,0
DirectByteBufferAllocator.hits,1738601106994000000,1738601165925000000,0
FilePageCache.uncachedFileAccess,1738601106994000000,1738601165925000000,0
FilePageCache.pageFastCacheHits,1738601106994000000,1738601165925000000,0
FilePageCache.pageHits,1738601106994000000,1738601165925000000,0
StorageLockContext.competingThreads.90P,1738601106994000000,1738601165925000000,0
FilePageCache.totalPageLoadsUs,1738601106994000000,1738601165925000000,0
FilePageCache.maxRegisteredFiles,1738601106994000000,1738601165925000000,3
StreamlinedBlobStorage.recordsRelocated,1738601106994000000,1738601165925000000,0
FilePageCache.disposedBuffers,1738601106994000000,1738601165925000000,0
FilePageCache.maxCacheSizeInBytes,1738601106994000000,1738601165925000000,1048576
FilePageCache.pageLoadsAboveSizeThreshold,1738601106994000000,1738601165925000000,0
DirectByteBufferAllocator.reclaimed,1738601106994000000,1738601165925000000,0
StreamlinedBlobStorage.recordsDeleted,1738601106994000000,1738601165925000000,0
DirectByteBufferAllocator.disposed,1738601106994000000,1738601165925000000,0
StreamlinedBlobStorage.totalLiveRecordsPayloadBytes,1738601106994000000,1738601165925000000,0
lux.LuxRendererStatistics.LxClipStateChange.size,1738601165925000000,1738601225953000000,752
lux.LuxRendererStatistics.LxCacheableImage.calls,1738601165925000000,1738601225953000000,5
lux.LuxRendererStatistics.LxDrawShapeCommand.calls,1738601165925000000,1738601225953000000,5
lux.LuxRendererStatistics.LxPathShape.calls,1738601165925000000,1738601225953000000,84
lux.LuxRendererStatistics.LxCachedImage.size,1738601165925000000,1738601225953000000,35
lux.LuxRendererStatistics.LxRectShape.size,1738601165925000000,1738601225953000000,1272
lux.LuxRendererStatistics.LxClipStateChange.calls,1738601165925000000,1738601225953000000,188
lux.LuxRendererStatistics.LxEllipseShape.size,1738601165925000000,1738601225953000000,40
lux.LuxRendererStatistics.LxFontStateChange.calls,1738601165925000000,1738601225953000000,68
lux.LuxRendererStatistics.State_Changes.size,1738601165925000000,1738601225953000000,3615
lux.LuxRendererStatistics.LxPaintStateChange.size,1738601165925000000,1738601225953000000,405
lux.LuxRendererStatistics.Operation_batch_flushes.calls,1738601165925000000,1738601225953000000,59
lux.LuxRendererStatistics.LxRoundRectShape.calls,1738601165925000000,1738601225953000000,112
lux.LuxRendererStatistics.LxRoundRectShape.size,1738601165925000000,1738601225953000000,672
lux.LuxRendererStatistics.LxTransformStateChange.size,1738601165925000000,1738601225953000000,2256
lux.LuxRendererStatistics.LxFontStateChange.size,1738601165925000000,1738601225953000000,68
lux.LuxRendererStatistics.LxPaintStateChange.calls,1738601165925000000,1738601225953000000,405
lux.LuxRendererStatistics.LxCachedImage.calls,1738601165925000000,1738601225953000000,35
lux.LuxRendererStatistics.LxAliasingStateChange.size,1738601165925000000,1738601225953000000,130
lux.LuxRendererStatistics.LxBackgroundColorStateChange.size,1738601165925000000,1738601225953000000,4
lux.LuxRendererStatistics.LxFillShapeCommand.size,1738601165925000000,1738601225953000000,10140
lux.LuxRendererStatistics.LxDrawImageCommand.size,1738601165925000000,1738601225953000000,384
lux.LuxRendererStatistics.LxDrawShapeCommand.size,1738601165925000000,1738601225953000000,20
lux.LuxRendererStatistics.LxRectShape.calls,1738601165925000000,1738601225953000000,318
lux.LuxRendererStatistics.LxEllipseShape.calls,1738601165925000000,1738601225953000000,10
lux.LuxRendererStatistics.LxAliasingStateChange.calls,1738601165925000000,1738601225953000000,130
lux.LuxRendererStatistics.Draw_Commands_List.calls,1738601165925000000,1738601225953000000,521
lux.LuxRendererStatistics.Operation_batch_flushes.size,1738601165925000000,1738601225953000000,521
lux.LuxRendererStatistics.LxDrawTextCommand.calls,1738601165925000000,1738601225953000000,145
lux.LuxRendererStatistics.LxBackgroundColorStateChange.calls,1738601165925000000,1738601225953000000,4
lux.LuxRendererStatistics.LxCacheableImage.size,1738601165925000000,1738601225953000000,349
lux.LuxRendererStatistics.LxFillShapeCommand.calls,1738601165925000000,1738601225953000000,331
lux.LuxRendererStatistics.LxPathShape.size,1738601165925000000,1738601225953000000,8928
lux.LuxRendererStatistics.LxDrawTextCommand.size,1738601165925000000,1738601225953000000,2541
lux.LuxRendererStatistics.Draw_Commands_List.size,1738601165925000000,1738601225953000000,16700
lux.LuxRendererStatistics.LxDrawImageCommand.calls,1738601165925000000,1738601225953000000,40
lux.LuxRendererStatistics.State_Changes.calls,1738601165925000000,1738601225953000000,1171
lux.LuxRendererStatistics.LxTransformStateChange.calls,1738601165925000000,1738601225953000000,376
lexer.Markdown.time.ns,1738601165925000000,1738601225953000000,150492339
parser.Markdown.size.bytes,1738601165925000000,1738601225953000000,245
DiskQueryRelay.tasksExecuted,1738601165925000000,1738601225953000000,31
DiskQueryRelay.taskWaitingTotalTimeUs,1738601165925000000,1738601225953000000,115731
lexer.Markdown.size.bytes,1738601165925000000,1738601225953000000,245
writeAction.median.wait.ms,1738601165925000000,1738601225953000000,0
DiskQueryRelay.taskExecutionTotalTimeUs,1738601165925000000,1738601225953000000,7489
parser.Markdown.time.ns,1738601165925000000,1738601225953000000,47022280
writeAction.max.wait.ms,1738601165925000000,1738601225953000000,3
writeAction.wait.ms,1738601165925000000,1738601225953000000,5
writeAction.count,1738601165925000000,1738601225953000000,14
DiskQueryRelay.tasksRequested,1738601165925000000,1738601225953000000,31
JVM.maxHeapBytes,1738601165925000000,1738601225953000000,1572864000
JVM.threadCount,1738601165925000000,1738601225953000000,60
JVM.usedNativeBytes,1738601165925000000,1738601225953000000,313514688
JVM.totalTimeAtSafepointsMs,1738601165925000000,1738601225953000000,694
OS.loadAverage,1738601165925000000,1738601225953000000,2.7705078125
JVM.newThreadsCount,1738601165925000000,1738601225953000000,117
JVM.totalTimeToSafepointsMs,1738601165925000000,1738601225953000000,450
JVM.usedHeapBytes,1738601165925000000,1738601225953000000,213746384
MEM.ramPlusSwapMinusFileMappingsBytes,1738601165925000000,1738601225953000000,765595648
JVM.GC.collectionTimesMs,1738601165925000000,1738601225953000000,675
JVM.maxThreadCount,1738601165925000000,1738601225953000000,63
MEM.ramBytes,1738601165925000000,1738601225953000000,1212493824
JVM.totalDirectByteBuffersBytes,1738601165925000000,1738601225953000000,7349508
JVM.committedHeapBytes,1738601165925000000,1738601225953000000,313524224
MEM.fileMappingsRamBytes,1738601165925000000,1738601225953000000,446304256
MEM.ramMinusFileMappingsBytes,1738601165925000000,1738601225953000000,765595648
JVM.totalBytesAllocated,1738601165925000000,1738601225953000000,1124146160
JVM.GC.collections,1738601165925000000,1738601225953000000,45
JVM.totalSafepointCount,1738601165925000000,1738601225953000000,218
JVM.totalCpuTimeMs,1738601165925000000,1738601225953000000,121410
workspaceModel.workspaceFileIndexData.markDirty.ms,1738601165925000000,1738601225953000000,0
workspaceModel.cachedValueWithParameters.calculated.count,1738601165925000000,1738601225953000000,0
workspaceModel.workspaceFileIndexData.getFileInfo.ms,1738601165925000000,1738601225953000000,0
workspaceModel.workspaceFileIndexData.init.ms,1738601165925000000,1738601225953000000,10
workspaceModel.cachedValue.from.cache.count,1738601165925000000,1738601225953000000,10
workspaceModel.cachedValueWithParameters.from.cache.count,1738601165925000000,1738601225953000000,0
workspaceModel.loading.total.ms,1738601165925000000,1738601225953000000,369
workspaceModel.on.changed.ms,1738601165925000000,1738601225953000000,85
workspaceModel.pre.handlers.ms,1738601165925000000,1738601225953000000,3
workspaceModel.workspaceFileIndexData.instances.count,1738601165925000000,1738601225953000000,1
workspaceModel.cachedValue.clear.count,1738601165925000000,1738601225953000000,0
workspaceModel.workspaceFileIndexData.updateDirtyEntities.ms,1738601165925000000,1738601225953000000,0
workspaceModel.full.replace.project.model.ms,1738601165925000000,1738601225953000000,205
workspaceModel.initializing.ms,1738601165925000000,1738601225953000000,1
workspaceModel.workspaceFileIndexData.getPackageName.ms,1738601165925000000,1738601225953000000,0
workspaceModel.collect.changes.ms,1738601165925000000,1738601225953000000,0
workspaceModel.update.unloaded.entities.ms,1738601165925000000,1738601225953000000,0
workspaceModel.cachedValueWithParameters.clear.count,1738601165925000000,1738601225953000000,0
workspaceModel.cachedValueWithParameters.total.get.count,1738601165925000000,1738601225953000000,0
workspaceModel.updates.count,1738601165925000000,1738601225953000000,1
workspaceModel.on.before.changed.ms,1738601165925000000,1738601225953000000,175
workspaceModel.entityStorageSnapshotImpl.instances.count,1738601165925000000,1738601225953000000,12
workspaceModel.check.recursive.update.ms,1738601165925000000,1738601225953000000,1
workspaceModel.workspaceFileIndexContributor.registerFileSets.ms,1738601165925000000,1738601225953000000,10
workspaceModel.replace.project.model.ms,1738601165925000000,1738601225953000000,0
workspaceModel.updates.precise.ms,1738601165925000000,1738601225953000000,166
workspaceModel.init.bridges.ms,1738601165925000000,1738601225953000000,8
workspaceModel.to.snapshot.ms,1738601165925000000,1738601225953000000,0
workspaceModel.cachedValue.calculated.count,1738601165925000000,1738601225953000000,2
workspaceModel.workspaceFileIndexData.visitFileSets.ms,1738601165925000000,1738601225953000000,0
workspaceModel.workspaceFileIndexData.processFileSets.ms,1738601165925000000,1738601225953000000,0
workspaceModel.cachedValue.total.get.count,1738601165925000000,1738601225953000000,12
workspaceModel.workspaceFileIndexData.onEntitiesChanged.ms,1738601165925000000,1738601225953000000,7
workspaceModel.updates.ms,1738601165925000000,1738601225953000000,247
workspaceModel.loading.from.cache.ms,1738601165925000000,1738601225953000000,337
workspaceModel.workspaceFileIndexData.getDirectoriesByPackageName.ms,1738601165925000000,1738601225953000000,0
cacheStateStorage.set.duration,1738601165925000000,1738601225953000000,277
cacheStateStorage.set.counter,1738601165925000000,1738601225953000000,4
cacheStateStorage.get.duration,1738601165925000000,1738601225953000000,0
cacheStateStorage.get.counter,1738601165925000000,1738601225953000000,5
rdct.CountingByteChannel.readBytesRate.project.1,1738601165925000000,1738601225953000000,2090054
rdct.ThinClientDiagnosticsService.connectionState.O2Physi,1738601165925000000,1738601225953000000,0
rdct.ThinClientDiagnosticsService.pingDirect.O2Physi,1738601165925000000,1738601225953000000,3144
rdct.ThinClientDiagnosticsService.pingUI.O2Physi,1738601165925000000,1738601225953000000,8655
rdct.TransportWrapperImpl.receivedFrames.project.1,1738601165925000000,1738601225953000000,5013
rdct.CountingByteChannel.writeBytesRate.project.1,1738601165925000000,1738601225953000000,51182
jps.save.changed.project.entities.ms,1738601165925000000,1738601225953000000,0
workspaceModel.mutableEntityStorage.entities.by.source.ms,1738601165925000000,1738601225953000000,1
jps.save.global.entities.ms,1738601165925000000,1738601225953000000,0
workspaceModel.orphan.listener.update.ms,1738601165925000000,1738601225953000000,7
workspaceModel.mutableEntityStorage.changeLog.addReplaceEventForRemovedParent.ms,1738601165925000000,1738601225953000000,0
workspaceModel.load.cache.metadata.from.file.ms,1738601165925000000,1738601225953000000,0
jps.project.serializers.save.ms,1738601165925000000,1738601225953000000,0
workspaceModel.mutableEntityStorage.changeLog.addReplaceEventForNewChild.ms,1738601165925000000,1738601225953000000,0
jps.global.handle.changed.events.ms,1738601165925000000,1738601225953000000,0
jps.library.entities.serializer.load.entities.ms,1738601165925000000,1738601225953000000,1
workspaceModel.mutableEntityStorage.mutable.vfurl.index.ms,1738601165925000000,1738601225953000000,1
jps.facet.change.listener.init.bridge.ms,1738601165925000000,1738601225953000000,1
workspaceModel.mutableEntityStorage.mutable.ext.mapping.ms,1738601165925000000,1738601225953000000,2
workspaceModel.moduleManagerBridge.get.modules.ms,1738601165925000000,1738601225953000000,2
jps.library.entities.serializer.save.entities.ms,1738601165925000000,1738601225953000000,0
workspaceModel.mutableEntityStorage.replace.by.source.ms,1738601165925000000,1738601225953000000,4
workspaceModel.mutableEntityStorage.remove.entity.ms,1738601165925000000,1738601225953000000,0
jps.global.get.libraries.ms,1738601165925000000,1738601225953000000,1
jps.storage.jps.conf.reader.load.component.ms,1738601165925000000,1738601225953000000,12
jps.apply.loaded.storage.ms,1738601165925000000,1738601225953000000,213
workspaceModel.global.apply.state.to.project.ms,1738601165925000000,1738601225953000000,0
workspaceModel.global.updates.ms,1738601165925000000,1738601225953000000,0
workspaceModel.mutableEntityStorage.put.entity.ms,1738601165925000000,1738601225953000000,23
jps.reload.project.entities.ms,1738601165925000000,1738601225953000000,0
workspaceModel.mutableEntityStorage.instances.count,1738601165925000000,1738601225953000000,18
workspaceModel.global.apply.state.to.project.builder.ms,1738601165925000000,1738601225953000000,4
jps.app.storage.content.reader.load.component.ms,1738601165925000000,1738601225953000000,1
jps.project.serializers.load.ms,1738601165925000000,1738601225953000000,14
jps.global.initialize.library.bridges.ms,1738601165925000000,1738601225953000000,1
workspaceModel.moduleBridgeLoader.loading.modules.ms,1738601165925000000,1738601225953000000,2504
jps.global.get.library.ms,1738601165925000000,1738601225953000000,0
jps.global.handle.before.change.events.ms,1738601165925000000,1738601225953000000,0
jps.artifact.entities.serializer.save.entities.ms,1738601165925000000,1738601225953000000,0
workspaceModel.mutableEntityStorage.entities.ms,1738601165925000000,1738601225953000000,3
jps.artifact.entities.serializer.load.entities.ms,1738601165925000000,1738601225953000000,0
workspaceModel.moduleManagerBridge.build.module.graph.ms,1738601165925000000,1738601225953000000,0
jps.global.initialize.library.bridges.after.loading.ms,1738601165925000000,1738601225953000000,3
workspaceModel.moduleManagerBridge.create.module.instance.ms,1738601165925000000,1738601225953000000,0
workspaceModel.do.save.caches.ms,1738601165925000000,1738601225953000000,470
jps.facet.change.listener.process.change.events.ms,1738601165925000000,1738601225953000000,7
workspaceModel.moduleManagerBridge.set.unloadedModules.ms,1738601165925000000,1738601225953000000,0
workspaceModel.global.updates.count,1738601165925000000,1738601225953000000,0
workspaceModel.mutableEntityStorage.resolve.ms,1738601165925000000,1738601225953000000,0
workspaceModel.moduleManagerBridge.load.module.ms,1738601165925000000,1738601225953000000,0
workspaceModel.moduleManagerBridge.load.all.modules.ms,1738601165925000000,1738601225953000000,7
workspaceModel.mutableEntityStorage.apply.changes.from.ms,1738601165925000000,1738601225953000000,178
workspaceModel.mutableEntityStorage.modify.entity.ms,1738601165925000000,1738601225953000000,0
workspaceModel.mutableEntityStorage.changeLog.addReplaceEventForRemovedChild.ms,1738601165925000000,1738601225953000000,0
workspaceModel.mutableEntityStorage.has.same.entities.ms,1738601165925000000,1738601225953000000,0
jps.load.initial.state.ms,1738601165925000000,1738601225953000000,31
workspaceModel.save.cache.to.file.ms,1738601165925000000,1738601225953000000,468
workspaceModel.mutableEntityStorage.add.entity.ms,1738601165925000000,1738601225953000000,34
jps.global.get.library.by.name.ms,1738601165925000000,1738601225953000000,0
workspaceModel.load.cache.from.file.ms,1738601165925000000,1738601225953000000,0
workspaceModel.moduleManagerBridge.newModule.ms,1738601165925000000,1738601225953000000,0
jps.module.dependency.index.workspace.model.listener.on.changed.ms,1738601165925000000,1738601225953000000,1
workspaceModel.mutableEntityStorage.referrers.ms,1738601165925000000,1738601225953000000,0
workspaceModel.mutableEntityStorage.changeLog.addReplaceEventForNewParent.ms,1738601165925000000,1738601225953000000,0
jps.load.project.to.empty.storage.ms,1738601165925000000,1738601225953000000,301
workspaceModel.sync.entities.ms,1738601165925000000,1738601225953000000,0
workspaceModel.mutableEntityStorage.to.snapshot.ms,1738601165925000000,1738601225953000000,3
workspaceModel.delayed.project.synchronizer.sync.ms,1738601165925000000,1738601225953000000,0
workspaceModel.mutableEntityStorage.collect.changes.ms,1738601165925000000,1738601225953000000,0
workspaceModel.moduleManagerBridge.new.nonPersistent.module.ms,1738601165925000000,1738601225953000000,0
jps.facet.change.listener.before.change.events.ms,1738601165925000000,1738601225953000000,0
Indexing.cache.totalCacheEvicted,1738601165925000000,1738601225953000000,0
Indexing.cache.totalCacheAccesses,1738601165925000000,1738601225953000000,0
Indexing.writer_1.totalTimeSpentWritingMs,1738601165925000000,1738601225953000000,0
Indexing.writer_0.totalTimeSpentWritingMs,1738601165925000000,1738601225953000000,0
Indexing.writesQueuedMax,1738601165925000000,1738601225953000000,0
Indexing.writer_2.totalTimeSpentWritingMs,1738601165925000000,1738601225953000000,0
Indexing.writesQueuedMin,1738601165925000000,1738601225953000000,9223372036854775807
Indexing.totalTimeIndexersSleptMs,1738601165925000000,1738601225953000000,0
Indexing.writer_3.totalTimeSpentWritingMs,1738601165925000000,1738601225953000000,0
Indexing.cache.totalCacheMisses,1738601165925000000,1738601225953000000,0
FlushQueue.waitingTime90PNs,1738601165925000000,1738601225953000000,0
FlushQueue.executionTimeAvgNs,1738601165925000000,1738601225953000000,0.0
AWTEventQueue.dispatchTimeTotalNS,1738601165925000000,1738601225953000000,23653303369
FlushQueue.queueSizeMax,1738601165925000000,1738601225953000000,0
AWTEventQueue.dispatchTimeAvgNs,1738601165925000000,1738601225953000000,0.0
NonBlockingReadAction.finalizedExecutionsCount,1738601165925000000,1738601225953000000,4
FlushQueue.queueSizeAvg,1738601165925000000,1738601225953000000,0.0
FlushQueue.executionTimeMaxNs,1738601165925000000,1738601225953000000,0
FlushQueue.queueSize90P,1738601165925000000,1738601225953000000,0
FlushQueue.waitingTimeAvgNs,1738601165925000000,1738601225953000000,0.0
NonBlockingReadAction.finalizedExecutionTimeUs,1738601165925000000,1738601225953000000,1046699
WriteAction.executionsCount,1738601165925000000,1738601225953000000,14
AWTEventQueue.dispatchTime90PNs,1738601165925000000,1738601225953000000,0
AWTEventQueue.dispatchTimeMaxNs,1738601165925000000,1738601225953000000,0
FlushQueue.executionTime90PNs,1738601165925000000,1738601225953000000,0
NonBlockingReadAction.failedExecutionTimeUs,1738601165925000000,1738601225953000000,0
FlushQueue.tasksExecuted,1738601165925000000,1738601225953000000,0
AWTEventQueue.eventsDispatched,1738601165925000000,1738601225953000000,0
FlushQueue.waitingTimeMaxNs,1738601165925000000,1738601225953000000,0
NonBlockingReadAction.failedExecutionsCount,1738601165925000000,1738601225953000000,0
ReadAction.executionsCount,1738601165925000000,1738601225953000000,2957
VFS.contentStorage.recordsReadSize,1738601165925000000,1738601225953000000,0
VFS.contentStorage.recordsUncompressedSize,1738601165925000000,1738601225953000000,0
VFS.contentStorage.recordsDeduplicated,1738601165925000000,1738601225953000000,0
VFS.contentStorage.recordsDecompressionTimeUs,1738601165925000000,1738601225953000000,0
VFS.fileChildByName,1738601165925000000,1738601225953000000,149
VFS.contentStorage.recordsRead,1738601165925000000,1738601225953000000,0
VFS.fileByIdCache.hits,1738601165925000000,1738601225953000000,0
FileNameCache.queries,1738601165925000000,1738601225953000000,2752
VFS.fileByIdCache.misses,1738601165925000000,1738601225953000000,0
VFS.invertedFileNameIndex.requests,1738601165925000000,1738601225953000000,0
FileNameCache.totalMisses,1738601165925000000,1738601225953000000,0
VFS.contentStorage.recordsReadDecompressed,1738601165925000000,1738601225953000000,0
VFS.contentStorage.recordsStoredCompressed,1738601165925000000,1738601225953000000,0
VFS.contentStorage.recordsStored,1738601165925000000,1738601225953000000,0
VFS.contentStorage.recordsStoredSize,1738601165925000000,1738601225953000000,0
FileChannelInterruptsRetryer.totalRetriedAttempts,1738601165925000000,1738601225953000000,0
MappedFileStorage.storages,1738601165925000000,1738601225953000000,5
StreamlinedBlobStorage.totalLiveRecordsCapacityBytes,1738601165925000000,1738601225953000000,770
FilePageCache.capacityInBytes,1738601165925000000,1738601225953000000,629145600
DirectByteBufferAllocator.totalSizeOfBuffersCachedInBytes,1738601165925000000,1738601225953000000,0
StorageLockContext.competingThreads.max,1738601165925000000,1738601225953000000,0
MappedFileStorage.totalPagesMapped,1738601165925000000,1738601225953000000,5
FilePageCache.totalPageDisposalsUs,1738601165925000000,1738601225953000000,0
MappedFileStorage.totalTimeSpentOnMappingUs,1738601165925000000,1738601225953000000,1023687
DirectByteBufferAllocator.totalSizeOfBuffersAllocatedInBytes,1738601165925000000,1738601225953000000,1048576
StreamlinedBlobStorage.recordsAllocated,1738601165925000000,1738601225953000000,11
StorageLockContext.competingThreads.avg,1738601165925000000,1738601225953000000,0.0
MappedFileStorage.totalBytesMapped,1738601165925000000,1738601225953000000,160432128
FilePageCache.pageLoads,1738601165925000000,1738601225953000000,0
DirectByteBufferAllocator.misses,1738601165925000000,1738601225953000000,0
DirectByteBufferAllocator.hits,1738601165925000000,1738601225953000000,0
FilePageCache.uncachedFileAccess,1738601165925000000,1738601225953000000,0
FilePageCache.pageFastCacheHits,1738601165925000000,1738601225953000000,0
FilePageCache.pageHits,1738601165925000000,1738601225953000000,0
StorageLockContext.competingThreads.90P,1738601165925000000,1738601225953000000,0
FilePageCache.totalPageLoadsUs,1738601165925000000,1738601225953000000,0
FilePageCache.maxRegisteredFiles,1738601165925000000,1738601225953000000,3
StreamlinedBlobStorage.recordsRelocated,1738601165925000000,1738601225953000000,0
FilePageCache.disposedBuffers,1738601165925000000,1738601225953000000,0
FilePageCache.maxCacheSizeInBytes,1738601165925000000,1738601225953000000,1048576
FilePageCache.pageLoadsAboveSizeThreshold,1738601165925000000,1738601225953000000,0
DirectByteBufferAllocator.reclaimed,1738601165925000000,1738601225953000000,0
StreamlinedBlobStorage.recordsDeleted,1738601165925000000,1738601225953000000,0
DirectByteBufferAllocator.disposed,1738601165925000000,1738601225953000000,0
StreamlinedBlobStorage.totalLiveRecordsPayloadBytes,1738601165925000000,1738601225953000000,79
DiskQueryRelay.tasksExecuted,1738601225953000000,1738601230278000000,60
DiskQueryRelay.taskWaitingTotalTimeUs,1738601225953000000,1738601230278000000,30291
writeAction.median.wait.ms,1738601225953000000,1738601230278000000,0
DiskQueryRelay.taskExecutionTotalTimeUs,1738601225953000000,1738601230278000000,5001
writeAction.max.wait.ms,1738601225953000000,1738601230278000000,3
writeAction.wait.ms,1738601225953000000,1738601230278000000,2
writeAction.count,1738601225953000000,1738601230278000000,9
DiskQueryRelay.tasksRequested,1738601225953000000,1738601230278000000,60
JVM.maxHeapBytes,1738601225953000000,1738601230278000000,1572864000
JVM.threadCount,1738601225953000000,1738601230278000000,47
JVM.usedNativeBytes,1738601225953000000,1738601230278000000,321360312
JVM.totalTimeAtSafepointsMs,1738601225953000000,1738601230278000000,40
OS.loadAverage,1738601225953000000,1738601230278000000,2.7890625
JVM.newThreadsCount,1738601225953000000,1738601230278000000,27
JVM.totalTimeToSafepointsMs,1738601225953000000,1738601230278000000,17
JVM.usedHeapBytes,1738601225953000000,1738601230278000000,195035136
MEM.ramPlusSwapMinusFileMappingsBytes,1738601225953000000,1738601230278000000,792358912
JVM.GC.collectionTimesMs,1738601225953000000,1738601230278000000,39
JVM.maxThreadCount,1738601225953000000,1738601230278000000,63
MEM.ramBytes,1738601225953000000,1738601230278000000,1242345472
JVM.totalDirectByteBuffersBytes,1738601225953000000,1738601230278000000,6699547
JVM.committedHeapBytes,1738601225953000000,1738601230278000000,313524224
MEM.fileMappingsRamBytes,1738601225953000000,1738601230278000000,449327104
MEM.ramMinusFileMappingsBytes,1738601225953000000,1738601230278000000,792358912
JVM.totalBytesAllocated,1738601225953000000,1738601230278000000,28910816
JVM.GC.collections,1738601225953000000,1738601230278000000,1
JVM.totalSafepointCount,1738601225953000000,1738601230278000000,6
JVM.totalCpuTimeMs,1738601225953000000,1738601230278000000,4580
workspaceModel.workspaceFileIndexData.markDirty.ms,1738601225953000000,1738601230278000000,0
workspaceModel.cachedValueWithParameters.calculated.count,1738601225953000000,1738601230278000000,0
workspaceModel.workspaceFileIndexData.getFileInfo.ms,1738601225953000000,1738601230278000000,1
workspaceModel.workspaceFileIndexData.init.ms,1738601225953000000,1738601230278000000,0
workspaceModel.cachedValue.from.cache.count,1738601225953000000,1738601230278000000,1
workspaceModel.cachedValueWithParameters.from.cache.count,1738601225953000000,1738601230278000000,0
workspaceModel.loading.total.ms,1738601225953000000,1738601230278000000,0
workspaceModel.on.changed.ms,1738601225953000000,1738601230278000000,0
workspaceModel.pre.handlers.ms,1738601225953000000,1738601230278000000,0
workspaceModel.workspaceFileIndexData.instances.count,1738601225953000000,1738601230278000000,0
workspaceModel.cachedValue.clear.count,1738601225953000000,1738601230278000000,0
workspaceModel.workspaceFileIndexData.updateDirtyEntities.ms,1738601225953000000,1738601230278000000,0
workspaceModel.full.replace.project.model.ms,1738601225953000000,1738601230278000000,0
workspaceModel.initializing.ms,1738601225953000000,1738601230278000000,0
workspaceModel.workspaceFileIndexData.getPackageName.ms,1738601225953000000,1738601230278000000,0
workspaceModel.collect.changes.ms,1738601225953000000,1738601230278000000,0
workspaceModel.update.unloaded.entities.ms,1738601225953000000,1738601230278000000,0
workspaceModel.cachedValueWithParameters.clear.count,1738601225953000000,1738601230278000000,0
workspaceModel.cachedValueWithParameters.total.get.count,1738601225953000000,1738601230278000000,0
workspaceModel.updates.count,1738601225953000000,1738601230278000000,0
workspaceModel.on.before.changed.ms,1738601225953000000,1738601230278000000,0
workspaceModel.entityStorageSnapshotImpl.instances.count,1738601225953000000,1738601230278000000,0
workspaceModel.check.recursive.update.ms,1738601225953000000,1738601230278000000,0
workspaceModel.workspaceFileIndexContributor.registerFileSets.ms,1738601225953000000,1738601230278000000,0
workspaceModel.replace.project.model.ms,1738601225953000000,1738601230278000000,0
workspaceModel.updates.precise.ms,1738601225953000000,1738601230278000000,0
workspaceModel.init.bridges.ms,1738601225953000000,1738601230278000000,0
workspaceModel.to.snapshot.ms,1738601225953000000,1738601230278000000,0
workspaceModel.cachedValue.calculated.count,1738601225953000000,1738601230278000000,1
workspaceModel.workspaceFileIndexData.visitFileSets.ms,1738601225953000000,1738601230278000000,0
workspaceModel.workspaceFileIndexData.processFileSets.ms,1738601225953000000,1738601230278000000,0
workspaceModel.cachedValue.total.get.count,1738601225953000000,1738601230278000000,2
workspaceModel.workspaceFileIndexData.onEntitiesChanged.ms,1738601225953000000,1738601230278000000,0
workspaceModel.updates.ms,1738601225953000000,1738601230278000000,0
workspaceModel.loading.from.cache.ms,1738601225953000000,1738601230278000000,0
workspaceModel.workspaceFileIndexData.getDirectoriesByPackageName.ms,1738601225953000000,1738601230278000000,0
cacheStateStorage.set.duration,1738601225953000000,1738601230278000000,6
cacheStateStorage.set.counter,1738601225953000000,1738601230278000000,5
cacheStateStorage.get.duration,1738601225953000000,1738601230278000000,0
cacheStateStorage.get.counter,1738601225953000000,1738601230278000000,0
jps.save.changed.project.entities.ms,1738601225953000000,1738601230278000000,8
workspaceModel.mutableEntityStorage.entities.by.source.ms,1738601225953000000,1738601230278000000,0
jps.save.global.entities.ms,1738601225953000000,1738601230278000000,14
workspaceModel.orphan.listener.update.ms,1738601225953000000,1738601230278000000,0
workspaceModel.mutableEntityStorage.changeLog.addReplaceEventForRemovedParent.ms,1738601225953000000,1738601230278000000,0
workspaceModel.load.cache.metadata.from.file.ms,1738601225953000000,1738601230278000000,0
jps.project.serializers.save.ms,1738601225953000000,1738601230278000000,8
workspaceModel.mutableEntityStorage.changeLog.addReplaceEventForNewChild.ms,1738601225953000000,1738601230278000000,0
jps.global.handle.changed.events.ms,1738601225953000000,1738601230278000000,0
jps.library.entities.serializer.load.entities.ms,1738601225953000000,1738601230278000000,0
workspaceModel.mutableEntityStorage.mutable.vfurl.index.ms,1738601225953000000,1738601230278000000,0
jps.app.storage.content.writer.save.component.ms,1738601225953000000,1738601230278000000,0
jps.facet.change.listener.init.bridge.ms,1738601225953000000,1738601230278000000,0
workspaceModel.mutableEntityStorage.mutable.ext.mapping.ms,1738601225953000000,1738601230278000000,0
workspaceModel.moduleManagerBridge.get.modules.ms,1738601225953000000,1738601230278000000,0
jps.library.entities.serializer.save.entities.ms,1738601225953000000,1738601230278000000,0
workspaceModel.mutableEntityStorage.replace.by.source.ms,1738601225953000000,1738601230278000000,0
workspaceModel.mutableEntityStorage.remove.entity.ms,1738601225953000000,1738601230278000000,0
jps.global.get.libraries.ms,1738601225953000000,1738601230278000000,0
jps.storage.jps.conf.reader.load.component.ms,1738601225953000000,1738601230278000000,0
jps.apply.loaded.storage.ms,1738601225953000000,1738601230278000000,0
workspaceModel.global.apply.state.to.project.ms,1738601225953000000,1738601230278000000,0
workspaceModel.global.updates.ms,1738601225953000000,1738601230278000000,0
workspaceModel.mutableEntityStorage.put.entity.ms,1738601225953000000,1738601230278000000,0
jps.reload.project.entities.ms,1738601225953000000,1738601230278000000,0
workspaceModel.mutableEntityStorage.instances.count,1738601225953000000,1738601230278000000,0
workspaceModel.global.apply.state.to.project.builder.ms,1738601225953000000,1738601230278000000,0
jps.app.storage.content.reader.load.component.ms,1738601225953000000,1738601230278000000,0
jps.project.serializers.load.ms,1738601225953000000,1738601230278000000,0
jps.global.initialize.library.bridges.ms,1738601225953000000,1738601230278000000,0
workspaceModel.moduleBridgeLoader.loading.modules.ms,1738601225953000000,1738601230278000000,0
jps.global.get.library.ms,1738601225953000000,1738601230278000000,0
jps.global.handle.before.change.events.ms,1738601225953000000,1738601230278000000,0
jps.artifact.entities.serializer.save.entities.ms,1738601225953000000,1738601230278000000,0
workspaceModel.mutableEntityStorage.entities.ms,1738601225953000000,1738601230278000000,0
jps.artifact.entities.serializer.load.entities.ms,1738601225953000000,1738601230278000000,0
workspaceModel.moduleManagerBridge.build.module.graph.ms,1738601225953000000,1738601230278000000,0
jps.global.initialize.library.bridges.after.loading.ms,1738601225953000000,1738601230278000000,0
workspaceModel.moduleManagerBridge.create.module.instance.ms,1738601225953000000,1738601230278000000,0
workspaceModel.do.save.caches.ms,1738601225953000000,1738601230278000000,0
jps.facet.change.listener.process.change.events.ms,1738601225953000000,1738601230278000000,0
workspaceModel.moduleManagerBridge.set.unloadedModules.ms,1738601225953000000,1738601230278000000,0
workspaceModel.global.updates.count,1738601225953000000,1738601230278000000,0
workspaceModel.mutableEntityStorage.resolve.ms,1738601225953000000,1738601230278000000,0
workspaceModel.moduleManagerBridge.load.module.ms,1738601225953000000,1738601230278000000,0
workspaceModel.moduleManagerBridge.load.all.modules.ms,1738601225953000000,1738601230278000000,0
workspaceModel.mutableEntityStorage.apply.changes.from.ms,1738601225953000000,1738601230278000000,0
workspaceModel.mutableEntityStorage.modify.entity.ms,1738601225953000000,1738601230278000000,0
workspaceModel.mutableEntityStorage.changeLog.addReplaceEventForRemovedChild.ms,1738601225953000000,1738601230278000000,0
workspaceModel.mutableEntityStorage.has.same.entities.ms,1738601225953000000,1738601230278000000,0
jps.load.initial.state.ms,1738601225953000000,1738601230278000000,0
workspaceModel.save.cache.to.file.ms,1738601225953000000,1738601230278000000,0
workspaceModel.mutableEntityStorage.add.entity.ms,1738601225953000000,1738601230278000000,0
jps.global.get.library.by.name.ms,1738601225953000000,1738601230278000000,0
workspaceModel.load.cache.from.file.ms,1738601225953000000,1738601230278000000,0
workspaceModel.moduleManagerBridge.newModule.ms,1738601225953000000,1738601230278000000,0
jps.module.dependency.index.workspace.model.listener.on.changed.ms,1738601225953000000,1738601230278000000,0
workspaceModel.mutableEntityStorage.referrers.ms,1738601225953000000,1738601230278000000,0
workspaceModel.mutableEntityStorage.changeLog.addReplaceEventForNewParent.ms,1738601225953000000,1738601230278000000,0
jps.load.project.to.empty.storage.ms,1738601225953000000,1738601230278000000,0
workspaceModel.sync.entities.ms,1738601225953000000,1738601230278000000,0
workspaceModel.mutableEntityStorage.to.snapshot.ms,1738601225953000000,1738601230278000000,0
workspaceModel.delayed.project.synchronizer.sync.ms,1738601225953000000,1738601230278000000,0
workspaceModel.mutableEntityStorage.collect.changes.ms,1738601225953000000,1738601230278000000,0
workspaceModel.moduleManagerBridge.new.nonPersistent.module.ms,1738601225953000000,1738601230278000000,0
jps.facet.change.listener.before.change.events.ms,1738601225953000000,1738601230278000000,0
Indexing.cache.totalCacheEvicted,1738601225953000000,1738601230278000000,0
Indexing.cache.totalCacheAccesses,1738601225953000000,1738601230278000000,0
Indexing.writer_1.totalTimeSpentWritingMs,1738601225953000000,1738601230278000000,0
Indexing.writer_0.totalTimeSpentWritingMs,1738601225953000000,1738601230278000000,0
Indexing.writesQueuedMax,1738601225953000000,1738601230278000000,0
Indexing.writer_2.totalTimeSpentWritingMs,1738601225953000000,1738601230278000000,0
Indexing.writesQueuedMin,1738601225953000000,1738601230278000000,9223372036854775807
Indexing.totalTimeIndexersSleptMs,1738601225953000000,1738601230278000000,0
Indexing.writer_3.totalTimeSpentWritingMs,1738601225953000000,1738601230278000000,0
Indexing.cache.totalCacheMisses,1738601225953000000,1738601230278000000,0
AWTEventQueue.dispatchTimeTotalNS,1738601225953000000,1738601230278000000,1038232322
NonBlockingReadAction.finalizedExecutionsCount,1738601225953000000,1738601230278000000,3
NonBlockingReadAction.finalizedExecutionTimeUs,1738601225953000000,1738601230278000000,32553
NonBlockingReadAction.failedExecutionTimeUs,1738601225953000000,1738601230278000000,0
NonBlockingReadAction.failedExecutionsCount,1738601225953000000,1738601230278000000,0
VFS.fileChildByName,1738601225953000000,1738601230278000000,46
VFS.fileByIdCache.hits,1738601225953000000,1738601230278000000,4
VFS.fileByIdCache.misses,1738601225953000000,1738601230278000000,0
VFS.invertedFileNameIndex.requests,1738601225953000000,1738601230278000000,0
FileChannelInterruptsRetryer.totalRetriedAttempts,1738601225953000000,1738601230278000000,0
FilePageCache.capacityInBytes,1738601225953000000,1738601230278000000,629145600
DirectByteBufferAllocator.totalSizeOfBuffersCachedInBytes,1738601225953000000,1738601230278000000,1048576
StorageLockContext.competingThreads.max,1738601225953000000,1738601230278000000,0
FilePageCache.totalPageDisposalsUs,1738601225953000000,1738601230278000000,0
DirectByteBufferAllocator.totalSizeOfBuffersAllocatedInBytes,1738601225953000000,1738601230278000000,1048576
StorageLockContext.competingThreads.avg,1738601225953000000,1738601230278000000,0.0
FilePageCache.pageLoads,1738601225953000000,1738601230278000000,0
DirectByteBufferAllocator.misses,1738601225953000000,1738601230278000000,0
DirectByteBufferAllocator.hits,1738601225953000000,1738601230278000000,0
FilePageCache.uncachedFileAccess,1738601225953000000,1738601230278000000,0
FilePageCache.pageFastCacheHits,1738601225953000000,1738601230278000000,0
FilePageCache.pageHits,1738601225953000000,1738601230278000000,0
StorageLockContext.competingThreads.90P,1738601225953000000,1738601230278000000,0
FilePageCache.totalPageLoadsUs,1738601225953000000,1738601230278000000,0
FilePageCache.maxRegisteredFiles,1738601225953000000,1738601230278000000,3
FilePageCache.disposedBuffers,1738601225953000000,1738601230278000000,1
FilePageCache.maxCacheSizeInBytes,1738601225953000000,1738601230278000000,1048576
FilePageCache.pageLoadsAboveSizeThreshold,1738601225953000000,1738601230278000000,0
DirectByteBufferAllocator.reclaimed,1738601225953000000,1738601230278000000,1
DirectByteBufferAllocator.disposed,1738601225953000000,1738601230278000000,0
