[{"name":"lux.LuxRendererStatistics.LxClipStateChange.size","description":"","unit":"bytes","type":"LONG_SUM","data":{"points":[{"startEpochNanos":1738601105893000000,"epochNanos":1738601165892000000,"attributes":{"data":[],"empty":true},"value":360}],"monotonic":true,"aggregationTemporality":"DELTA"}},{"name":"lux.LuxRendererStatistics.LxCacheableImage.calls","description":"","unit":"1","type":"LONG_SUM","data":{"points":[{"startEpochNanos":1738601105893000000,"epochNanos":1738601165892000000,"attributes":{"data":[],"empty":true},"value":2}],"monotonic":true,"aggregationTemporality":"DELTA"}},{"name":"lux.LuxRendererStatistics.LxDrawShapeCommand.calls","description":"","unit":"1","type":"LONG_SUM","data":{"points":[{"startEpochNanos":1738601105893000000,"epochNanos":1738601165892000000,"attributes":{"data":[],"empty":true},"value":2}],"monotonic":true,"aggregationTemporality":"DELTA"}},{"name":"lux.LuxRendererStatistics.LxPathShape.calls","description":"","unit":"1","type":"LONG_SUM","data":{"points":[{"startEpochNanos":1738601105893000000,"epochNanos":1738601165892000000,"attributes":{"data":[],"empty":true},"value":35}],"monotonic":true,"aggregationTemporality":"DELTA"}},{"name":"lux.LuxRendererStatistics.LxCachedImage.size","description":"","unit":"bytes","type":"LONG_SUM","data":{"points":[{"startEpochNanos":1738601105893000000,"epochNanos":1738601165892000000,"attributes":{"data":[],"empty":true},"value":14}],"monotonic":true,"aggregationTemporality":"DELTA"}},{"name":"lux.LuxRendererStatistics.LxRectShape.size","description":"","unit":"bytes","type":"LONG_SUM","data":{"points":[{"startEpochNanos":1738601105893000000,"epochNanos":1738601165892000000,"attributes":{"data":[],"empty":true},"value":608}],"monotonic":true,"aggregationTemporality":"DELTA"}},{"name":"lux.LuxRendererStatistics.LxClipStateChange.calls","description":"","unit":"1","type":"LONG_SUM","data":{"points":[{"startEpochNanos":1738601105893000000,"epochNanos":1738601165892000000,"attributes":{"data":[],"empty":true},"value":90}],"monotonic":true,"aggregationTemporality":"DELTA"}},{"name":"lux.LuxRendererStatistics.LxEllipseShape.size","description":"","unit":"bytes","type":"LONG_SUM","data":{"points":[{"startEpochNanos":1738601105893000000,"epochNanos":1738601165892000000,"attributes":{"data":[],"empty":true},"value":16}],"monotonic":true,"aggregationTemporality":"DELTA"}},{"name":"lux.LuxRendererStatistics.LxFontStateChange.calls","description":"","unit":"1","type":"LONG_SUM","data":{"points":[{"startEpochNanos":1738601105893000000,"epochNanos":1738601165892000000,"attributes":{"data":[],"empty":true},"value":43}],"monotonic":true,"aggregationTemporality":"DELTA"}},{"name":"lux.LuxRendererStatistics.State_Changes.size","description":"","unit":"bytes","type":"LONG_SUM","data":{"points":[{"startEpochNanos":1738601105893000000,"epochNanos":1738601165892000000,"attributes":{"data":[],"empty":true},"value":1639}],"monotonic":true,"aggregationTemporality":"DELTA"}},{"name":"lux.LuxRendererStatistics.LxPaintStateChange.size","description":"","unit":"bytes","type":"LONG_SUM","data":{"points":[{"startEpochNanos":1738601105893000000,"epochNanos":1738601165892000000,"attributes":{"data":[],"empty":true},"value":171}],"monotonic":true,"aggregationTemporality":"DELTA"}},{"name":"lux.LuxRendererStatistics.Operation_batch_flushes.calls","description":"","unit":"1","type":"LONG_SUM","data":{"points":[{"startEpochNanos":1738601105893000000,"epochNanos":1738601165892000000,"attributes":{"data":[],"empty":true},"value":14}],"monotonic":true,"aggregationTemporality":"DELTA"}},{"name":"lux.LuxRendererStatistics.LxRoundRectShape.calls","description":"","unit":"1","type":"LONG_SUM","data":{"points":[{"startEpochNanos":1738601105893000000,"epochNanos":1738601165892000000,"attributes":{"data":[],"empty":true},"value":52}],"monotonic":true,"aggregationTemporality":"DELTA"}},{"name":"lux.LuxRendererStatistics.LxRoundRectShape.size","description":"","unit":"bytes","type":"LONG_SUM","data":{"points":[{"startEpochNanos":1738601105893000000,"epochNanos":1738601165892000000,"attributes":{"data":[],"empty":true},"value":312}],"monotonic":true,"aggregationTemporality":"DELTA"}},{"name":"lux.LuxRendererStatistics.LxTransformStateChange.size","description":"","unit":"bytes","type":"LONG_SUM","data":{"points":[{"startEpochNanos":1738601105893000000,"epochNanos":1738601165892000000,"attributes":{"data":[],"empty":true},"value":1020}],"monotonic":true,"aggregationTemporality":"DELTA"}},{"name":"lux.LuxRendererStatistics.LxFontStateChange.size","description":"","unit":"bytes","type":"LONG_SUM","data":{"points":[{"startEpochNanos":1738601105893000000,"epochNanos":1738601165892000000,"attributes":{"data":[],"empty":true},"value":43}],"monotonic":true,"aggregationTemporality":"DELTA"}},{"name":"lux.LuxRendererStatistics.LxPaintStateChange.calls","description":"","unit":"1","type":"LONG_SUM","data":{"points":[{"startEpochNanos":1738601105893000000,"epochNanos":1738601165892000000,"attributes":{"data":[],"empty":true},"value":171}],"monotonic":true,"aggregationTemporality":"DELTA"}},{"name":"lux.LuxRendererStatistics.LxCachedImage.calls","description":"","unit":"1","type":"LONG_SUM","data":{"points":[{"startEpochNanos":1738601105893000000,"epochNanos":1738601165892000000,"attributes":{"data":[],"empty":true},"value":14}],"monotonic":true,"aggregationTemporality":"DELTA"}},{"name":"lux.LuxRendererStatistics.LxAliasingStateChange.size","description":"","unit":"bytes","type":"LONG_SUM","data":{"points":[{"startEpochNanos":1738601105893000000,"epochNanos":1738601165892000000,"attributes":{"data":[],"empty":true},"value":44}],"monotonic":true,"aggregationTemporality":"DELTA"}},{"name":"lux.LuxRendererStatistics.LxBackgroundColorStateChange.size","description":"","unit":"bytes","type":"LONG_SUM","data":{"points":[{"startEpochNanos":1738601105893000000,"epochNanos":1738601165892000000,"attributes":{"data":[],"empty":true},"value":1}],"monotonic":true,"aggregationTemporality":"DELTA"}},{"name":"lux.LuxRendererStatistics.LxFillShapeCommand.size","description":"","unit":"bytes","type":"LONG_SUM","data":{"points":[{"startEpochNanos":1738601105893000000,"epochNanos":1738601165892000000,"attributes":{"data":[],"empty":true},"value":4491}],"monotonic":true,"aggregationTemporality":"DELTA"}},{"name":"lux.LuxRendererStatistics.LxDrawImageCommand.size","description":"","unit":"bytes","type":"LONG_SUM","data":{"points":[{"startEpochNanos":1738601105893000000,"epochNanos":1738601165892000000,"attributes":{"data":[],"empty":true},"value":147}],"monotonic":true,"aggregationTemporality":"DELTA"}},{"name":"lux.LuxRendererStatistics.LxDrawShapeCommand.size","description":"","unit":"bytes","type":"LONG_SUM","data":{"points":[{"startEpochNanos":1738601105893000000,"epochNanos":1738601165892000000,"attributes":{"data":[],"empty":true},"value":8}],"monotonic":true,"aggregationTemporality":"DELTA"}},{"name":"lux.LuxRendererStatistics.LxRectShape.calls","description":"","unit":"1","type":"LONG_SUM","data":{"points":[{"startEpochNanos":1738601105893000000,"epochNanos":1738601165892000000,"attributes":{"data":[],"empty":true},"value":152}],"monotonic":true,"aggregationTemporality":"DELTA"}},{"name":"lux.LuxRendererStatistics.LxEllipseShape.calls","description":"","unit":"1","type":"LONG_SUM","data":{"points":[{"startEpochNanos":1738601105893000000,"epochNanos":1738601165892000000,"attributes":{"data":[],"empty":true},"value":4}],"monotonic":true,"aggregationTemporality":"DELTA"}},{"name":"lux.LuxRendererStatistics.LxAliasingStateChange.calls","description":"","unit":"1","type":"LONG_SUM","data":{"points":[{"startEpochNanos":1738601105893000000,"epochNanos":1738601165892000000,"attributes":{"data":[],"empty":true},"value":44}],"monotonic":true,"aggregationTemporality":"DELTA"}},{"name":"lux.LuxRendererStatistics.Draw_Commands_List.calls","description":"","unit":"1","type":"LONG_SUM","data":{"points":[{"startEpochNanos":1738601105893000000,"epochNanos":1738601165892000000,"attributes":{"data":[],"empty":true},"value":235}],"monotonic":true,"aggregationTemporality":"DELTA"}},{"name":"lux.LuxRendererStatistics.Operation_batch_flushes.size","description":"","unit":"bytes","type":"LONG_SUM","data":{"points":[{"startEpochNanos":1738601105893000000,"epochNanos":1738601165892000000,"attributes":{"data":[],"empty":true},"value":235}],"monotonic":true,"aggregationTemporality":"DELTA"}},{"name":"lux.LuxRendererStatistics.LxDrawTextCommand.calls","description":"","unit":"1","type":"LONG_SUM","data":{"points":[{"startEpochNanos":1738601105893000000,"epochNanos":1738601165892000000,"attributes":{"data":[],"empty":true},"value":66}],"monotonic":true,"aggregationTemporality":"DELTA"}},{"name":"lux.LuxRendererStatistics.LxBackgroundColorStateChange.calls","description":"","unit":"1","type":"LONG_SUM","data":{"points":[{"startEpochNanos":1738601105893000000,"epochNanos":1738601165892000000,"attributes":{"data":[],"empty":true},"value":1}],"monotonic":true,"aggregationTemporality":"DELTA"}},{"name":"lux.LuxRendererStatistics.LxCacheableImage.size","description":"","unit":"bytes","type":"LONG_SUM","data":{"points":[{"startEpochNanos":1738601105893000000,"epochNanos":1738601165892000000,"attributes":{"data":[],"empty":true},"value":133}],"monotonic":true,"aggregationTemporality":"DELTA"}},{"name":"lux.LuxRendererStatistics.LxFillShapeCommand.calls","description":"","unit":"1","type":"LONG_SUM","data":{"points":[{"startEpochNanos":1738601105893000000,"epochNanos":1738601165892000000,"attributes":{"data":[],"empty":true},"value":151}],"monotonic":true,"aggregationTemporality":"DELTA"}},{"name":"lux.LuxRendererStatistics.LxPathShape.size","description":"","unit":"bytes","type":"LONG_SUM","data":{"points":[{"startEpochNanos":1738601105893000000,"epochNanos":1738601165892000000,"attributes":{"data":[],"empty":true},"value":3923}],"monotonic":true,"aggregationTemporality":"DELTA"}},{"name":"lux.LuxRendererStatistics.LxDrawTextCommand.size","description":"","unit":"bytes","type":"LONG_SUM","data":{"points":[{"startEpochNanos":1738601105893000000,"epochNanos":1738601165892000000,"attributes":{"data":[],"empty":true},"value":1563}],"monotonic":true,"aggregationTemporality":"DELTA"}},{"name":"lux.LuxRendererStatistics.Draw_Commands_List.size","description":"","unit":"bytes","type":"LONG_SUM","data":{"points":[{"startEpochNanos":1738601105893000000,"epochNanos":1738601165892000000,"attributes":{"data":[],"empty":true},"value":7848}],"monotonic":true,"aggregationTemporality":"DELTA"}},{"name":"lux.LuxRendererStatistics.LxDrawImageCommand.calls","description":"","unit":"1","type":"LONG_SUM","data":{"points":[{"startEpochNanos":1738601105893000000,"epochNanos":1738601165892000000,"attributes":{"data":[],"empty":true},"value":16}],"monotonic":true,"aggregationTemporality":"DELTA"}},{"name":"lux.LuxRendererStatistics.State_Changes.calls","description":"","unit":"1","type":"LONG_SUM","data":{"points":[{"startEpochNanos":1738601105893000000,"epochNanos":1738601165892000000,"attributes":{"data":[],"empty":true},"value":519}],"monotonic":true,"aggregationTemporality":"DELTA"}},{"name":"lux.LuxRendererStatistics.LxTransformStateChange.calls","description":"","unit":"1","type":"LONG_SUM","data":{"points":[{"startEpochNanos":1738601105893000000,"epochNanos":1738601165892000000,"attributes":{"data":[],"empty":true},"value":170}],"monotonic":true,"aggregationTemporality":"DELTA"}},{"name":"DiskQueryRelay.tasksExecuted","description":"","unit":"","type":"LONG_SUM","data":{"points":[{"startEpochNanos":1738601105893000000,"epochNanos":1738601165892000000,"attributes":{"data":[],"empty":true},"value":0}],"monotonic":true,"aggregationTemporality":"DELTA"}},{"name":"DiskQueryRelay.taskWaitingTotalTimeUs","description":"","unit":"","type":"LONG_SUM","data":{"points":[{"startEpochNanos":1738601105893000000,"epochNanos":1738601165892000000,"attributes":{"data":[],"empty":true},"value":0}],"monotonic":true,"aggregationTemporality":"DELTA"}},{"name":"DiskQueryRelay.taskExecutionTotalTimeUs","description":"","unit":"","type":"LONG_SUM","data":{"points":[{"startEpochNanos":1738601105893000000,"epochNanos":1738601165892000000,"attributes":{"data":[],"empty":true},"value":0}],"monotonic":true,"aggregationTemporality":"DELTA"}},{"name":"DiskQueryRelay.tasksRequested","description":"","unit":"","type":"LONG_SUM","data":{"points":[{"startEpochNanos":1738601105893000000,"epochNanos":1738601165892000000,"attributes":{"data":[],"empty":true},"value":0}],"monotonic":true,"aggregationTemporality":"DELTA"}},{"name":"cacheStateStorage.set.duration","description":"","unit":"","type":"LONG_SUM","data":{"points":[{"startEpochNanos":1738601105893000000,"epochNanos":1738601165892000000,"attributes":{"data":[],"empty":true},"value":10}],"monotonic":true,"aggregationTemporality":"DELTA"}},{"name":"cacheStateStorage.set.counter","description":"","unit":"","type":"LONG_SUM","data":{"points":[{"startEpochNanos":1738601105893000000,"epochNanos":1738601165892000000,"attributes":{"data":[],"empty":true},"value":1}],"monotonic":true,"aggregationTemporality":"DELTA"}},{"name":"cacheStateStorage.get.duration","description":"","unit":"","type":"LONG_SUM","data":{"points":[{"startEpochNanos":1738601105893000000,"epochNanos":1738601165892000000,"attributes":{"data":[],"empty":true},"value":0}],"monotonic":true,"aggregationTemporality":"DELTA"}},{"name":"cacheStateStorage.get.counter","description":"","unit":"","type":"LONG_SUM","data":{"points":[{"startEpochNanos":1738601105893000000,"epochNanos":1738601165892000000,"attributes":{"data":[],"empty":true},"value":1}],"monotonic":true,"aggregationTemporality":"DELTA"}},{"name":"rdct.CountingByteChannel.readBytesRate.project.1","description":"","unit":"bytes","type":"LONG_SUM","data":{"points":[{"startEpochNanos":1738601105893000000,"epochNanos":1738601165892000000,"attributes":{"data":[],"empty":true},"value":7132}],"monotonic":true,"aggregationTemporality":"DELTA"}},{"name":"rdct.TransportWrapperImpl.receivedFrames.project.1","description":"","unit":"1","type":"LONG_SUM","data":{"points":[{"startEpochNanos":1738601105893000000,"epochNanos":1738601165892000000,"attributes":{"data":[],"empty":true},"value":142}],"monotonic":true,"aggregationTemporality":"DELTA"}},{"name":"rdct.TransportWrapperImpl.receivedFramesLenRate.project.1","description":"","unit":"framesLen","type":"LONG_GAUGE","data":{"points":[{"startEpochNanos":1738601105893000000,"epochNanos":1738601165892000000,"attributes":{"data":[],"empty":true},"value":13206}]}},{"name":"rdct.TransportWrapperImpl.sentFramesLenRate.project.1","description":"","unit":"framesLen","type":"LONG_GAUGE","data":{"points":[{"startEpochNanos":1738601105893000000,"epochNanos":1738601165892000000,"attributes":{"data":[],"empty":true},"value":154}]}},{"name":"rdct.CountingByteChannel.writeBytesRate.project.1","description":"","unit":"bytes","type":"LONG_SUM","data":{"points":[{"startEpochNanos":1738601105893000000,"epochNanos":1738601165892000000,"attributes":{"data":[],"empty":true},"value":2547}],"monotonic":true,"aggregationTemporality":"DELTA"}},{"name":"rdct.TransportWrapperImpl.connectionState.project.1","description":"","unit":"stateOrdinal","type":"LONG_GAUGE","data":{"points":[{"startEpochNanos":1738601105893000000,"epochNanos":1738601165892000000,"attributes":{"data":[],"empty":true},"value":1}]}},{"name":"Indexing.cache.totalCacheEvicted","description":"","unit":"","type":"LONG_SUM","data":{"points":[{"startEpochNanos":1738601105893000000,"epochNanos":1738601165892000000,"attributes":{"data":[],"empty":true},"value":0}],"monotonic":true,"aggregationTemporality":"DELTA"}},{"name":"Indexing.cache.totalCacheAccesses","description":"","unit":"","type":"LONG_SUM","data":{"points":[{"startEpochNanos":1738601105893000000,"epochNanos":1738601165892000000,"attributes":{"data":[],"empty":true},"value":0}],"monotonic":true,"aggregationTemporality":"DELTA"}},{"name":"Indexing.writer_1.totalTimeSpentWritingMs","description":"","unit":"","type":"LONG_SUM","data":{"points":[{"startEpochNanos":1738601105893000000,"epochNanos":1738601165892000000,"attributes":{"data":[],"empty":true},"value":0}],"monotonic":true,"aggregationTemporality":"DELTA"}},{"name":"Indexing.writer_0.totalTimeSpentWritingMs","description":"","unit":"","type":"LONG_SUM","data":{"points":[{"startEpochNanos":1738601105893000000,"epochNanos":1738601165892000000,"attributes":{"data":[],"empty":true},"value":0}],"monotonic":true,"aggregationTemporality":"DELTA"}},{"name":"Indexing.writesQueuedMax","description":"","unit":"","type":"LONG_GAUGE","data":{"points":[{"startEpochNanos":1738601105893000000,"epochNanos":1738601165892000000,"attributes":{"data":[],"empty":true},"value":0}]}},{"name":"Indexing.writer_2.totalTimeSpentWritingMs","description":"","unit":"","type":"LONG_SUM","data":{"points":[{"startEpochNanos":1738601105893000000,"epochNanos":1738601165892000000,"attributes":{"data":[],"empty":true},"value":0}],"monotonic":true,"aggregationTemporality":"DELTA"}},{"name":"Indexing.writesQueuedMin","description":"","unit":"","type":"LONG_GAUGE","data":{"points":[{"startEpochNanos":1738601105893000000,"epochNanos":1738601165892000000,"attributes":{"data":[],"empty":true},"value":0}]}},{"name":"Indexing.totalTimeIndexersSleptMs","description":"","unit":"","type":"LONG_SUM","data":{"points":[{"startEpochNanos":1738601105893000000,"epochNanos":1738601165892000000,"attributes":{"data":[],"empty":true},"value":0}],"monotonic":true,"aggregationTemporality":"DELTA"}},{"name":"Indexing.writer_3.totalTimeSpentWritingMs","description":"","unit":"","type":"LONG_SUM","data":{"points":[{"startEpochNanos":1738601105893000000,"epochNanos":1738601165892000000,"attributes":{"data":[],"empty":true},"value":0}],"monotonic":true,"aggregationTemporality":"DELTA"}},{"name":"Indexing.writesQueuedAvg","description":"","unit":"","type":"DOUBLE_GAUGE","data":{"points":[{"startEpochNanos":1738601105893000000,"epochNanos":1738601165892000000,"attributes":{"data":[],"empty":true},"value":0.0}]}},{"name":"Indexing.cache.totalCacheMisses","description":"","unit":"","type":"LONG_SUM","data":{"points":[{"startEpochNanos":1738601105893000000,"epochNanos":1738601165892000000,"attributes":{"data":[],"empty":true},"value":0}],"monotonic":true,"aggregationTemporality":"DELTA"}},{"name":"FlushQueue.waitingTime90PNs","description":"","unit":"ns","type":"LONG_GAUGE","data":{"points":[{"startEpochNanos":1738601105893000000,"epochNanos":1738601165892000000,"attributes":{"data":[],"empty":true},"value":749567}]}},{"name":"FlushQueue.executionTimeAvgNs","description":"","unit":"ns","type":"DOUBLE_GAUGE","data":{"points":[{"startEpochNanos":1738601105893000000,"epochNanos":1738601165892000000,"attributes":{"data":[],"empty":true},"value":1.7525399581308413E8}]}},{"name":"AWTEventQueue.dispatchTimeTotalNS","description":"","unit":"ns","type":"LONG_SUM","data":{"points":[{"startEpochNanos":1738601105893000000,"epochNanos":1738601165892000000,"attributes":{"data":[],"empty":true},"value":803601468}],"monotonic":true,"aggregationTemporality":"DELTA"}},{"name":"FlushQueue.queueSizeMax","description":"","unit":"","type":"LONG_GAUGE","data":{"points":[{"startEpochNanos":1738601105893000000,"epochNanos":1738601165892000000,"attributes":{"data":[],"empty":true},"value":8}]}},{"name":"AWTEventQueue.dispatchTimeAvgNs","description":"","unit":"ns","type":"DOUBLE_GAUGE","data":{"points":[{"startEpochNanos":1738601105893000000,"epochNanos":1738601165892000000,"attributes":{"data":[],"empty":true},"value":1083593.391304348}]}},{"name":"FlushQueue.queueSizeAvg","description":"","unit":"","type":"DOUBLE_GAUGE","data":{"points":[{"startEpochNanos":1738601105893000000,"epochNanos":1738601165892000000,"attributes":{"data":[],"empty":true},"value":0.29205607476635514}]}},{"name":"FlushQueue.executionTimeMaxNs","description":"","unit":"ns","type":"LONG_GAUGE","data":{"points":[{"startEpochNanos":1738601105893000000,"epochNanos":1738601165892000000,"attributes":{"data":[],"empty":true},"value":75161927679}]}},{"name":"FlushQueue.queueSize90P","description":"","unit":"","type":"LONG_GAUGE","data":{"points":[{"startEpochNanos":1738601105893000000,"epochNanos":1738601165892000000,"attributes":{"data":[],"empty":true},"value":1}]}},{"name":"FlushQueue.waitingTimeAvgNs","description":"","unit":"ns","type":"DOUBLE_GAUGE","data":{"points":[{"startEpochNanos":1738601105893000000,"epochNanos":1738601165892000000,"attributes":{"data":[],"empty":true},"value":2216401.5887850467}]}},{"name":"AWTEventQueue.dispatchTime90PNs","description":"","unit":"ns","type":"LONG_GAUGE","data":{"points":[{"startEpochNanos":1738601105893000000,"epochNanos":1738601165892000000,"attributes":{"data":[],"empty":true},"value":970751}]}},{"name":"AWTEventQueue.dispatchTimeMaxNs","description":"","unit":"ns","type":"LONG_GAUGE","data":{"points":[{"startEpochNanos":1738601105893000000,"epochNanos":1738601165892000000,"attributes":{"data":[],"empty":true},"value":59768831}]}},{"name":"FlushQueue.executionTime90PNs","description":"","unit":"ns","type":"LONG_GAUGE","data":{"points":[{"startEpochNanos":1738601105893000000,"epochNanos":1738601165892000000,"attributes":{"data":[],"empty":true},"value":423935}]}},{"name":"FlushQueue.tasksExecuted","description":"","unit":"","type":"LONG_GAUGE","data":{"points":[{"startEpochNanos":1738601105893000000,"epochNanos":1738601165892000000,"attributes":{"data":[],"empty":true},"value":428}]}},{"name":"AWTEventQueue.eventsDispatched","description":"","unit":"","type":"LONG_GAUGE","data":{"points":[{"startEpochNanos":1738601105893000000,"epochNanos":1738601165892000000,"attributes":{"data":[],"empty":true},"value":736}]}},{"name":"FlushQueue.waitingTimeMaxNs","description":"","unit":"ns","type":"LONG_GAUGE","data":{"points":[{"startEpochNanos":1738601105893000000,"epochNanos":1738601165892000000,"attributes":{"data":[],"empty":true},"value":109576191}]}},{"name":"VFS.contentStorage.recordsReadSize","description":"","unit":"","type":"LONG_SUM","data":{"points":[{"startEpochNanos":1738601105893000000,"epochNanos":1738601165892000000,"attributes":{"data":[],"empty":true},"value":0}],"monotonic":true,"aggregationTemporality":"DELTA"}},{"name":"VFS.contentStorage.recordsUncompressedSize","description":"","unit":"","type":"LONG_SUM","data":{"points":[{"startEpochNanos":1738601105893000000,"epochNanos":1738601165892000000,"attributes":{"data":[],"empty":true},"value":0}],"monotonic":true,"aggregationTemporality":"DELTA"}},{"name":"VFS.contentStorage.recordsDeduplicated","description":"","unit":"","type":"LONG_SUM","data":{"points":[{"startEpochNanos":1738601105893000000,"epochNanos":1738601165892000000,"attributes":{"data":[],"empty":true},"value":0}],"monotonic":true,"aggregationTemporality":"DELTA"}},{"name":"VFS.contentStorage.recordsDecompressionTimeUs","description":"","unit":"","type":"LONG_SUM","data":{"points":[{"startEpochNanos":1738601105893000000,"epochNanos":1738601165892000000,"attributes":{"data":[],"empty":true},"value":0}],"monotonic":true,"aggregationTemporality":"DELTA"}},{"name":"VFS.fileChildByName","description":"","unit":"","type":"LONG_SUM","data":{"points":[{"startEpochNanos":1738601105893000000,"epochNanos":1738601165892000000,"attributes":{"data":[],"empty":true},"value":0}],"monotonic":true,"aggregationTemporality":"DELTA"}},{"name":"VFS.contentStorage.recordsRead","description":"","unit":"","type":"LONG_SUM","data":{"points":[{"startEpochNanos":1738601105893000000,"epochNanos":1738601165892000000,"attributes":{"data":[],"empty":true},"value":0}],"monotonic":true,"aggregationTemporality":"DELTA"}},{"name":"VFS.fileByIdCache.hits","description":"","unit":"","type":"LONG_SUM","data":{"points":[{"startEpochNanos":1738601105893000000,"epochNanos":1738601165892000000,"attributes":{"data":[],"empty":true},"value":0}],"monotonic":true,"aggregationTemporality":"DELTA"}},{"name":"FileNameCache.queries","description":"","unit":"","type":"LONG_SUM","data":{"points":[{"startEpochNanos":1738601105893000000,"epochNanos":1738601165892000000,"attributes":{"data":[],"empty":true},"value":0}],"monotonic":true,"aggregationTemporality":"DELTA"}},{"name":"VFS.fileByIdCache.misses","description":"","unit":"","type":"LONG_SUM","data":{"points":[{"startEpochNanos":1738601105893000000,"epochNanos":1738601165892000000,"attributes":{"data":[],"empty":true},"value":0}],"monotonic":true,"aggregationTemporality":"DELTA"}},{"name":"VFS.invertedFileNameIndex.requests","description":"","unit":"","type":"LONG_SUM","data":{"points":[{"startEpochNanos":1738601105893000000,"epochNanos":1738601165892000000,"attributes":{"data":[],"empty":true},"value":0}],"monotonic":true,"aggregationTemporality":"DELTA"}},{"name":"FileNameCache.totalMisses","description":"","unit":"","type":"LONG_SUM","data":{"points":[{"startEpochNanos":1738601105893000000,"epochNanos":1738601165892000000,"attributes":{"data":[],"empty":true},"value":0}],"monotonic":true,"aggregationTemporality":"DELTA"}},{"name":"VFS.contentStorage.recordsReadDecompressed","description":"","unit":"","type":"LONG_SUM","data":{"points":[{"startEpochNanos":1738601105893000000,"epochNanos":1738601165892000000,"attributes":{"data":[],"empty":true},"value":0}],"monotonic":true,"aggregationTemporality":"DELTA"}},{"name":"VFS.contentStorage.recordsStoredCompressed","description":"","unit":"","type":"LONG_SUM","data":{"points":[{"startEpochNanos":1738601105893000000,"epochNanos":1738601165892000000,"attributes":{"data":[],"empty":true},"value":0}],"monotonic":true,"aggregationTemporality":"DELTA"}},{"name":"VFS.contentStorage.recordsStored","description":"","unit":"","type":"LONG_SUM","data":{"points":[{"startEpochNanos":1738601105893000000,"epochNanos":1738601165892000000,"attributes":{"data":[],"empty":true},"value":0}],"monotonic":true,"aggregationTemporality":"DELTA"}},{"name":"VFS.contentStorage.recordsStoredSize","description":"","unit":"","type":"LONG_SUM","data":{"points":[{"startEpochNanos":1738601105893000000,"epochNanos":1738601165892000000,"attributes":{"data":[],"empty":true},"value":0}],"monotonic":true,"aggregationTemporality":"DELTA"}},{"name":"FileChannelInterruptsRetryer.totalRetriedAttempts","description":"","unit":"","type":"LONG_SUM","data":{"points":[{"startEpochNanos":1738601105893000000,"epochNanos":1738601165892000000,"attributes":{"data":[],"empty":true},"value":0}],"monotonic":true,"aggregationTemporality":"DELTA"}},{"name":"MappedFileStorage.storages","description":"MappedFileStorage instances in operation at the moment","unit":"","type":"LONG_GAUGE","data":{"points":[{"startEpochNanos":1738601105893000000,"epochNanos":1738601165892000000,"attributes":{"data":[],"empty":true},"value":5}]}},{"name":"StreamlinedBlobStorage.totalLiveRecordsCapacityBytes","description":"","unit":"","type":"LONG_SUM","data":{"points":[{"startEpochNanos":1738601105893000000,"epochNanos":1738601165892000000,"attributes":{"data":[{"type":"STRING","key":"file","keyUtf8":"ZmlsZQ=="},"attributes.dat"],"empty":false},"value":0}],"monotonic":false,"aggregationTemporality":"DELTA"}},{"name":"FilePageCache.capacityInBytes","description":"Cache capacity, configured on application startup","unit":"bytes","type":"LONG_GAUGE","data":{"points":[{"startEpochNanos":1738601105893000000,"epochNanos":1738601165892000000,"attributes":{"data":[],"empty":true},"value":629145600}]}},{"name":"DirectByteBufferAllocator.totalSizeOfBuffersCachedInBytes","description":"","unit":"bytes","type":"LONG_GAUGE","data":{"points":[{"startEpochNanos":1738601105893000000,"epochNanos":1738601165892000000,"attributes":{"data":[],"empty":true},"value":0}]}},{"name":"StorageLockContext.competingThreads.max","description":"","unit":"","type":"LONG_GAUGE","data":{"points":[{"startEpochNanos":1738601105893000000,"epochNanos":1738601165892000000,"attributes":{"data":[],"empty":true},"value":0}]}},{"name":"MappedFileStorage.totalPagesMapped","description":"MappedFileStorage.Page instances in operation at the moment","unit":"","type":"LONG_GAUGE","data":{"points":[{"startEpochNanos":1738601105893000000,"epochNanos":1738601165892000000,"attributes":{"data":[],"empty":true},"value":5}]}},{"name":"FilePageCache.totalPageDisposalsUs","description":"","unit":"us","type":"LONG_SUM","data":{"points":[{"startEpochNanos":1738601105893000000,"epochNanos":1738601165892000000,"attributes":{"data":[],"empty":true},"value":0}],"monotonic":true,"aggregationTemporality":"DELTA"}},{"name":"MappedFileStorage.totalTimeSpentOnMappingUs","description":"Total time (us) spent inside Page.map() method (file expansion/zeroing, + mmap)","unit":"us","type":"LONG_GAUGE","data":{"points":[{"startEpochNanos":1738601105893000000,"epochNanos":1738601165892000000,"attributes":{"data":[],"empty":true},"value":1023687}]}},{"name":"DirectByteBufferAllocator.totalSizeOfBuffersAllocatedInBytes","description":"","unit":"bytes","type":"LONG_GAUGE","data":{"points":[{"startEpochNanos":1738601105893000000,"epochNanos":1738601165892000000,"attributes":{"data":[],"empty":true},"value":1048576}]}},{"name":"StreamlinedBlobStorage.recordsAllocated","description":"","unit":"","type":"LONG_SUM","data":{"points":[{"startEpochNanos":1738601105893000000,"epochNanos":1738601165892000000,"attributes":{"data":[{"type":"STRING","key":"file","keyUtf8":"ZmlsZQ=="},"attributes.dat"],"empty":false},"value":0}],"monotonic":true,"aggregationTemporality":"DELTA"}},{"name":"StorageLockContext.competingThreads.avg","description":"","unit":"","type":"DOUBLE_GAUGE","data":{"points":[{"startEpochNanos":1738601105893000000,"epochNanos":1738601165892000000,"attributes":{"data":[],"empty":true},"value":0.0}]}},{"name":"MappedFileStorage.totalBytesMapped","description":"Total size of MappedByteBuffers in use by MappedFileStorage at the moment","unit":"bytes","type":"LONG_GAUGE","data":{"points":[{"startEpochNanos":1738601105893000000,"epochNanos":1738601165892000000,"attributes":{"data":[],"empty":true},"value":160432128}]}},{"name":"FilePageCache.pageLoads","description":"","unit":"","type":"LONG_SUM","data":{"points":[{"startEpochNanos":1738601105893000000,"epochNanos":1738601165892000000,"attributes":{"data":[],"empty":true},"value":0}],"monotonic":true,"aggregationTemporality":"DELTA"}},{"name":"DirectByteBufferAllocator.misses","description":"","unit":"","type":"LONG_SUM","data":{"points":[{"startEpochNanos":1738601105893000000,"epochNanos":1738601165892000000,"attributes":{"data":[],"empty":true},"value":0}],"monotonic":true,"aggregationTemporality":"DELTA"}},{"name":"DirectByteBufferAllocator.hits","description":"","unit":"","type":"LONG_SUM","data":{"points":[{"startEpochNanos":1738601105893000000,"epochNanos":1738601165892000000,"attributes":{"data":[],"empty":true},"value":0}],"monotonic":true,"aggregationTemporality":"DELTA"}},{"name":"FilePageCache.uncachedFileAccess","description":"","unit":"","type":"LONG_SUM","data":{"points":[{"startEpochNanos":1738601105893000000,"epochNanos":1738601165892000000,"attributes":{"data":[],"empty":true},"value":0}],"monotonic":true,"aggregationTemporality":"DELTA"}},{"name":"FilePageCache.pageFastCacheHits","description":"","unit":"","type":"LONG_SUM","data":{"points":[{"startEpochNanos":1738601105893000000,"epochNanos":1738601165892000000,"attributes":{"data":[],"empty":true},"value":0}],"monotonic":true,"aggregationTemporality":"DELTA"}},{"name":"FilePageCache.pageHits","description":"","unit":"","type":"LONG_SUM","data":{"points":[{"startEpochNanos":1738601105893000000,"epochNanos":1738601165892000000,"attributes":{"data":[],"empty":true},"value":0}],"monotonic":true,"aggregationTemporality":"DELTA"}},{"name":"StorageLockContext.competingThreads.90P","description":"","unit":"","type":"LONG_GAUGE","data":{"points":[{"startEpochNanos":1738601105893000000,"epochNanos":1738601165892000000,"attributes":{"data":[],"empty":true},"value":0}]}},{"name":"FilePageCache.totalPageLoadsUs","description":"","unit":"us","type":"LONG_SUM","data":{"points":[{"startEpochNanos":1738601105893000000,"epochNanos":1738601165892000000,"attributes":{"data":[],"empty":true},"value":0}],"monotonic":true,"aggregationTemporality":"DELTA"}},{"name":"FilePageCache.maxRegisteredFiles","description":"","unit":"","type":"LONG_GAUGE","data":{"points":[{"startEpochNanos":1738601105893000000,"epochNanos":1738601165892000000,"attributes":{"data":[],"empty":true},"value":3}]}},{"name":"StreamlinedBlobStorage.recordsRelocated","description":"","unit":"","type":"LONG_SUM","data":{"points":[{"startEpochNanos":1738601105893000000,"epochNanos":1738601165892000000,"attributes":{"data":[{"type":"STRING","key":"file","keyUtf8":"ZmlsZQ=="},"attributes.dat"],"empty":false},"value":0}],"monotonic":true,"aggregationTemporality":"DELTA"}},{"name":"FilePageCache.disposedBuffers","description":"","unit":"","type":"LONG_SUM","data":{"points":[{"startEpochNanos":1738601105893000000,"epochNanos":1738601165892000000,"attributes":{"data":[],"empty":true},"value":0}],"monotonic":true,"aggregationTemporality":"DELTA"}},{"name":"FilePageCache.maxCacheSizeInBytes","description":"Max size of all cached pages observed since application start","unit":"bytes","type":"LONG_GAUGE","data":{"points":[{"startEpochNanos":1738601105893000000,"epochNanos":1738601165892000000,"attributes":{"data":[],"empty":true},"value":1048576}]}},{"name":"FilePageCache.pageLoadsAboveSizeThreshold","description":"","unit":"","type":"LONG_SUM","data":{"points":[{"startEpochNanos":1738601105893000000,"epochNanos":1738601165892000000,"attributes":{"data":[],"empty":true},"value":0}],"monotonic":true,"aggregationTemporality":"DELTA"}},{"name":"DirectByteBufferAllocator.reclaimed","description":"","unit":"","type":"LONG_SUM","data":{"points":[{"startEpochNanos":1738601105893000000,"epochNanos":1738601165892000000,"attributes":{"data":[],"empty":true},"value":0}],"monotonic":true,"aggregationTemporality":"DELTA"}},{"name":"StreamlinedBlobStorage.recordsDeleted","description":"","unit":"","type":"LONG_SUM","data":{"points":[{"startEpochNanos":1738601105893000000,"epochNanos":1738601165892000000,"attributes":{"data":[{"type":"STRING","key":"file","keyUtf8":"ZmlsZQ=="},"attributes.dat"],"empty":false},"value":0}],"monotonic":true,"aggregationTemporality":"DELTA"}},{"name":"DirectByteBufferAllocator.disposed","description":"","unit":"","type":"LONG_SUM","data":{"points":[{"startEpochNanos":1738601105893000000,"epochNanos":1738601165892000000,"attributes":{"data":[],"empty":true},"value":0}],"monotonic":true,"aggregationTemporality":"DELTA"}},{"name":"StreamlinedBlobStorage.totalLiveRecordsPayloadBytes","description":"","unit":"","type":"LONG_SUM","data":{"points":[{"startEpochNanos":1738601105893000000,"epochNanos":1738601165892000000,"attributes":{"data":[{"type":"STRING","key":"file","keyUtf8":"ZmlsZQ=="},"attributes.dat"],"empty":false},"value":0}],"monotonic":false,"aggregationTemporality":"DELTA"}}]