{
  "appInfo" : {
    "build" : "251.18673.49",
    "buildDate" : "2025-02-01T09:18:00Z[UTC]",
    "productCode" : "JBC",
    "generated" : "2025-02-03T17:57:03.377909013Z",
    "os" : "Linux 5.19.0-46-generic",
    "runtime" : "JetBrains s.r.o. 21.0.6 21.0.6+8-b825.77"
  },
  "runtimeInfo" : {
    "maxMemory" : 1572864000,
    "numberOfProcessors" : 4,
    "maxNumberOfIndexingThreads" : 3,
    "maxSizeOfFileForIntelliSense" : 2560000,
    "maxSizeOfFileForContentLoading" : 20971520
  },
  "type" : "Scanning",
  "projectIndexingActivityHistory" : {
    "projectName" : "O2Physics",
    "times" : {
      "scanningReason" : "On project open",
      "scanningType" : "FULL_ON_PROJECT_OPEN",
      "scanningId" : 0,
      "creatingIteratorsTime" : 0,
      "concurrentHandlingWallTimeWithoutPauses" : 0,
      "concurrentHandlingWallTimeWithPauses" : 0,
      "concurrentHandlingSumOfThreadTimesWithPauses" : 0,
      "concurrentIterationAndScannersApplicationSumOfThreadTimesWithPauses" : 0,
      "concurrentFileCheckSumOfThreadTimesWithPauses" : 0,
      "delayedPushPropertiesStageTime" : 0,
      "indexExtensionsTime" : 0,
      "dumbWallTimeWithPauses" : 0,
      "dumbWallTimeWithoutPauses" : 0,
      "updatingStart" : "2025-02-03T17:57:03.198811909Z",
      "updatingEnd" : "2025-02-03T17:57:03.366854103Z",
      "totalWallTimeWithPauses" : 168042194,
      "wallTimeOnPause" : 5012918,
      "wasInterrupted" : false,
      "totalWallTimeWithoutPauses" : 163029276
    },
    "fileCount" : {
      "numberOfFileProviders" : 0,
      "numberOfScannedFiles" : 0,
      "numberOfFilesIndexedByInfrastructureExtensionsDuringScan" : 0,
      "numberOfFilesScheduledForIndexingAfterScan" : 0
    },
    "scanningStatistics" : [ ]
  }
}