[{"name":"FilePageCache.pageHits","description":"","unit":"","type":"LONG_SUM","data":{"points":[{"startEpochNanos":1738604978905000000,"epochNanos":1738605039055000000,"attributes":{"data":[],"empty":true},"value":0}],"monotonic":true,"aggregationTemporality":"DELTA"}},{"name":"MappedFileStorage.storages","description":"MappedFileStorage instances in operation at the moment","unit":"","type":"LONG_GAUGE","data":{"points":[{"startEpochNanos":1738604978905000000,"epochNanos":1738605039055000000,"attributes":{"data":[],"empty":true},"value":5}]}},{"name":"FilePageCache.maxCacheSizeInBytes","description":"Max size of all cached pages observed since application start","unit":"bytes","type":"LONG_GAUGE","data":{"points":[{"startEpochNanos":1738604978905000000,"epochNanos":1738605039055000000,"attributes":{"data":[],"empty":true},"value":1048576}]}},{"name":"StreamlinedBlobStorage.recordsAllocated","description":"","unit":"","type":"LONG_SUM","data":{"points":[{"startEpochNanos":1738604978905000000,"epochNanos":1738605039055000000,"attributes":{"data":[{"type":"STRING","key":"file","keyUtf8":"ZmlsZQ=="},"attributes.dat"],"empty":false},"value":11}],"monotonic":true,"aggregationTemporality":"DELTA"}},{"name":"FilePageCache.disposedBuffers","description":"","unit":"","type":"LONG_SUM","data":{"points":[{"startEpochNanos":1738604978905000000,"epochNanos":1738605039055000000,"attributes":{"data":[],"empty":true},"value":0}],"monotonic":true,"aggregationTemporality":"DELTA"}},{"name":"MappedFileStorage.totalPagesMapped","description":"MappedFileStorage.Page instances in operation at the moment","unit":"","type":"LONG_GAUGE","data":{"points":[{"startEpochNanos":1738604978905000000,"epochNanos":1738605039055000000,"attributes":{"data":[],"empty":true},"value":5}]}},{"name":"StorageLockContext.competingThreads.avg","description":"","unit":"","type":"DOUBLE_GAUGE","data":{"points":[{"startEpochNanos":1738604978905000000,"epochNanos":1738605039055000000,"attributes":{"data":[],"empty":true},"value":0.0}]}},{"name":"MappedFileStorage.totalBytesMapped","description":"Total size of MappedByteBuffers in use by MappedFileStorage at the moment","unit":"bytes","type":"LONG_GAUGE","data":{"points":[{"startEpochNanos":1738604978905000000,"epochNanos":1738605039055000000,"attributes":{"data":[],"empty":true},"value":160432128}]}},{"name":"FilePageCache.totalPageDisposalsUs","description":"","unit":"us","type":"LONG_SUM","data":{"points":[{"startEpochNanos":1738604978905000000,"epochNanos":1738605039055000000,"attributes":{"data":[],"empty":true},"value":26}],"monotonic":true,"aggregationTemporality":"DELTA"}},{"name":"DirectByteBufferAllocator.totalSizeOfBuffersAllocatedInBytes","description":"","unit":"bytes","type":"LONG_GAUGE","data":{"points":[{"startEpochNanos":1738604978905000000,"epochNanos":1738605039055000000,"attributes":{"data":[],"empty":true},"value":1048576}]}},{"name":"DirectByteBufferAllocator.hits","description":"","unit":"","type":"LONG_SUM","data":{"points":[{"startEpochNanos":1738604978905000000,"epochNanos":1738605039055000000,"attributes":{"data":[],"empty":true},"value":0}],"monotonic":true,"aggregationTemporality":"DELTA"}},{"name":"MappedFileStorage.totalTimeSpentOnMappingUs","description":"Total time (us) spent inside Page.map() method (file expansion/zeroing, + mmap)","unit":"us","type":"LONG_GAUGE","data":{"points":[{"startEpochNanos":1738604978905000000,"epochNanos":1738605039055000000,"attributes":{"data":[],"empty":true},"value":561997}]}},{"name":"DirectByteBufferAllocator.disposed","description":"","unit":"","type":"LONG_SUM","data":{"points":[{"startEpochNanos":1738604978905000000,"epochNanos":1738605039055000000,"attributes":{"data":[],"empty":true},"value":0}],"monotonic":true,"aggregationTemporality":"DELTA"}},{"name":"DirectByteBufferAllocator.reclaimed","description":"","unit":"","type":"LONG_SUM","data":{"points":[{"startEpochNanos":1738604978905000000,"epochNanos":1738605039055000000,"attributes":{"data":[],"empty":true},"value":0}],"monotonic":true,"aggregationTemporality":"DELTA"}},{"name":"StreamlinedBlobStorage.recordsRelocated","description":"","unit":"","type":"LONG_SUM","data":{"points":[{"startEpochNanos":1738604978905000000,"epochNanos":1738605039055000000,"attributes":{"data":[{"type":"STRING","key":"file","keyUtf8":"ZmlsZQ=="},"attributes.dat"],"empty":false},"value":0}],"monotonic":true,"aggregationTemporality":"DELTA"}},{"name":"StorageLockContext.competingThreads.90P","description":"","unit":"","type":"LONG_GAUGE","data":{"points":[{"startEpochNanos":1738604978905000000,"epochNanos":1738605039055000000,"attributes":{"data":[],"empty":true},"value":0}]}},{"name":"FilePageCache.uncachedFileAccess","description":"","unit":"","type":"LONG_SUM","data":{"points":[{"startEpochNanos":1738604978905000000,"epochNanos":1738605039055000000,"attributes":{"data":[],"empty":true},"value":3}],"monotonic":true,"aggregationTemporality":"DELTA"}},{"name":"DirectByteBufferAllocator.totalSizeOfBuffersCachedInBytes","description":"","unit":"bytes","type":"LONG_GAUGE","data":{"points":[{"startEpochNanos":1738604978905000000,"epochNanos":1738605039055000000,"attributes":{"data":[],"empty":true},"value":0}]}},{"name":"FileChannelInterruptsRetryer.totalRetriedAttempts","description":"","unit":"","type":"LONG_SUM","data":{"points":[{"startEpochNanos":1738604978905000000,"epochNanos":1738605039055000000,"attributes":{"data":[],"empty":true},"value":0}],"monotonic":true,"aggregationTemporality":"DELTA"}},{"name":"FilePageCache.totalPageLoadsUs","description":"","unit":"us","type":"LONG_SUM","data":{"points":[{"startEpochNanos":1738604978905000000,"epochNanos":1738605039055000000,"attributes":{"data":[],"empty":true},"value":40534}],"monotonic":true,"aggregationTemporality":"DELTA"}},{"name":"FilePageCache.pageFastCacheHits","description":"","unit":"","type":"LONG_SUM","data":{"points":[{"startEpochNanos":1738604978905000000,"epochNanos":1738605039055000000,"attributes":{"data":[],"empty":true},"value":68}],"monotonic":true,"aggregationTemporality":"DELTA"}},{"name":"StreamlinedBlobStorage.totalLiveRecordsPayloadBytes","description":"","unit":"","type":"LONG_SUM","data":{"points":[{"startEpochNanos":1738604978905000000,"epochNanos":1738605039055000000,"attributes":{"data":[{"type":"STRING","key":"file","keyUtf8":"ZmlsZQ=="},"attributes.dat"],"empty":false},"value":79}],"monotonic":false,"aggregationTemporality":"DELTA"}},{"name":"FilePageCache.pageLoads","description":"","unit":"","type":"LONG_SUM","data":{"points":[{"startEpochNanos":1738604978905000000,"epochNanos":1738605039055000000,"attributes":{"data":[],"empty":true},"value":1}],"monotonic":true,"aggregationTemporality":"DELTA"}},{"name":"StreamlinedBlobStorage.totalLiveRecordsCapacityBytes","description":"","unit":"","type":"LONG_SUM","data":{"points":[{"startEpochNanos":1738604978905000000,"epochNanos":1738605039055000000,"attributes":{"data":[{"type":"STRING","key":"file","keyUtf8":"ZmlsZQ=="},"attributes.dat"],"empty":false},"value":770}],"monotonic":false,"aggregationTemporality":"DELTA"}},{"name":"FilePageCache.capacityInBytes","description":"Cache capacity, configured on application startup","unit":"bytes","type":"LONG_GAUGE","data":{"points":[{"startEpochNanos":1738604978905000000,"epochNanos":1738605039055000000,"attributes":{"data":[],"empty":true},"value":629145600}]}},{"name":"FilePageCache.pageLoadsAboveSizeThreshold","description":"","unit":"","type":"LONG_SUM","data":{"points":[{"startEpochNanos":1738604978905000000,"epochNanos":1738605039055000000,"attributes":{"data":[],"empty":true},"value":0}],"monotonic":true,"aggregationTemporality":"DELTA"}},{"name":"DirectByteBufferAllocator.misses","description":"","unit":"","type":"LONG_SUM","data":{"points":[{"startEpochNanos":1738604978905000000,"epochNanos":1738605039055000000,"attributes":{"data":[],"empty":true},"value":1}],"monotonic":true,"aggregationTemporality":"DELTA"}},{"name":"FilePageCache.maxRegisteredFiles","description":"","unit":"","type":"LONG_GAUGE","data":{"points":[{"startEpochNanos":1738604978905000000,"epochNanos":1738605039055000000,"attributes":{"data":[],"empty":true},"value":3}]}},{"name":"StreamlinedBlobStorage.recordsDeleted","description":"","unit":"","type":"LONG_SUM","data":{"points":[{"startEpochNanos":1738604978905000000,"epochNanos":1738605039055000000,"attributes":{"data":[{"type":"STRING","key":"file","keyUtf8":"ZmlsZQ=="},"attributes.dat"],"empty":false},"value":0}],"monotonic":true,"aggregationTemporality":"DELTA"}},{"name":"StorageLockContext.competingThreads.max","description":"","unit":"","type":"LONG_GAUGE","data":{"points":[{"startEpochNanos":1738604978905000000,"epochNanos":1738605039055000000,"attributes":{"data":[],"empty":true},"value":0}]}},{"name":"OS.loadAverage","description":"","unit":"","type":"DOUBLE_GAUGE","data":{"points":[{"startEpochNanos":1738604978905000000,"epochNanos":1738605039055000000,"attributes":{"data":[],"empty":true},"value":4.580078125}]}},{"name":"JVM.usedNativeBytes","description":"","unit":"","type":"LONG_GAUGE","data":{"points":[{"startEpochNanos":1738604978905000000,"epochNanos":1738605039055000000,"attributes":{"data":[],"empty":true},"value":310192960}]}},{"name":"JVM.committedHeapBytes","description":"","unit":"","type":"LONG_GAUGE","data":{"points":[{"startEpochNanos":1738604978905000000,"epochNanos":1738605039055000000,"attributes":{"data":[],"empty":true},"value":279969792}]}},{"name":"JVM.GC.collectionTimesMs","description":"","unit":"","type":"LONG_SUM","data":{"points":[{"startEpochNanos":1738604978905000000,"epochNanos":1738605039055000000,"attributes":{"data":[],"empty":true},"value":795}],"monotonic":true,"aggregationTemporality":"DELTA"}},{"name":"JVM.GC.collections","description":"","unit":"","type":"LONG_SUM","data":{"points":[{"startEpochNanos":1738604978905000000,"epochNanos":1738605039055000000,"attributes":{"data":[],"empty":true},"value":41}],"monotonic":true,"aggregationTemporality":"DELTA"}},{"name":"MEM.ramBytes","description":"","unit":"","type":"LONG_GAUGE","data":{"points":[{"startEpochNanos":1738604978905000000,"epochNanos":1738605039055000000,"attributes":{"data":[],"empty":true},"value":1175580672}]}},{"name":"JVM.threadCount","description":"","unit":"","type":"LONG_GAUGE","data":{"points":[{"startEpochNanos":1738604978905000000,"epochNanos":1738605039055000000,"attributes":{"data":[],"empty":true},"value":65}]}},{"name":"MEM.fileMappingsRamBytes","description":"","unit":"","type":"LONG_GAUGE","data":{"points":[{"startEpochNanos":1738604978905000000,"epochNanos":1738605039055000000,"attributes":{"data":[],"empty":true},"value":435736576}]}},{"name":"MEM.ramPlusSwapMinusFileMappingsBytes","description":"","unit":"","type":"LONG_GAUGE","data":{"points":[{"startEpochNanos":1738604978905000000,"epochNanos":1738605039055000000,"attributes":{"data":[],"empty":true},"value":739459072}]}},{"name":"JVM.totalTimeToSafepointsMs","description":"","unit":"","type":"LONG_SUM","data":{"points":[{"startEpochNanos":1738604978905000000,"epochNanos":1738605039055000000,"attributes":{"data":[],"empty":true},"value":28}],"monotonic":true,"aggregationTemporality":"DELTA"}},{"name":"JVM.totalSafepointCount","description":"","unit":"","type":"LONG_SUM","data":{"points":[{"startEpochNanos":1738604978905000000,"epochNanos":1738605039055000000,"attributes":{"data":[],"empty":true},"value":102}],"monotonic":true,"aggregationTemporality":"DELTA"}},{"name":"JVM.totalDirectByteBuffersBytes","description":"","unit":"","type":"LONG_GAUGE","data":{"points":[{"startEpochNanos":1738604978905000000,"epochNanos":1738605039055000000,"attributes":{"data":[],"empty":true},"value":7386553}]}},{"name":"JVM.newThreadsCount","description":"","unit":"","type":"LONG_SUM","data":{"points":[{"startEpochNanos":1738604978905000000,"epochNanos":1738605039055000000,"attributes":{"data":[],"empty":true},"value":77}],"monotonic":true,"aggregationTemporality":"DELTA"}},{"name":"JVM.maxHeapBytes","description":"","unit":"","type":"LONG_GAUGE","data":{"points":[{"startEpochNanos":1738604978905000000,"epochNanos":1738605039055000000,"attributes":{"data":[],"empty":true},"value":1572864000}]}},{"name":"JVM.totalCpuTimeMs","description":"","unit":"","type":"LONG_SUM","data":{"points":[{"startEpochNanos":1738604978905000000,"epochNanos":1738605039055000000,"attributes":{"data":[],"empty":true},"value":117070}],"monotonic":true,"aggregationTemporality":"DELTA"}},{"name":"JVM.maxThreadCount","description":"","unit":"","type":"LONG_GAUGE","data":{"points":[{"startEpochNanos":1738604978905000000,"epochNanos":1738605039055000000,"attributes":{"data":[],"empty":true},"value":65}]}},{"name":"MEM.ramMinusFileMappingsBytes","description":"","unit":"","type":"LONG_GAUGE","data":{"points":[{"startEpochNanos":1738604978905000000,"epochNanos":1738605039055000000,"attributes":{"data":[],"empty":true},"value":739459072}]}},{"name":"JVM.totalTimeAtSafepointsMs","description":"","unit":"","type":"LONG_SUM","data":{"points":[{"startEpochNanos":1738604978905000000,"epochNanos":1738605039055000000,"attributes":{"data":[],"empty":true},"value":808}],"monotonic":true,"aggregationTemporality":"DELTA"}},{"name":"JVM.usedHeapBytes","description":"","unit":"","type":"LONG_GAUGE","data":{"points":[{"startEpochNanos":1738604978905000000,"epochNanos":1738605039055000000,"attributes":{"data":[],"empty":true},"value":191218080}]}},{"name":"JVM.totalBytesAllocated","description":"","unit":"","type":"LONG_SUM","data":{"points":[{"startEpochNanos":1738604978905000000,"epochNanos":1738605039055000000,"attributes":{"data":[],"empty":true},"value":1017039376}],"monotonic":true,"aggregationTemporality":"DELTA"}},{"name":"rdct.TransportWrapperImpl.receivedFramesLenRate.project.1","description":"","unit":"framesLen","type":"LONG_GAUGE","data":{"points":[{"startEpochNanos":1738604978905000000,"epochNanos":1738605039055000000,"attributes":{"data":[],"empty":true},"value":1476}]}},{"name":"rdct.CountingByteChannel.readBytesRate.project.1","description":"","unit":"bytes","type":"LONG_SUM","data":{"points":[{"startEpochNanos":1738604978905000000,"epochNanos":1738605039055000000,"attributes":{"data":[],"empty":true},"value":2331862}],"monotonic":true,"aggregationTemporality":"DELTA"}},{"name":"rdct.ThinClientDiagnosticsService.connectionState.O2Physi","description":"","unit":"stateOrdinal","type":"LONG_GAUGE","data":{"points":[{"startEpochNanos":1738604978905000000,"epochNanos":1738605039055000000,"attributes":{"data":[],"empty":true},"value":3}]}},{"name":"rdct.CountingByteChannel.writeBytesRate.project.1","description":"","unit":"bytes","type":"LONG_SUM","data":{"points":[{"startEpochNanos":1738604978905000000,"epochNanos":1738605039055000000,"attributes":{"data":[],"empty":true},"value":55685}],"monotonic":true,"aggregationTemporality":"DELTA"}},{"name":"rdct.ThinClientDiagnosticsService.pingDirect.O2Physi","description":"","unit":"ms","type":"LONG_GAUGE","data":{"points":[{"startEpochNanos":1738604978905000000,"epochNanos":1738605039055000000,"attributes":{"data":[],"empty":true},"value":1435}]}},{"name":"rdct.TransportWrapperImpl.connectionState.project.1","description":"","unit":"stateOrdinal","type":"LONG_GAUGE","data":{"points":[{"startEpochNanos":1738604978905000000,"epochNanos":1738605039055000000,"attributes":{"data":[],"empty":true},"value":1}]}},{"name":"rdct.TransportWrapperImpl.sentFramesLenRate.project.1","description":"","unit":"framesLen","type":"LONG_GAUGE","data":{"points":[{"startEpochNanos":1738604978905000000,"epochNanos":1738605039055000000,"attributes":{"data":[],"empty":true},"value":26}]}},{"name":"rdct.ThinClientDiagnosticsService.pingUI.O2Physi","description":"","unit":"ms","type":"LONG_GAUGE","data":{"points":[{"startEpochNanos":1738604978905000000,"epochNanos":1738605039055000000,"attributes":{"data":[],"empty":true},"value":1442}]}},{"name":"rdct.TransportWrapperImpl.receivedFrames.project.1","description":"","unit":"1","type":"LONG_SUM","data":{"points":[{"startEpochNanos":1738604978905000000,"epochNanos":1738605039055000000,"attributes":{"data":[],"empty":true},"value":6291}],"monotonic":true,"aggregationTemporality":"DELTA"}},{"name":"cacheStateStorage.set.duration","description":"","unit":"","type":"LONG_SUM","data":{"points":[{"startEpochNanos":1738604978905000000,"epochNanos":1738605039055000000,"attributes":{"data":[],"empty":true},"value":185}],"monotonic":true,"aggregationTemporality":"DELTA"}},{"name":"cacheStateStorage.get.counter","description":"","unit":"","type":"LONG_SUM","data":{"points":[{"startEpochNanos":1738604978905000000,"epochNanos":1738605039055000000,"attributes":{"data":[],"empty":true},"value":11}],"monotonic":true,"aggregationTemporality":"DELTA"}},{"name":"cacheStateStorage.set.counter","description":"","unit":"","type":"LONG_SUM","data":{"points":[{"startEpochNanos":1738604978905000000,"epochNanos":1738605039055000000,"attributes":{"data":[],"empty":true},"value":5}],"monotonic":true,"aggregationTemporality":"DELTA"}},{"name":"cacheStateStorage.get.duration","description":"","unit":"","type":"LONG_SUM","data":{"points":[{"startEpochNanos":1738604978905000000,"epochNanos":1738605039055000000,"attributes":{"data":[],"empty":true},"value":0}],"monotonic":true,"aggregationTemporality":"DELTA"}},{"name":"DiskQueryRelay.taskWaitingTotalTimeUs","description":"","unit":"","type":"LONG_SUM","data":{"points":[{"startEpochNanos":1738604978905000000,"epochNanos":1738605039055000000,"attributes":{"data":[],"empty":true},"value":123023}],"monotonic":true,"aggregationTemporality":"DELTA"}},{"name":"parser.Markdown.time.ns","description":"","unit":"ns","type":"LONG_SUM","data":{"points":[{"startEpochNanos":1738604978905000000,"epochNanos":1738605039055000000,"attributes":{"data":[],"empty":true},"value":47814153}],"monotonic":true,"aggregationTemporality":"DELTA"}},{"name":"lexer.Markdown.time.ns","description":"","unit":"ns","type":"LONG_SUM","data":{"points":[{"startEpochNanos":1738604978905000000,"epochNanos":1738605039055000000,"attributes":{"data":[],"empty":true},"value":92810514}],"monotonic":true,"aggregationTemporality":"DELTA"}},{"name":"writeAction.max.wait.ms","description":"Max time waiting for the write lock","unit":"ms","type":"LONG_GAUGE","data":{"points":[{"startEpochNanos":1738604978905000000,"epochNanos":1738605039055000000,"attributes":{"data":[],"empty":true},"value":5}]}},{"name":"DiskQueryRelay.taskExecutionTotalTimeUs","description":"","unit":"","type":"LONG_SUM","data":{"points":[{"startEpochNanos":1738604978905000000,"epochNanos":1738605039055000000,"attributes":{"data":[],"empty":true},"value":11234}],"monotonic":true,"aggregationTemporality":"DELTA"}},{"name":"parser.Markdown.size.bytes","description":"","unit":"byte","type":"LONG_SUM","data":{"points":[{"startEpochNanos":1738604978905000000,"epochNanos":1738605039055000000,"attributes":{"data":[],"empty":true},"value":245}],"monotonic":true,"aggregationTemporality":"DELTA"}},{"name":"DiskQueryRelay.tasksRequested","description":"","unit":"","type":"LONG_SUM","data":{"points":[{"startEpochNanos":1738604978905000000,"epochNanos":1738605039055000000,"attributes":{"data":[],"empty":true},"value":38}],"monotonic":true,"aggregationTemporality":"DELTA"}},{"name":"writeAction.wait.ms","description":"Total time waiting for the write lock","unit":"ms","type":"LONG_SUM","data":{"points":[{"startEpochNanos":1738604978905000000,"epochNanos":1738605039055000000,"attributes":{"data":[],"empty":true},"value":7}],"monotonic":true,"aggregationTemporality":"DELTA"}},{"name":"writeAction.count","description":"Number of write actions run","unit":"","type":"LONG_SUM","data":{"points":[{"startEpochNanos":1738604978905000000,"epochNanos":1738605039055000000,"attributes":{"data":[],"empty":true},"value":11}],"monotonic":true,"aggregationTemporality":"DELTA"}},{"name":"lexer.Markdown.size.bytes","description":"","unit":"byte","type":"LONG_SUM","data":{"points":[{"startEpochNanos":1738604978905000000,"epochNanos":1738605039055000000,"attributes":{"data":[],"empty":true},"value":245}],"monotonic":true,"aggregationTemporality":"DELTA"}},{"name":"writeAction.median.wait.ms","description":"Median time waiting for the write lock, step 100 ms","unit":"ms","type":"LONG_GAUGE","data":{"points":[{"startEpochNanos":1738604978905000000,"epochNanos":1738605039055000000,"attributes":{"data":[],"empty":true},"value":0}]}},{"name":"DiskQueryRelay.tasksExecuted","description":"","unit":"","type":"LONG_SUM","data":{"points":[{"startEpochNanos":1738604978905000000,"epochNanos":1738605039055000000,"attributes":{"data":[],"empty":true},"value":38}],"monotonic":true,"aggregationTemporality":"DELTA"}},{"name":"lux.LuxRendererStatistics.LxCachedImage.calls","description":"","unit":"1","type":"LONG_SUM","data":{"points":[{"startEpochNanos":1738604978905000000,"epochNanos":1738605039055000000,"attributes":{"data":[],"empty":true},"value":25}],"monotonic":true,"aggregationTemporality":"DELTA"}},{"name":"lux.LuxRendererStatistics.LxPathShape.calls","description":"","unit":"1","type":"LONG_SUM","data":{"points":[{"startEpochNanos":1738604978905000000,"epochNanos":1738605039055000000,"attributes":{"data":[],"empty":true},"value":106}],"monotonic":true,"aggregationTemporality":"DELTA"}},{"name":"lux.LuxRendererStatistics.LxCachedImage.size","description":"","unit":"bytes","type":"LONG_SUM","data":{"points":[{"startEpochNanos":1738604978905000000,"epochNanos":1738605039055000000,"attributes":{"data":[],"empty":true},"value":25}],"monotonic":true,"aggregationTemporality":"DELTA"}},{"name":"lux.LuxRendererStatistics.State_Changes.calls","description":"","unit":"1","type":"LONG_SUM","data":{"points":[{"startEpochNanos":1738604978905000000,"epochNanos":1738605039055000000,"attributes":{"data":[],"empty":true},"value":966}],"monotonic":true,"aggregationTemporality":"DELTA"}},{"name":"lux.LuxRendererStatistics.LxDrawImageCommand.calls","description":"","unit":"1","type":"LONG_SUM","data":{"points":[{"startEpochNanos":1738604978905000000,"epochNanos":1738605039055000000,"attributes":{"data":[],"empty":true},"value":32}],"monotonic":true,"aggregationTemporality":"DELTA"}},{"name":"lux.LuxRendererStatistics.Draw_Commands_List.calls","description":"","unit":"1","type":"LONG_SUM","data":{"points":[{"startEpochNanos":1738604978905000000,"epochNanos":1738605039055000000,"attributes":{"data":[],"empty":true},"value":473}],"monotonic":true,"aggregationTemporality":"DELTA"}},{"name":"lux.LuxRendererStatistics.Draw_Commands_List.size","description":"","unit":"bytes","type":"LONG_SUM","data":{"points":[{"startEpochNanos":1738604978905000000,"epochNanos":1738605039055000000,"attributes":{"data":[],"empty":true},"value":16060}],"monotonic":true,"aggregationTemporality":"DELTA"}},{"name":"lux.LuxRendererStatistics.Operation_batch_flushes.calls","description":"","unit":"1","type":"LONG_SUM","data":{"points":[{"startEpochNanos":1738604978905000000,"epochNanos":1738605039055000000,"attributes":{"data":[],"empty":true},"value":29}],"monotonic":true,"aggregationTemporality":"DELTA"}},{"name":"lux.LuxRendererStatistics.LxPathShape.size","description":"","unit":"bytes","type":"LONG_SUM","data":{"points":[{"startEpochNanos":1738604978905000000,"epochNanos":1738605039055000000,"attributes":{"data":[],"empty":true},"value":8518}],"monotonic":true,"aggregationTemporality":"DELTA"}},{"name":"lux.LuxRendererStatistics.LxPaintStateChange.calls","description":"","unit":"1","type":"LONG_SUM","data":{"points":[{"startEpochNanos":1738604978905000000,"epochNanos":1738605039055000000,"attributes":{"data":[],"empty":true},"value":323}],"monotonic":true,"aggregationTemporality":"DELTA"}},{"name":"lux.LuxRendererStatistics.LxFontStateChange.size","description":"","unit":"bytes","type":"LONG_SUM","data":{"points":[{"startEpochNanos":1738604978905000000,"epochNanos":1738605039055000000,"attributes":{"data":[],"empty":true},"value":88}],"monotonic":true,"aggregationTemporality":"DELTA"}},{"name":"lux.LuxRendererStatistics.LxClipStateChange.size","description":"","unit":"bytes","type":"LONG_SUM","data":{"points":[{"startEpochNanos":1738604978905000000,"epochNanos":1738605039055000000,"attributes":{"data":[],"empty":true},"value":2558}],"monotonic":true,"aggregationTemporality":"DELTA"}},{"name":"lux.LuxRendererStatistics.LxBackgroundColorStateChange.size","description":"","unit":"bytes","type":"LONG_SUM","data":{"points":[{"startEpochNanos":1738604978905000000,"epochNanos":1738605039055000000,"attributes":{"data":[],"empty":true},"value":2}],"monotonic":true,"aggregationTemporality":"DELTA"}},{"name":"lux.LuxRendererStatistics.LxAliasingStateChange.size","description":"","unit":"bytes","type":"LONG_SUM","data":{"points":[{"startEpochNanos":1738604978905000000,"epochNanos":1738605039055000000,"attributes":{"data":[],"empty":true},"value":95}],"monotonic":true,"aggregationTemporality":"DELTA"}},{"name":"lux.LuxRendererStatistics.LxTransformStateChange.size","description":"","unit":"bytes","type":"LONG_SUM","data":{"points":[{"startEpochNanos":1738604978905000000,"epochNanos":1738605039055000000,"attributes":{"data":[],"empty":true},"value":1620}],"monotonic":true,"aggregationTemporality":"DELTA"}},{"name":"lux.LuxRendererStatistics.LxRectShape.calls","description":"","unit":"1","type":"LONG_SUM","data":{"points":[{"startEpochNanos":1738604978905000000,"epochNanos":1738605039055000000,"attributes":{"data":[],"empty":true},"value":289}],"monotonic":true,"aggregationTemporality":"DELTA"}},{"name":"lux.LuxRendererStatistics.LxRoundRectShape.calls","description":"","unit":"1","type":"LONG_SUM","data":{"points":[{"startEpochNanos":1738604978905000000,"epochNanos":1738605039055000000,"attributes":{"data":[],"empty":true},"value":78}],"monotonic":true,"aggregationTemporality":"DELTA"}},{"name":"lux.LuxRendererStatistics.LxCacheableImage.size","description":"","unit":"bytes","type":"LONG_SUM","data":{"points":[{"startEpochNanos":1738604978905000000,"epochNanos":1738605039055000000,"attributes":{"data":[],"empty":true},"value":473}],"monotonic":true,"aggregationTemporality":"DELTA"}},{"name":"lux.LuxRendererStatistics.LxDrawImageCommand.size","description":"","unit":"bytes","type":"LONG_SUM","data":{"points":[{"startEpochNanos":1738604978905000000,"epochNanos":1738605039055000000,"attributes":{"data":[],"empty":true},"value":498}],"monotonic":true,"aggregationTemporality":"DELTA"}},{"name":"lux.LuxRendererStatistics.LxRectShape.size","description":"","unit":"bytes","type":"LONG_SUM","data":{"points":[{"startEpochNanos":1738604978905000000,"epochNanos":1738605039055000000,"attributes":{"data":[],"empty":true},"value":1156}],"monotonic":true,"aggregationTemporality":"DELTA"}},{"name":"lux.LuxRendererStatistics.LxDrawTextCommand.calls","description":"","unit":"1","type":"LONG_SUM","data":{"points":[{"startEpochNanos":1738604978905000000,"epochNanos":1738605039055000000,"attributes":{"data":[],"empty":true},"value":156}],"monotonic":true,"aggregationTemporality":"DELTA"}},{"name":"lux.LuxRendererStatistics.LxFillShapeCommand.calls","description":"","unit":"1","type":"LONG_SUM","data":{"points":[{"startEpochNanos":1738604978905000000,"epochNanos":1738605039055000000,"attributes":{"data":[],"empty":true},"value":285}],"monotonic":true,"aggregationTemporality":"DELTA"}},{"name":"lux.LuxRendererStatistics.LxAliasingStateChange.calls","description":"","unit":"1","type":"LONG_SUM","data":{"points":[{"startEpochNanos":1738604978905000000,"epochNanos":1738605039055000000,"attributes":{"data":[],"empty":true},"value":95}],"monotonic":true,"aggregationTemporality":"DELTA"}},{"name":"lux.LuxRendererStatistics.Operation_batch_flushes.size","description":"","unit":"bytes","type":"LONG_SUM","data":{"points":[{"startEpochNanos":1738604978905000000,"epochNanos":1738605039055000000,"attributes":{"data":[],"empty":true},"value":473}],"monotonic":true,"aggregationTemporality":"DELTA"}},{"name":"lux.LuxRendererStatistics.LxPaintStateChange.size","description":"","unit":"bytes","type":"LONG_SUM","data":{"points":[{"startEpochNanos":1738604978905000000,"epochNanos":1738605039055000000,"attributes":{"data":[],"empty":true},"value":323}],"monotonic":true,"aggregationTemporality":"DELTA"}},{"name":"lux.LuxRendererStatistics.State_Changes.size","description":"","unit":"bytes","type":"LONG_SUM","data":{"points":[{"startEpochNanos":1738604978905000000,"epochNanos":1738605039055000000,"attributes":{"data":[],"empty":true},"value":4686}],"monotonic":true,"aggregationTemporality":"DELTA"}},{"name":"lux.LuxRendererStatistics.LxBackgroundColorStateChange.calls","description":"","unit":"1","type":"LONG_SUM","data":{"points":[{"startEpochNanos":1738604978905000000,"epochNanos":1738605039055000000,"attributes":{"data":[],"empty":true},"value":2}],"monotonic":true,"aggregationTemporality":"DELTA"}},{"name":"lux.LuxRendererStatistics.LxClipStateChange.calls","description":"","unit":"1","type":"LONG_SUM","data":{"points":[{"startEpochNanos":1738604978905000000,"epochNanos":1738605039055000000,"attributes":{"data":[],"empty":true},"value":188}],"monotonic":true,"aggregationTemporality":"DELTA"}},{"name":"lux.LuxRendererStatistics.LxTransformStateChange.calls","description":"","unit":"1","type":"LONG_SUM","data":{"points":[{"startEpochNanos":1738604978905000000,"epochNanos":1738605039055000000,"attributes":{"data":[],"empty":true},"value":270}],"monotonic":true,"aggregationTemporality":"DELTA"}},{"name":"lux.LuxRendererStatistics.LxDrawTextCommand.size","description":"","unit":"bytes","type":"LONG_SUM","data":{"points":[{"startEpochNanos":1738604978905000000,"epochNanos":1738605039055000000,"attributes":{"data":[],"empty":true},"value":3292}],"monotonic":true,"aggregationTemporality":"DELTA"}},{"name":"lux.LuxRendererStatistics.LxFontStateChange.calls","description":"","unit":"1","type":"LONG_SUM","data":{"points":[{"startEpochNanos":1738604978905000000,"epochNanos":1738605039055000000,"attributes":{"data":[],"empty":true},"value":88}],"monotonic":true,"aggregationTemporality":"DELTA"}},{"name":"lux.LuxRendererStatistics.LxRoundRectShape.size","description":"","unit":"bytes","type":"LONG_SUM","data":{"points":[{"startEpochNanos":1738604978905000000,"epochNanos":1738605039055000000,"attributes":{"data":[],"empty":true},"value":468}],"monotonic":true,"aggregationTemporality":"DELTA"}},{"name":"lux.LuxRendererStatistics.LxCacheableImage.calls","description":"","unit":"1","type":"LONG_SUM","data":{"points":[{"startEpochNanos":1738604978905000000,"epochNanos":1738605039055000000,"attributes":{"data":[],"empty":true},"value":7}],"monotonic":true,"aggregationTemporality":"DELTA"}},{"name":"lux.LuxRendererStatistics.LxFillShapeCommand.size","description":"","unit":"bytes","type":"LONG_SUM","data":{"points":[{"startEpochNanos":1738604978905000000,"epochNanos":1738605039055000000,"attributes":{"data":[],"empty":true},"value":7584}],"monotonic":true,"aggregationTemporality":"DELTA"}},{"name":"FlushQueue.executionTimeMaxNs","description":"","unit":"ns","type":"LONG_GAUGE","data":{"points":[{"startEpochNanos":1738604978905000000,"epochNanos":1738605039055000000,"attributes":{"data":[],"empty":true},"value":0}]}},{"name":"NonBlockingReadAction.failedExecutionsCount","description":"","unit":"","type":"LONG_SUM","data":{"points":[{"startEpochNanos":1738604978905000000,"epochNanos":1738605039055000000,"attributes":{"data":[],"empty":true},"value":0}],"monotonic":true,"aggregationTemporality":"DELTA"}},{"name":"AWTEventQueue.eventsDispatched","description":"","unit":"","type":"LONG_GAUGE","data":{"points":[{"startEpochNanos":1738604978905000000,"epochNanos":1738605039055000000,"attributes":{"data":[],"empty":true},"value":0}]}},{"name":"FlushQueue.queueSizeMax","description":"","unit":"","type":"LONG_GAUGE","data":{"points":[{"startEpochNanos":1738604978905000000,"epochNanos":1738605039055000000,"attributes":{"data":[],"empty":true},"value":0}]}},{"name":"FlushQueue.waitingTime90PNs","description":"","unit":"ns","type":"LONG_GAUGE","data":{"points":[{"startEpochNanos":1738604978905000000,"epochNanos":1738605039055000000,"attributes":{"data":[],"empty":true},"value":0}]}},{"name":"FlushQueue.queueSize90P","description":"","unit":"","type":"LONG_GAUGE","data":{"points":[{"startEpochNanos":1738604978905000000,"epochNanos":1738605039055000000,"attributes":{"data":[],"empty":true},"value":0}]}},{"name":"FlushQueue.executionTimeAvgNs","description":"","unit":"ns","type":"DOUBLE_GAUGE","data":{"points":[{"startEpochNanos":1738604978905000000,"epochNanos":1738605039055000000,"attributes":{"data":[],"empty":true},"value":0.0}]}},{"name":"FlushQueue.tasksExecuted","description":"","unit":"","type":"LONG_GAUGE","data":{"points":[{"startEpochNanos":1738604978905000000,"epochNanos":1738605039055000000,"attributes":{"data":[],"empty":true},"value":0}]}},{"name":"AWTEventQueue.dispatchTimeMaxNs","description":"","unit":"ns","type":"LONG_GAUGE","data":{"points":[{"startEpochNanos":1738604978905000000,"epochNanos":1738605039055000000,"attributes":{"data":[],"empty":true},"value":0}]}},{"name":"AWTEventQueue.dispatchTime90PNs","description":"","unit":"ns","type":"LONG_GAUGE","data":{"points":[{"startEpochNanos":1738604978905000000,"epochNanos":1738605039055000000,"attributes":{"data":[],"empty":true},"value":0}]}},{"name":"AWTEventQueue.dispatchTimeAvgNs","description":"","unit":"ns","type":"DOUBLE_GAUGE","data":{"points":[{"startEpochNanos":1738604978905000000,"epochNanos":1738605039055000000,"attributes":{"data":[],"empty":true},"value":0.0}]}},{"name":"WriteAction.executionsCount","description":"Total write actions executed","unit":"","type":"LONG_SUM","data":{"points":[{"startEpochNanos":1738604978905000000,"epochNanos":1738605039055000000,"attributes":{"data":[],"empty":true},"value":11}],"monotonic":true,"aggregationTemporality":"DELTA"}},{"name":"NonBlockingReadAction.finalizedExecutionsCount","description":"","unit":"","type":"LONG_SUM","data":{"points":[{"startEpochNanos":1738604978905000000,"epochNanos":1738605039055000000,"attributes":{"data":[],"empty":true},"value":6}],"monotonic":true,"aggregationTemporality":"DELTA"}},{"name":"NonBlockingReadAction.failedExecutionTimeUs","description":"","unit":"","type":"LONG_SUM","data":{"points":[{"startEpochNanos":1738604978905000000,"epochNanos":1738605039055000000,"attributes":{"data":[],"empty":true},"value":0}],"monotonic":true,"aggregationTemporality":"DELTA"}},{"name":"NonBlockingReadAction.finalizedExecutionTimeUs","description":"","unit":"","type":"LONG_SUM","data":{"points":[{"startEpochNanos":1738604978905000000,"epochNanos":1738605039055000000,"attributes":{"data":[],"empty":true},"value":676151}],"monotonic":true,"aggregationTemporality":"DELTA"}},{"name":"ReadAction.executionsCount","description":"Total read actions executed","unit":"","type":"LONG_SUM","data":{"points":[{"startEpochNanos":1738604978905000000,"epochNanos":1738605039055000000,"attributes":{"data":[],"empty":true},"value":32229}],"monotonic":true,"aggregationTemporality":"DELTA"}},{"name":"FlushQueue.waitingTimeMaxNs","description":"","unit":"ns","type":"LONG_GAUGE","data":{"points":[{"startEpochNanos":1738604978905000000,"epochNanos":1738605039055000000,"attributes":{"data":[],"empty":true},"value":0}]}},{"name":"FlushQueue.waitingTimeAvgNs","description":"","unit":"ns","type":"DOUBLE_GAUGE","data":{"points":[{"startEpochNanos":1738604978905000000,"epochNanos":1738605039055000000,"attributes":{"data":[],"empty":true},"value":0.0}]}},{"name":"AWTEventQueue.dispatchTimeTotalNS","description":"","unit":"ns","type":"LONG_SUM","data":{"points":[{"startEpochNanos":1738604978905000000,"epochNanos":1738605039055000000,"attributes":{"data":[],"empty":true},"value":30940144828}],"monotonic":true,"aggregationTemporality":"DELTA"}},{"name":"FlushQueue.queueSizeAvg","description":"","unit":"","type":"DOUBLE_GAUGE","data":{"points":[{"startEpochNanos":1738604978905000000,"epochNanos":1738605039055000000,"attributes":{"data":[],"empty":true},"value":0.0}]}},{"name":"FlushQueue.executionTime90PNs","description":"","unit":"ns","type":"LONG_GAUGE","data":{"points":[{"startEpochNanos":1738604978905000000,"epochNanos":1738605039055000000,"attributes":{"data":[],"empty":true},"value":0}]}},{"name":"VFS.contentStorage.recordsUncompressedSize","description":"","unit":"","type":"LONG_SUM","data":{"points":[{"startEpochNanos":1738604978905000000,"epochNanos":1738605039055000000,"attributes":{"data":[],"empty":true},"value":0}],"monotonic":true,"aggregationTemporality":"DELTA"}},{"name":"VFS.contentStorage.recordsStoredSize","description":"","unit":"","type":"LONG_SUM","data":{"points":[{"startEpochNanos":1738604978905000000,"epochNanos":1738605039055000000,"attributes":{"data":[],"empty":true},"value":0}],"monotonic":true,"aggregationTemporality":"DELTA"}},{"name":"VFS.contentStorage.recordsReadDecompressed","description":"","unit":"","type":"LONG_SUM","data":{"points":[{"startEpochNanos":1738604978905000000,"epochNanos":1738605039055000000,"attributes":{"data":[],"empty":true},"value":0}],"monotonic":true,"aggregationTemporality":"DELTA"}},{"name":"FileNameCache.totalMisses","description":"","unit":"","type":"LONG_SUM","data":{"points":[{"startEpochNanos":1738604978905000000,"epochNanos":1738605039055000000,"attributes":{"data":[],"empty":true},"value":0}],"monotonic":true,"aggregationTemporality":"DELTA"}},{"name":"VFS.contentStorage.recordsStored","description":"","unit":"","type":"LONG_SUM","data":{"points":[{"startEpochNanos":1738604978905000000,"epochNanos":1738605039055000000,"attributes":{"data":[],"empty":true},"value":0}],"monotonic":true,"aggregationTemporality":"DELTA"}},{"name":"VFS.contentStorage.recordsDecompressionTimeUs","description":"","unit":"","type":"LONG_SUM","data":{"points":[{"startEpochNanos":1738604978905000000,"epochNanos":1738605039055000000,"attributes":{"data":[],"empty":true},"value":0}],"monotonic":true,"aggregationTemporality":"DELTA"}},{"name":"VFS.contentStorage.recordsStoredCompressed","description":"","unit":"","type":"LONG_SUM","data":{"points":[{"startEpochNanos":1738604978905000000,"epochNanos":1738605039055000000,"attributes":{"data":[],"empty":true},"value":0}],"monotonic":true,"aggregationTemporality":"DELTA"}},{"name":"VFS.fileByIdCache.hits","description":"","unit":"","type":"LONG_SUM","data":{"points":[{"startEpochNanos":1738604978905000000,"epochNanos":1738605039055000000,"attributes":{"data":[],"empty":true},"value":0}],"monotonic":true,"aggregationTemporality":"DELTA"}},{"name":"FileNameCache.queries","description":"","unit":"","type":"LONG_SUM","data":{"points":[{"startEpochNanos":1738604978905000000,"epochNanos":1738605039055000000,"attributes":{"data":[],"empty":true},"value":0}],"monotonic":true,"aggregationTemporality":"DELTA"}},{"name":"VFS.contentStorage.recordsReadSize","description":"","unit":"","type":"LONG_SUM","data":{"points":[{"startEpochNanos":1738604978905000000,"epochNanos":1738605039055000000,"attributes":{"data":[],"empty":true},"value":0}],"monotonic":true,"aggregationTemporality":"DELTA"}},{"name":"VFS.fileChildByName","description":"","unit":"","type":"LONG_SUM","data":{"points":[{"startEpochNanos":1738604978905000000,"epochNanos":1738605039055000000,"attributes":{"data":[],"empty":true},"value":149}],"monotonic":true,"aggregationTemporality":"DELTA"}},{"name":"VFS.invertedFileNameIndex.requests","description":"","unit":"","type":"LONG_SUM","data":{"points":[{"startEpochNanos":1738604978905000000,"epochNanos":1738605039055000000,"attributes":{"data":[],"empty":true},"value":0}],"monotonic":true,"aggregationTemporality":"DELTA"}},{"name":"VFS.fileByIdCache.misses","description":"","unit":"","type":"LONG_SUM","data":{"points":[{"startEpochNanos":1738604978905000000,"epochNanos":1738605039055000000,"attributes":{"data":[],"empty":true},"value":0}],"monotonic":true,"aggregationTemporality":"DELTA"}},{"name":"VFS.contentStorage.recordsRead","description":"","unit":"","type":"LONG_SUM","data":{"points":[{"startEpochNanos":1738604978905000000,"epochNanos":1738605039055000000,"attributes":{"data":[],"empty":true},"value":0}],"monotonic":true,"aggregationTemporality":"DELTA"}},{"name":"VFS.contentStorage.recordsDeduplicated","description":"","unit":"","type":"LONG_SUM","data":{"points":[{"startEpochNanos":1738604978905000000,"epochNanos":1738605039055000000,"attributes":{"data":[],"empty":true},"value":0}],"monotonic":true,"aggregationTemporality":"DELTA"}},{"name":"workspaceModel.orphan.listener.update.ms","description":"","unit":"","type":"LONG_SUM","data":{"points":[{"startEpochNanos":1738604978905000000,"epochNanos":1738605039055000000,"attributes":{"data":[],"empty":true},"value":7}],"monotonic":true,"aggregationTemporality":"DELTA"}},{"name":"workspaceModel.mutableEntityStorage.mutable.vfurl.index.ms","description":"","unit":"","type":"LONG_SUM","data":{"points":[{"startEpochNanos":1738604978905000000,"epochNanos":1738605039055000000,"attributes":{"data":[],"empty":true},"value":0}],"monotonic":true,"aggregationTemporality":"DELTA"}},{"name":"workspaceModel.mutableEntityStorage.entities.by.source.ms","description":"","unit":"","type":"LONG_SUM","data":{"points":[{"startEpochNanos":1738604978905000000,"epochNanos":1738605039055000000,"attributes":{"data":[],"empty":true},"value":1}],"monotonic":true,"aggregationTemporality":"DELTA"}},{"name":"jps.global.handle.changed.events.ms","description":"","unit":"","type":"LONG_SUM","data":{"points":[{"startEpochNanos":1738604978905000000,"epochNanos":1738605039055000000,"attributes":{"data":[],"empty":true},"value":0}],"monotonic":true,"aggregationTemporality":"DELTA"}},{"name":"jps.facet.change.listener.before.change.events.ms","description":"","unit":"","type":"LONG_SUM","data":{"points":[{"startEpochNanos":1738604978905000000,"epochNanos":1738605039055000000,"attributes":{"data":[],"empty":true},"value":0}],"monotonic":true,"aggregationTemporality":"DELTA"}},{"name":"workspaceModel.mutableEntityStorage.put.entity.ms","description":"","unit":"","type":"LONG_SUM","data":{"points":[{"startEpochNanos":1738604978905000000,"epochNanos":1738605039055000000,"attributes":{"data":[],"empty":true},"value":44}],"monotonic":true,"aggregationTemporality":"DELTA"}},{"name":"workspaceModel.mutableEntityStorage.instances.count","description":"","unit":"","type":"LONG_SUM","data":{"points":[{"startEpochNanos":1738604978905000000,"epochNanos":1738605039055000000,"attributes":{"data":[],"empty":true},"value":18}],"monotonic":true,"aggregationTemporality":"DELTA"}},{"name":"workspaceModel.mutableEntityStorage.modify.entity.ms","description":"","unit":"","type":"LONG_SUM","data":{"points":[{"startEpochNanos":1738604978905000000,"epochNanos":1738605039055000000,"attributes":{"data":[],"empty":true},"value":0}],"monotonic":true,"aggregationTemporality":"DELTA"}},{"name":"jps.facet.change.listener.init.bridge.ms","description":"","unit":"","type":"LONG_SUM","data":{"points":[{"startEpochNanos":1738604978905000000,"epochNanos":1738605039055000000,"attributes":{"data":[],"empty":true},"value":2}],"monotonic":true,"aggregationTemporality":"DELTA"}},{"name":"workspaceModel.global.apply.state.to.project.builder.ms","description":"","unit":"","type":"LONG_SUM","data":{"points":[{"startEpochNanos":1738604978905000000,"epochNanos":1738605039055000000,"attributes":{"data":[],"empty":true},"value":6}],"monotonic":true,"aggregationTemporality":"DELTA"}},{"name":"workspaceModel.do.save.caches.ms","description":"","unit":"","type":"LONG_SUM","data":{"points":[{"startEpochNanos":1738604978905000000,"epochNanos":1738605039055000000,"attributes":{"data":[],"empty":true},"value":387}],"monotonic":true,"aggregationTemporality":"DELTA"}},{"name":"jps.reload.project.entities.ms","description":"","unit":"","type":"LONG_SUM","data":{"points":[{"startEpochNanos":1738604978905000000,"epochNanos":1738605039055000000,"attributes":{"data":[],"empty":true},"value":0}],"monotonic":true,"aggregationTemporality":"DELTA"}},{"name":"workspaceModel.moduleManagerBridge.newModule.ms","description":"","unit":"","type":"LONG_SUM","data":{"points":[{"startEpochNanos":1738604978905000000,"epochNanos":1738605039055000000,"attributes":{"data":[],"empty":true},"value":0}],"monotonic":true,"aggregationTemporality":"DELTA"}},{"name":"workspaceModel.global.updates.ms","description":"","unit":"","type":"LONG_SUM","data":{"points":[{"startEpochNanos":1738604978905000000,"epochNanos":1738605039055000000,"attributes":{"data":[],"empty":true},"value":0}],"monotonic":true,"aggregationTemporality":"DELTA"}},{"name":"jps.load.initial.state.ms","description":"","unit":"","type":"LONG_SUM","data":{"points":[{"startEpochNanos":1738604978905000000,"epochNanos":1738605039055000000,"attributes":{"data":[],"empty":true},"value":34}],"monotonic":true,"aggregationTemporality":"DELTA"}},{"name":"workspaceModel.mutableEntityStorage.remove.entity.ms","description":"","unit":"","type":"LONG_SUM","data":{"points":[{"startEpochNanos":1738604978905000000,"epochNanos":1738605039055000000,"attributes":{"data":[],"empty":true},"value":0}],"monotonic":true,"aggregationTemporality":"DELTA"}},{"name":"jps.artifact.entities.serializer.load.entities.ms","description":"","unit":"","type":"LONG_SUM","data":{"points":[{"startEpochNanos":1738604978905000000,"epochNanos":1738605039055000000,"attributes":{"data":[],"empty":true},"value":0}],"monotonic":true,"aggregationTemporality":"DELTA"}},{"name":"workspaceModel.save.cache.to.file.ms","description":"","unit":"","type":"LONG_SUM","data":{"points":[{"startEpochNanos":1738604978905000000,"epochNanos":1738605039055000000,"attributes":{"data":[],"empty":true},"value":384}],"monotonic":true,"aggregationTemporality":"DELTA"}},{"name":"workspaceModel.mutableEntityStorage.mutable.ext.mapping.ms","description":"","unit":"","type":"LONG_SUM","data":{"points":[{"startEpochNanos":1738604978905000000,"epochNanos":1738605039055000000,"attributes":{"data":[],"empty":true},"value":3}],"monotonic":true,"aggregationTemporality":"DELTA"}},{"name":"jps.global.handle.before.change.events.ms","description":"","unit":"","type":"LONG_SUM","data":{"points":[{"startEpochNanos":1738604978905000000,"epochNanos":1738605039055000000,"attributes":{"data":[],"empty":true},"value":0}],"monotonic":true,"aggregationTemporality":"DELTA"}},{"name":"jps.save.global.entities.ms","description":"","unit":"","type":"LONG_SUM","data":{"points":[{"startEpochNanos":1738604978905000000,"epochNanos":1738605039055000000,"attributes":{"data":[],"empty":true},"value":0}],"monotonic":true,"aggregationTemporality":"DELTA"}},{"name":"jps.apply.loaded.storage.ms","description":"","unit":"","type":"LONG_SUM","data":{"points":[{"startEpochNanos":1738604978905000000,"epochNanos":1738605039055000000,"attributes":{"data":[],"empty":true},"value":180}],"monotonic":true,"aggregationTemporality":"DELTA"}},{"name":"jps.global.initialize.library.bridges.after.loading.ms","description":"","unit":"","type":"LONG_SUM","data":{"points":[{"startEpochNanos":1738604978905000000,"epochNanos":1738605039055000000,"attributes":{"data":[],"empty":true},"value":5}],"monotonic":true,"aggregationTemporality":"DELTA"}},{"name":"jps.storage.jps.conf.reader.load.component.ms","description":"","unit":"","type":"LONG_SUM","data":{"points":[{"startEpochNanos":1738604978905000000,"epochNanos":1738605039055000000,"attributes":{"data":[],"empty":true},"value":7}],"monotonic":true,"aggregationTemporality":"DELTA"}},{"name":"jps.library.entities.serializer.save.entities.ms","description":"","unit":"","type":"LONG_SUM","data":{"points":[{"startEpochNanos":1738604978905000000,"epochNanos":1738605039055000000,"attributes":{"data":[],"empty":true},"value":0}],"monotonic":true,"aggregationTemporality":"DELTA"}},{"name":"workspaceModel.mutableEntityStorage.changeLog.addReplaceEventForRemovedChild.ms","description":"","unit":"","type":"LONG_SUM","data":{"points":[{"startEpochNanos":1738604978905000000,"epochNanos":1738605039055000000,"attributes":{"data":[],"empty":true},"value":0}],"monotonic":true,"aggregationTemporality":"DELTA"}},{"name":"workspaceModel.sync.entities.ms","description":"","unit":"","type":"LONG_SUM","data":{"points":[{"startEpochNanos":1738604978905000000,"epochNanos":1738605039055000000,"attributes":{"data":[],"empty":true},"value":0}],"monotonic":true,"aggregationTemporality":"DELTA"}},{"name":"jps.project.serializers.save.ms","description":"","unit":"","type":"LONG_SUM","data":{"points":[{"startEpochNanos":1738604978905000000,"epochNanos":1738605039055000000,"attributes":{"data":[],"empty":true},"value":0}],"monotonic":true,"aggregationTemporality":"DELTA"}},{"name":"workspaceModel.mutableEntityStorage.collect.changes.ms","description":"","unit":"","type":"LONG_SUM","data":{"points":[{"startEpochNanos":1738604978905000000,"epochNanos":1738605039055000000,"attributes":{"data":[],"empty":true},"value":1}],"monotonic":true,"aggregationTemporality":"DELTA"}},{"name":"jps.facet.change.listener.process.change.events.ms","description":"","unit":"","type":"LONG_SUM","data":{"points":[{"startEpochNanos":1738604978905000000,"epochNanos":1738605039055000000,"attributes":{"data":[],"empty":true},"value":1}],"monotonic":true,"aggregationTemporality":"DELTA"}},{"name":"workspaceModel.mutableEntityStorage.resolve.ms","description":"","unit":"","type":"LONG_SUM","data":{"points":[{"startEpochNanos":1738604978905000000,"epochNanos":1738605039055000000,"attributes":{"data":[],"empty":true},"value":0}],"monotonic":true,"aggregationTemporality":"DELTA"}},{"name":"jps.global.get.library.by.name.ms","description":"","unit":"","type":"LONG_SUM","data":{"points":[{"startEpochNanos":1738604978905000000,"epochNanos":1738605039055000000,"attributes":{"data":[],"empty":true},"value":0}],"monotonic":true,"aggregationTemporality":"DELTA"}},{"name":"workspaceModel.mutableEntityStorage.entities.ms","description":"","unit":"","type":"LONG_SUM","data":{"points":[{"startEpochNanos":1738604978905000000,"epochNanos":1738605039055000000,"attributes":{"data":[],"empty":true},"value":3}],"monotonic":true,"aggregationTemporality":"DELTA"}},{"name":"jps.global.get.library.ms","description":"","unit":"","type":"LONG_SUM","data":{"points":[{"startEpochNanos":1738604978905000000,"epochNanos":1738605039055000000,"attributes":{"data":[],"empty":true},"value":0}],"monotonic":true,"aggregationTemporality":"DELTA"}},{"name":"workspaceModel.mutableEntityStorage.replace.by.source.ms","description":"","unit":"","type":"LONG_SUM","data":{"points":[{"startEpochNanos":1738604978905000000,"epochNanos":1738605039055000000,"attributes":{"data":[],"empty":true},"value":7}],"monotonic":true,"aggregationTemporality":"DELTA"}},{"name":"workspaceModel.moduleManagerBridge.set.unloadedModules.ms","description":"","unit":"","type":"LONG_SUM","data":{"points":[{"startEpochNanos":1738604978905000000,"epochNanos":1738605039055000000,"attributes":{"data":[],"empty":true},"value":0}],"monotonic":true,"aggregationTemporality":"DELTA"}},{"name":"jps.app.storage.content.reader.load.component.ms","description":"","unit":"","type":"LONG_SUM","data":{"points":[{"startEpochNanos":1738604978905000000,"epochNanos":1738605039055000000,"attributes":{"data":[],"empty":true},"value":1}],"monotonic":true,"aggregationTemporality":"DELTA"}},{"name":"workspaceModel.mutableEntityStorage.to.snapshot.ms","description":"","unit":"","type":"LONG_SUM","data":{"points":[{"startEpochNanos":1738604978905000000,"epochNanos":1738605039055000000,"attributes":{"data":[],"empty":true},"value":5}],"monotonic":true,"aggregationTemporality":"DELTA"}},{"name":"workspaceModel.mutableEntityStorage.add.entity.ms","description":"","unit":"","type":"LONG_SUM","data":{"points":[{"startEpochNanos":1738604978905000000,"epochNanos":1738605039055000000,"attributes":{"data":[],"empty":true},"value":95}],"monotonic":true,"aggregationTemporality":"DELTA"}},{"name":"workspaceModel.mutableEntityStorage.changeLog.addReplaceEventForNewParent.ms","description":"","unit":"","type":"LONG_SUM","data":{"points":[{"startEpochNanos":1738604978905000000,"epochNanos":1738605039055000000,"attributes":{"data":[],"empty":true},"value":0}],"monotonic":true,"aggregationTemporality":"DELTA"}},{"name":"jps.global.get.libraries.ms","description":"","unit":"","type":"LONG_SUM","data":{"points":[{"startEpochNanos":1738604978905000000,"epochNanos":1738605039055000000,"attributes":{"data":[],"empty":true},"value":0}],"monotonic":true,"aggregationTemporality":"DELTA"}},{"name":"workspaceModel.moduleManagerBridge.load.module.ms","description":"","unit":"","type":"LONG_SUM","data":{"points":[{"startEpochNanos":1738604978905000000,"epochNanos":1738605039055000000,"attributes":{"data":[],"empty":true},"value":0}],"monotonic":true,"aggregationTemporality":"DELTA"}},{"name":"workspaceModel.mutableEntityStorage.changeLog.addReplaceEventForNewChild.ms","description":"","unit":"","type":"LONG_SUM","data":{"points":[{"startEpochNanos":1738604978905000000,"epochNanos":1738605039055000000,"attributes":{"data":[],"empty":true},"value":0}],"monotonic":true,"aggregationTemporality":"DELTA"}},{"name":"jps.project.serializers.load.ms","description":"","unit":"","type":"LONG_SUM","data":{"points":[{"startEpochNanos":1738604978905000000,"epochNanos":1738605039055000000,"attributes":{"data":[],"empty":true},"value":19}],"monotonic":true,"aggregationTemporality":"DELTA"}},{"name":"jps.module.dependency.index.workspace.model.listener.on.changed.ms","description":"","unit":"","type":"LONG_SUM","data":{"points":[{"startEpochNanos":1738604978905000000,"epochNanos":1738605039055000000,"attributes":{"data":[],"empty":true},"value":1}],"monotonic":true,"aggregationTemporality":"DELTA"}},{"name":"workspaceModel.moduleManagerBridge.get.modules.ms","description":"","unit":"","type":"LONG_SUM","data":{"points":[{"startEpochNanos":1738604978905000000,"epochNanos":1738605039055000000,"attributes":{"data":[],"empty":true},"value":2}],"monotonic":true,"aggregationTemporality":"DELTA"}},{"name":"jps.library.entities.serializer.load.entities.ms","description":"","unit":"","type":"LONG_SUM","data":{"points":[{"startEpochNanos":1738604978905000000,"epochNanos":1738605039055000000,"attributes":{"data":[],"empty":true},"value":1}],"monotonic":true,"aggregationTemporality":"DELTA"}},{"name":"workspaceModel.mutableEntityStorage.changeLog.addReplaceEventForRemovedParent.ms","description":"","unit":"","type":"LONG_SUM","data":{"points":[{"startEpochNanos":1738604978905000000,"epochNanos":1738605039055000000,"attributes":{"data":[],"empty":true},"value":0}],"monotonic":true,"aggregationTemporality":"DELTA"}},{"name":"jps.artifact.entities.serializer.save.entities.ms","description":"","unit":"","type":"LONG_SUM","data":{"points":[{"startEpochNanos":1738604978905000000,"epochNanos":1738605039055000000,"attributes":{"data":[],"empty":true},"value":0}],"monotonic":true,"aggregationTemporality":"DELTA"}},{"name":"jps.global.initialize.library.bridges.ms","description":"","unit":"","type":"LONG_SUM","data":{"points":[{"startEpochNanos":1738604978905000000,"epochNanos":1738605039055000000,"attributes":{"data":[],"empty":true},"value":0}],"monotonic":true,"aggregationTemporality":"DELTA"}},{"name":"workspaceModel.delayed.project.synchronizer.sync.ms","description":"","unit":"","type":"LONG_SUM","data":{"points":[{"startEpochNanos":1738604978905000000,"epochNanos":1738605039055000000,"attributes":{"data":[],"empty":true},"value":0}],"monotonic":true,"aggregationTemporality":"DELTA"}},{"name":"workspaceModel.moduleManagerBridge.new.nonPersistent.module.ms","description":"","unit":"","type":"LONG_SUM","data":{"points":[{"startEpochNanos":1738604978905000000,"epochNanos":1738605039055000000,"attributes":{"data":[],"empty":true},"value":0}],"monotonic":true,"aggregationTemporality":"DELTA"}},{"name":"jps.load.project.to.empty.storage.ms","description":"","unit":"","type":"LONG_SUM","data":{"points":[{"startEpochNanos":1738604978905000000,"epochNanos":1738605039055000000,"attributes":{"data":[],"empty":true},"value":208}],"monotonic":true,"aggregationTemporality":"DELTA"}},{"name":"workspaceModel.mutableEntityStorage.has.same.entities.ms","description":"","unit":"","type":"LONG_SUM","data":{"points":[{"startEpochNanos":1738604978905000000,"epochNanos":1738605039055000000,"attributes":{"data":[],"empty":true},"value":0}],"monotonic":true,"aggregationTemporality":"DELTA"}},{"name":"workspaceModel.moduleManagerBridge.create.module.instance.ms","description":"","unit":"","type":"LONG_SUM","data":{"points":[{"startEpochNanos":1738604978905000000,"epochNanos":1738605039055000000,"attributes":{"data":[],"empty":true},"value":0}],"monotonic":true,"aggregationTemporality":"DELTA"}},{"name":"workspaceModel.moduleBridgeLoader.loading.modules.ms","description":"","unit":"","type":"LONG_SUM","data":{"points":[{"startEpochNanos":1738604978905000000,"epochNanos":1738605039055000000,"attributes":{"data":[],"empty":true},"value":913}],"monotonic":true,"aggregationTemporality":"DELTA"}},{"name":"workspaceModel.moduleManagerBridge.build.module.graph.ms","description":"","unit":"","type":"LONG_SUM","data":{"points":[{"startEpochNanos":1738604978905000000,"epochNanos":1738605039055000000,"attributes":{"data":[],"empty":true},"value":0}],"monotonic":true,"aggregationTemporality":"DELTA"}},{"name":"workspaceModel.global.apply.state.to.project.ms","description":"","unit":"","type":"LONG_SUM","data":{"points":[{"startEpochNanos":1738604978905000000,"epochNanos":1738605039055000000,"attributes":{"data":[],"empty":true},"value":0}],"monotonic":true,"aggregationTemporality":"DELTA"}},{"name":"workspaceModel.load.cache.metadata.from.file.ms","description":"","unit":"","type":"LONG_SUM","data":{"points":[{"startEpochNanos":1738604978905000000,"epochNanos":1738605039055000000,"attributes":{"data":[],"empty":true},"value":0}],"monotonic":true,"aggregationTemporality":"DELTA"}},{"name":"workspaceModel.mutableEntityStorage.apply.changes.from.ms","description":"","unit":"","type":"LONG_SUM","data":{"points":[{"startEpochNanos":1738604978905000000,"epochNanos":1738605039055000000,"attributes":{"data":[],"empty":true},"value":39}],"monotonic":true,"aggregationTemporality":"DELTA"}},{"name":"workspaceModel.mutableEntityStorage.referrers.ms","description":"","unit":"","type":"LONG_SUM","data":{"points":[{"startEpochNanos":1738604978905000000,"epochNanos":1738605039055000000,"attributes":{"data":[],"empty":true},"value":0}],"monotonic":true,"aggregationTemporality":"DELTA"}},{"name":"workspaceModel.moduleManagerBridge.load.all.modules.ms","description":"","unit":"","type":"LONG_SUM","data":{"points":[{"startEpochNanos":1738604978905000000,"epochNanos":1738605039055000000,"attributes":{"data":[],"empty":true},"value":8}],"monotonic":true,"aggregationTemporality":"DELTA"}},{"name":"jps.save.changed.project.entities.ms","description":"","unit":"","type":"LONG_SUM","data":{"points":[{"startEpochNanos":1738604978905000000,"epochNanos":1738605039055000000,"attributes":{"data":[],"empty":true},"value":0}],"monotonic":true,"aggregationTemporality":"DELTA"}},{"name":"workspaceModel.global.updates.count","description":"","unit":"","type":"LONG_SUM","data":{"points":[{"startEpochNanos":1738604978905000000,"epochNanos":1738605039055000000,"attributes":{"data":[],"empty":true},"value":0}],"monotonic":true,"aggregationTemporality":"DELTA"}},{"name":"workspaceModel.load.cache.from.file.ms","description":"","unit":"","type":"LONG_SUM","data":{"points":[{"startEpochNanos":1738604978905000000,"epochNanos":1738605039055000000,"attributes":{"data":[],"empty":true},"value":0}],"monotonic":true,"aggregationTemporality":"DELTA"}},{"name":"workspaceModel.cachedValueWithParameters.total.get.count","description":"","unit":"","type":"LONG_SUM","data":{"points":[{"startEpochNanos":1738604978905000000,"epochNanos":1738605039055000000,"attributes":{"data":[],"empty":true},"value":0}],"monotonic":true,"aggregationTemporality":"DELTA"}},{"name":"workspaceModel.update.unloaded.entities.ms","description":"","unit":"","type":"LONG_SUM","data":{"points":[{"startEpochNanos":1738604978905000000,"epochNanos":1738605039055000000,"attributes":{"data":[],"empty":true},"value":0}],"monotonic":true,"aggregationTemporality":"DELTA"}},{"name":"workspaceModel.initializing.ms","description":"","unit":"","type":"LONG_SUM","data":{"points":[{"startEpochNanos":1738604978905000000,"epochNanos":1738605039055000000,"attributes":{"data":[],"empty":true},"value":0}],"monotonic":true,"aggregationTemporality":"DELTA"}},{"name":"workspaceModel.workspaceFileIndexData.onEntitiesChanged.ms","description":"","unit":"","type":"LONG_SUM","data":{"points":[{"startEpochNanos":1738604978905000000,"epochNanos":1738605039055000000,"attributes":{"data":[],"empty":true},"value":22}],"monotonic":true,"aggregationTemporality":"DELTA"}},{"name":"workspaceModel.entityStorageSnapshotImpl.instances.count","description":"","unit":"","type":"LONG_SUM","data":{"points":[{"startEpochNanos":1738604978905000000,"epochNanos":1738605039055000000,"attributes":{"data":[],"empty":true},"value":12}],"monotonic":true,"aggregationTemporality":"DELTA"}},{"name":"workspaceModel.on.before.changed.ms","description":"","unit":"","type":"LONG_SUM","data":{"points":[{"startEpochNanos":1738604978905000000,"epochNanos":1738605039055000000,"attributes":{"data":[],"empty":true},"value":133}],"monotonic":true,"aggregationTemporality":"DELTA"}},{"name":"workspaceModel.replace.project.model.ms","description":"","unit":"","type":"LONG_SUM","data":{"points":[{"startEpochNanos":1738604978905000000,"epochNanos":1738605039055000000,"attributes":{"data":[],"empty":true},"value":0}],"monotonic":true,"aggregationTemporality":"DELTA"}},{"name":"workspaceModel.check.recursive.update.ms","description":"","unit":"","type":"LONG_SUM","data":{"points":[{"startEpochNanos":1738604978905000000,"epochNanos":1738605039055000000,"attributes":{"data":[],"empty":true},"value":3}],"monotonic":true,"aggregationTemporality":"DELTA"}},{"name":"workspaceModel.workspaceFileIndexData.processFileSets.ms","description":"","unit":"","type":"LONG_SUM","data":{"points":[{"startEpochNanos":1738604978905000000,"epochNanos":1738605039055000000,"attributes":{"data":[],"empty":true},"value":0}],"monotonic":true,"aggregationTemporality":"DELTA"}},{"name":"workspaceModel.cachedValue.total.get.count","description":"","unit":"","type":"LONG_SUM","data":{"points":[{"startEpochNanos":1738604978905000000,"epochNanos":1738605039055000000,"attributes":{"data":[],"empty":true},"value":12}],"monotonic":true,"aggregationTemporality":"DELTA"}},{"name":"workspaceModel.workspaceFileIndexData.init.ms","description":"","unit":"","type":"LONG_SUM","data":{"points":[{"startEpochNanos":1738604978905000000,"epochNanos":1738605039055000000,"attributes":{"data":[],"empty":true},"value":7}],"monotonic":true,"aggregationTemporality":"DELTA"}},{"name":"workspaceModel.cachedValue.calculated.count","description":"","unit":"","type":"LONG_SUM","data":{"points":[{"startEpochNanos":1738604978905000000,"epochNanos":1738605039055000000,"attributes":{"data":[],"empty":true},"value":2}],"monotonic":true,"aggregationTemporality":"DELTA"}},{"name":"workspaceModel.workspaceFileIndexData.getDirectoriesByPackageName.ms","description":"","unit":"","type":"LONG_SUM","data":{"points":[{"startEpochNanos":1738604978905000000,"epochNanos":1738605039055000000,"attributes":{"data":[],"empty":true},"value":0}],"monotonic":true,"aggregationTemporality":"DELTA"}},{"name":"workspaceModel.on.changed.ms","description":"","unit":"","type":"LONG_SUM","data":{"points":[{"startEpochNanos":1738604978905000000,"epochNanos":1738605039055000000,"attributes":{"data":[],"empty":true},"value":118}],"monotonic":true,"aggregationTemporality":"DELTA"}},{"name":"workspaceModel.pre.handlers.ms","description":"","unit":"","type":"LONG_SUM","data":{"points":[{"startEpochNanos":1738604978905000000,"epochNanos":1738605039055000000,"attributes":{"data":[],"empty":true},"value":2}],"monotonic":true,"aggregationTemporality":"DELTA"}},{"name":"workspaceModel.updates.count","description":"","unit":"","type":"LONG_SUM","data":{"points":[{"startEpochNanos":1738604978905000000,"epochNanos":1738605039055000000,"attributes":{"data":[],"empty":true},"value":1}],"monotonic":true,"aggregationTemporality":"DELTA"}},{"name":"workspaceModel.workspaceFileIndexData.visitFileSets.ms","description":"","unit":"","type":"LONG_SUM","data":{"points":[{"startEpochNanos":1738604978905000000,"epochNanos":1738605039055000000,"attributes":{"data":[],"empty":true},"value":0}],"monotonic":true,"aggregationTemporality":"DELTA"}},{"name":"workspaceModel.workspaceFileIndexData.markDirty.ms","description":"","unit":"","type":"LONG_SUM","data":{"points":[{"startEpochNanos":1738604978905000000,"epochNanos":1738605039055000000,"attributes":{"data":[],"empty":true},"value":0}],"monotonic":true,"aggregationTemporality":"DELTA"}},{"name":"workspaceModel.cachedValueWithParameters.from.cache.count","description":"","unit":"","type":"LONG_SUM","data":{"points":[{"startEpochNanos":1738604978905000000,"epochNanos":1738605039055000000,"attributes":{"data":[],"empty":true},"value":0}],"monotonic":true,"aggregationTemporality":"DELTA"}},{"name":"workspaceModel.workspaceFileIndexData.updateDirtyEntities.ms","description":"","unit":"","type":"LONG_SUM","data":{"points":[{"startEpochNanos":1738604978905000000,"epochNanos":1738605039055000000,"attributes":{"data":[],"empty":true},"value":0}],"monotonic":true,"aggregationTemporality":"DELTA"}},{"name":"workspaceModel.updates.ms","description":"","unit":"","type":"LONG_SUM","data":{"points":[{"startEpochNanos":1738604978905000000,"epochNanos":1738605039055000000,"attributes":{"data":[],"empty":true},"value":156}],"monotonic":true,"aggregationTemporality":"DELTA"}},{"name":"workspaceModel.cachedValue.clear.count","description":"","unit":"","type":"LONG_SUM","data":{"points":[{"startEpochNanos":1738604978905000000,"epochNanos":1738605039055000000,"attributes":{"data":[],"empty":true},"value":0}],"monotonic":true,"aggregationTemporality":"DELTA"}},{"name":"workspaceModel.workspaceFileIndexContributor.registerFileSets.ms","description":"","unit":"","type":"LONG_SUM","data":{"points":[{"startEpochNanos":1738604978905000000,"epochNanos":1738605039055000000,"attributes":{"data":[],"empty":true},"value":24}],"monotonic":true,"aggregationTemporality":"DELTA"}},{"name":"workspaceModel.full.replace.project.model.ms","description":"","unit":"","type":"LONG_SUM","data":{"points":[{"startEpochNanos":1738604978905000000,"epochNanos":1738605039055000000,"attributes":{"data":[],"empty":true},"value":161}],"monotonic":true,"aggregationTemporality":"DELTA"}},{"name":"workspaceModel.workspaceFileIndexData.instances.count","description":"","unit":"","type":"LONG_SUM","data":{"points":[{"startEpochNanos":1738604978905000000,"epochNanos":1738605039055000000,"attributes":{"data":[],"empty":true},"value":1}],"monotonic":true,"aggregationTemporality":"DELTA"}},{"name":"workspaceModel.loading.total.ms","description":"","unit":"","type":"LONG_SUM","data":{"points":[{"startEpochNanos":1738604978905000000,"epochNanos":1738605039055000000,"attributes":{"data":[],"empty":true},"value":177}],"monotonic":true,"aggregationTemporality":"DELTA"}},{"name":"workspaceModel.init.bridges.ms","description":"","unit":"","type":"LONG_SUM","data":{"points":[{"startEpochNanos":1738604978905000000,"epochNanos":1738605039055000000,"attributes":{"data":[],"empty":true},"value":7}],"monotonic":true,"aggregationTemporality":"DELTA"}},{"name":"workspaceModel.cachedValue.from.cache.count","description":"","unit":"","type":"LONG_SUM","data":{"points":[{"startEpochNanos":1738604978905000000,"epochNanos":1738605039055000000,"attributes":{"data":[],"empty":true},"value":10}],"monotonic":true,"aggregationTemporality":"DELTA"}},{"name":"workspaceModel.cachedValueWithParameters.clear.count","description":"","unit":"","type":"LONG_SUM","data":{"points":[{"startEpochNanos":1738604978905000000,"epochNanos":1738605039055000000,"attributes":{"data":[],"empty":true},"value":0}],"monotonic":true,"aggregationTemporality":"DELTA"}},{"name":"workspaceModel.workspaceFileIndexData.getFileInfo.ms","description":"","unit":"","type":"LONG_SUM","data":{"points":[{"startEpochNanos":1738604978905000000,"epochNanos":1738605039055000000,"attributes":{"data":[],"empty":true},"value":0}],"monotonic":true,"aggregationTemporality":"DELTA"}},{"name":"workspaceModel.collect.changes.ms","description":"","unit":"","type":"LONG_SUM","data":{"points":[{"startEpochNanos":1738604978905000000,"epochNanos":1738605039055000000,"attributes":{"data":[],"empty":true},"value":0}],"monotonic":true,"aggregationTemporality":"DELTA"}},{"name":"workspaceModel.cachedValueWithParameters.calculated.count","description":"","unit":"","type":"LONG_SUM","data":{"points":[{"startEpochNanos":1738604978905000000,"epochNanos":1738605039055000000,"attributes":{"data":[],"empty":true},"value":0}],"monotonic":true,"aggregationTemporality":"DELTA"}},{"name":"workspaceModel.to.snapshot.ms","description":"","unit":"","type":"LONG_SUM","data":{"points":[{"startEpochNanos":1738604978905000000,"epochNanos":1738605039055000000,"attributes":{"data":[],"empty":true},"value":1}],"monotonic":true,"aggregationTemporality":"DELTA"}},{"name":"workspaceModel.workspaceFileIndexData.getPackageName.ms","description":"","unit":"","type":"LONG_SUM","data":{"points":[{"startEpochNanos":1738604978905000000,"epochNanos":1738605039055000000,"attributes":{"data":[],"empty":true},"value":0}],"monotonic":true,"aggregationTemporality":"DELTA"}},{"name":"workspaceModel.updates.precise.ms","description":"","unit":"","type":"LONG_SUM","data":{"points":[{"startEpochNanos":1738604978905000000,"epochNanos":1738605039055000000,"attributes":{"data":[],"empty":true},"value":22}],"monotonic":true,"aggregationTemporality":"DELTA"}},{"name":"workspaceModel.loading.from.cache.ms","description":"","unit":"","type":"LONG_SUM","data":{"points":[{"startEpochNanos":1738604978905000000,"epochNanos":1738605039055000000,"attributes":{"data":[],"empty":true},"value":138}],"monotonic":true,"aggregationTemporality":"DELTA"}},{"name":"Indexing.cache.totalCacheAccesses","description":"","unit":"","type":"LONG_SUM","data":{"points":[{"startEpochNanos":1738604978905000000,"epochNanos":1738605039055000000,"attributes":{"data":[],"empty":true},"value":0}],"monotonic":true,"aggregationTemporality":"DELTA"}},{"name":"Indexing.totalTimeIndexersSleptMs","description":"","unit":"","type":"LONG_SUM","data":{"points":[{"startEpochNanos":1738604978905000000,"epochNanos":1738605039055000000,"attributes":{"data":[],"empty":true},"value":0}],"monotonic":true,"aggregationTemporality":"DELTA"}},{"name":"Indexing.writer_1.totalTimeSpentWritingMs","description":"","unit":"","type":"LONG_SUM","data":{"points":[{"startEpochNanos":1738604978905000000,"epochNanos":1738605039055000000,"attributes":{"data":[],"empty":true},"value":0}],"monotonic":true,"aggregationTemporality":"DELTA"}},{"name":"Indexing.cache.totalCacheEvicted","description":"","unit":"","type":"LONG_SUM","data":{"points":[{"startEpochNanos":1738604978905000000,"epochNanos":1738605039055000000,"attributes":{"data":[],"empty":true},"value":0}],"monotonic":true,"aggregationTemporality":"DELTA"}},{"name":"Indexing.cache.totalCacheMisses","description":"","unit":"","type":"LONG_SUM","data":{"points":[{"startEpochNanos":1738604978905000000,"epochNanos":1738605039055000000,"attributes":{"data":[],"empty":true},"value":0}],"monotonic":true,"aggregationTemporality":"DELTA"}},{"name":"Indexing.writesQueuedMin","description":"","unit":"","type":"LONG_GAUGE","data":{"points":[{"startEpochNanos":1738604978905000000,"epochNanos":1738605039055000000,"attributes":{"data":[],"empty":true},"value":9223372036854775807}]}},{"name":"Indexing.writesQueuedMax","description":"","unit":"","type":"LONG_GAUGE","data":{"points":[{"startEpochNanos":1738604978905000000,"epochNanos":1738605039055000000,"attributes":{"data":[],"empty":true},"value":0}]}},{"name":"Indexing.writer_3.totalTimeSpentWritingMs","description":"","unit":"","type":"LONG_SUM","data":{"points":[{"startEpochNanos":1738604978905000000,"epochNanos":1738605039055000000,"attributes":{"data":[],"empty":true},"value":0}],"monotonic":true,"aggregationTemporality":"DELTA"}},{"name":"Indexing.writer_0.totalTimeSpentWritingMs","description":"","unit":"","type":"LONG_SUM","data":{"points":[{"startEpochNanos":1738604978905000000,"epochNanos":1738605039055000000,"attributes":{"data":[],"empty":true},"value":0}],"monotonic":true,"aggregationTemporality":"DELTA"}},{"name":"Indexing.writer_2.totalTimeSpentWritingMs","description":"","unit":"","type":"LONG_SUM","data":{"points":[{"startEpochNanos":1738604978905000000,"epochNanos":1738605039055000000,"attributes":{"data":[],"empty":true},"value":0}],"monotonic":true,"aggregationTemporality":"DELTA"}}]