# OpenTelemetry Metrics report: .csv, 4 fields: 
# <metric name>, <period start, nanoseconds>, <period end, nanoseconds>, <metric value>
# See CsvMetricsExporter for details.
# 
# NAME, PERIOD_START_NANOS, PERIOD_END_NANOS, VALUE
FilePageCache.pageHits,1738604978905000000,1738605039886000000,0
MappedFileStorage.storages,1738604978905000000,1738605039886000000,5
FilePageCache.maxCacheSizeInBytes,1738604978905000000,1738605039886000000,1048576
StreamlinedBlobStorage.recordsAllocated,1738604978905000000,1738605039886000000,11
FilePageCache.disposedBuffers,1738604978905000000,1738605039886000000,0
MappedFileStorage.totalPagesMapped,1738604978905000000,1738605039886000000,5
StorageLockContext.competingThreads.avg,1738604978905000000,1738605039886000000,0.0
MappedFileStorage.totalBytesMapped,1738604978905000000,1738605039886000000,160432128
FilePageCache.totalPageDisposalsUs,1738604978905000000,1738605039886000000,26
DirectByteBufferAllocator.totalSizeOfBuffersAllocatedInBytes,1738604978905000000,1738605039886000000,1048576
DirectByteBufferAllocator.hits,1738604978905000000,1738605039886000000,0
MappedFileStorage.totalTimeSpentOnMappingUs,1738604978905000000,1738605039886000000,561997
DirectByteBufferAllocator.disposed,1738604978905000000,1738605039886000000,0
DirectByteBufferAllocator.reclaimed,1738604978905000000,1738605039886000000,0
StreamlinedBlobStorage.recordsRelocated,1738604978905000000,1738605039886000000,0
StorageLockContext.competingThreads.90P,1738604978905000000,1738605039886000000,0
FilePageCache.uncachedFileAccess,1738604978905000000,1738605039886000000,3
DirectByteBufferAllocator.totalSizeOfBuffersCachedInBytes,1738604978905000000,1738605039886000000,0
FileChannelInterruptsRetryer.totalRetriedAttempts,1738604978905000000,1738605039886000000,0
FilePageCache.totalPageLoadsUs,1738604978905000000,1738605039886000000,40534
FilePageCache.pageFastCacheHits,1738604978905000000,1738605039886000000,68
StreamlinedBlobStorage.totalLiveRecordsPayloadBytes,1738604978905000000,1738605039886000000,79
FilePageCache.pageLoads,1738604978905000000,1738605039886000000,1
StreamlinedBlobStorage.totalLiveRecordsCapacityBytes,1738604978905000000,1738605039886000000,770
FilePageCache.capacityInBytes,1738604978905000000,1738605039886000000,629145600
FilePageCache.pageLoadsAboveSizeThreshold,1738604978905000000,1738605039886000000,0
DirectByteBufferAllocator.misses,1738604978905000000,1738605039886000000,1
FilePageCache.maxRegisteredFiles,1738604978905000000,1738605039886000000,3
StreamlinedBlobStorage.recordsDeleted,1738604978905000000,1738605039886000000,0
StorageLockContext.competingThreads.max,1738604978905000000,1738605039886000000,0
OS.loadAverage,1738604978905000000,1738605039886000000,4.77392578125
JVM.usedNativeBytes,1738604978905000000,1738605039886000000,311968880
JVM.committedHeapBytes,1738604978905000000,1738605039886000000,279969792
JVM.GC.collectionTimesMs,1738604978905000000,1738605039886000000,795
JVM.GC.collections,1738604978905000000,1738605039886000000,41
MEM.ramBytes,1738604978905000000,1738605039886000000,1177657344
JVM.threadCount,1738604978905000000,1738605039886000000,65
MEM.fileMappingsRamBytes,1738604978905000000,1738605039886000000,436183040
MEM.ramPlusSwapMinusFileMappingsBytes,1738604978905000000,1738605039886000000,741089280
JVM.totalTimeToSafepointsMs,1738604978905000000,1738605039886000000,28
JVM.totalSafepointCount,1738604978905000000,1738605039886000000,104
JVM.totalDirectByteBuffersBytes,1738604978905000000,1738605039886000000,7386553
JVM.newThreadsCount,1738604978905000000,1738605039886000000,77
JVM.maxHeapBytes,1738604978905000000,1738605039886000000,1572864000
JVM.totalCpuTimeMs,1738604978905000000,1738605039886000000,119010
JVM.maxThreadCount,1738604978905000000,1738605039886000000,65
MEM.ramMinusFileMappingsBytes,1738604978905000000,1738605039886000000,741089280
JVM.totalTimeAtSafepointsMs,1738604978905000000,1738605039886000000,809
JVM.usedHeapBytes,1738604978905000000,1738605039886000000,210092448
JVM.totalBytesAllocated,1738604978905000000,1738605039886000000,1036341120
rdct.TransportWrapperImpl.receivedFramesLenRate.project.1,1738604978905000000,1738605039886000000,4706
rdct.CountingByteChannel.readBytesRate.project.1,1738604978905000000,1738605039886000000,2337450
rdct.ThinClientDiagnosticsService.connectionState.O2Physi,1738604978905000000,1738605039886000000,3
rdct.CountingByteChannel.writeBytesRate.project.1,1738604978905000000,1738605039886000000,56002
rdct.ThinClientDiagnosticsService.pingDirect.O2Physi,1738604978905000000,1738605039886000000,678
rdct.TransportWrapperImpl.connectionState.project.1,1738604978905000000,1738605039886000000,1
rdct.TransportWrapperImpl.sentFramesLenRate.project.1,1738604978905000000,1738605039886000000,950
rdct.ThinClientDiagnosticsService.pingUI.O2Physi,1738604978905000000,1738605039886000000,678
rdct.TransportWrapperImpl.receivedFrames.project.1,1738604978905000000,1738605039886000000,6332
cacheStateStorage.set.duration,1738604978905000000,1738605039886000000,185
cacheStateStorage.get.counter,1738604978905000000,1738605039886000000,11
cacheStateStorage.set.counter,1738604978905000000,1738605039886000000,5
cacheStateStorage.get.duration,1738604978905000000,1738605039886000000,0
DiskQueryRelay.taskWaitingTotalTimeUs,1738604978905000000,1738605039886000000,123023
parser.Markdown.time.ns,1738604978905000000,1738605039886000000,47814153
lexer.Markdown.time.ns,1738604978905000000,1738605039886000000,92810514
writeAction.max.wait.ms,1738604978905000000,1738605039886000000,5
DiskQueryRelay.taskExecutionTotalTimeUs,1738604978905000000,1738605039886000000,11234
parser.Markdown.size.bytes,1738604978905000000,1738605039886000000,245
DiskQueryRelay.tasksRequested,1738604978905000000,1738605039886000000,38
writeAction.wait.ms,1738604978905000000,1738605039886000000,7
writeAction.count,1738604978905000000,1738605039886000000,11
lexer.Markdown.size.bytes,1738604978905000000,1738605039886000000,245
writeAction.median.wait.ms,1738604978905000000,1738605039886000000,0
DiskQueryRelay.tasksExecuted,1738604978905000000,1738605039886000000,38
lux.LuxRendererStatistics.LxCachedImage.calls,1738604978905000000,1738605039886000000,26
lux.LuxRendererStatistics.LxPathShape.calls,1738604978905000000,1738605039886000000,112
lux.LuxRendererStatistics.LxCachedImage.size,1738604978905000000,1738605039886000000,26
lux.LuxRendererStatistics.State_Changes.calls,1738604978905000000,1738605039886000000,1044
lux.LuxRendererStatistics.LxDrawImageCommand.calls,1738604978905000000,1738605039886000000,45
lux.LuxRendererStatistics.Draw_Commands_List.calls,1738604978905000000,1738605039886000000,511
lux.LuxRendererStatistics.Draw_Commands_List.size,1738604978905000000,1738605039886000000,17388
lux.LuxRendererStatistics.Operation_batch_flushes.calls,1738604978905000000,1738605039886000000,31
lux.LuxRendererStatistics.LxPathShape.size,1738604978905000000,1738605039886000000,8830
lux.LuxRendererStatistics.LxPaintStateChange.calls,1738604978905000000,1738605039886000000,346
lux.LuxRendererStatistics.LxFontStateChange.size,1738604978905000000,1738605039886000000,93
lux.LuxRendererStatistics.LxClipStateChange.size,1738604978905000000,1738605039886000000,2783
lux.LuxRendererStatistics.LxBackgroundColorStateChange.size,1738604978905000000,1738605039886000000,3
lux.LuxRendererStatistics.LxAliasingStateChange.size,1738604978905000000,1738605039886000000,100
lux.LuxRendererStatistics.LxTransformStateChange.size,1738604978905000000,1738605039886000000,1740
lux.LuxRendererStatistics.LxRectShape.calls,1738604978905000000,1738605039886000000,328
lux.LuxRendererStatistics.LxRoundRectShape.calls,1738604978905000000,1738605039886000000,78
lux.LuxRendererStatistics.LxCacheableImage.size,1738604978905000000,1738605039886000000,1119
lux.LuxRendererStatistics.LxDrawImageCommand.size,1738604978905000000,1738605039886000000,1145
lux.LuxRendererStatistics.LxRectShape.size,1738604978905000000,1738605039886000000,1312
lux.LuxRendererStatistics.LxDrawTextCommand.calls,1738604978905000000,1738605039886000000,160
lux.LuxRendererStatistics.LxFillShapeCommand.calls,1738604978905000000,1738605039886000000,306
lux.LuxRendererStatistics.LxAliasingStateChange.calls,1738604978905000000,1738605039886000000,100
lux.LuxRendererStatistics.Operation_batch_flushes.size,1738604978905000000,1738605039886000000,511
lux.LuxRendererStatistics.LxPaintStateChange.size,1738604978905000000,1738605039886000000,346
lux.LuxRendererStatistics.State_Changes.size,1738604978905000000,1738605039886000000,5065
lux.LuxRendererStatistics.LxBackgroundColorStateChange.calls,1738604978905000000,1738605039886000000,3
lux.LuxRendererStatistics.LxClipStateChange.calls,1738604978905000000,1738605039886000000,212
lux.LuxRendererStatistics.LxTransformStateChange.calls,1738604978905000000,1738605039886000000,290
lux.LuxRendererStatistics.LxDrawTextCommand.size,1738604978905000000,1738605039886000000,3351
lux.LuxRendererStatistics.LxFontStateChange.calls,1738604978905000000,1738605039886000000,93
lux.LuxRendererStatistics.LxRoundRectShape.size,1738604978905000000,1738605039886000000,468
lux.LuxRendererStatistics.LxCacheableImage.calls,1738604978905000000,1738605039886000000,19
lux.LuxRendererStatistics.LxFillShapeCommand.size,1738604978905000000,1738605039886000000,7827
FlushQueue.executionTimeMaxNs,1738604978905000000,1738605039886000000,128450559
NonBlockingReadAction.failedExecutionsCount,1738604978905000000,1738605039886000000,0
AWTEventQueue.eventsDispatched,1738604978905000000,1738605039886000000,60
FlushQueue.queueSizeMax,1738604978905000000,1738605039886000000,54
FlushQueue.waitingTime90PNs,1738604978905000000,1738605039886000000,480247807
FlushQueue.queueSize90P,1738604978905000000,1738605039886000000,47
FlushQueue.executionTimeAvgNs,1738604978905000000,1738605039886000000,1242705.1962616823
FlushQueue.tasksExecuted,1738604978905000000,1738605039886000000,214
AWTEventQueue.dispatchTimeMaxNs,1738604978905000000,1738605039886000000,135266303
AWTEventQueue.dispatchTime90PNs,1738604978905000000,1738605039886000000,34865151
AWTEventQueue.dispatchTimeAvgNs,1738604978905000000,1738605039886000000,1.34304768E7
WriteAction.executionsCount,1738604978905000000,1738605039886000000,11
NonBlockingReadAction.finalizedExecutionsCount,1738604978905000000,1738605039886000000,6
NonBlockingReadAction.failedExecutionTimeUs,1738604978905000000,1738605039886000000,0
NonBlockingReadAction.finalizedExecutionTimeUs,1738604978905000000,1738605039886000000,676151
ReadAction.executionsCount,1738604978905000000,1738605039886000000,33194
FlushQueue.waitingTimeMaxNs,1738604978905000000,1738605039886000000,608174079
FlushQueue.waitingTimeAvgNs,1738604978905000000,1738605039886000000,1.4048862990654206E8
AWTEventQueue.dispatchTimeTotalNS,1738604978905000000,1738605039886000000,31746430386
FlushQueue.queueSizeAvg,1738604978905000000,1738605039886000000,20.373831775700936
FlushQueue.executionTime90PNs,1738604978905000000,1738605039886000000,1040383
VFS.contentStorage.recordsUncompressedSize,1738604978905000000,1738605039886000000,0
VFS.contentStorage.recordsStoredSize,1738604978905000000,1738605039886000000,0
VFS.contentStorage.recordsReadDecompressed,1738604978905000000,1738605039886000000,0
FileNameCache.totalMisses,1738604978905000000,1738605039886000000,0
VFS.contentStorage.recordsStored,1738604978905000000,1738605039886000000,0
VFS.contentStorage.recordsDecompressionTimeUs,1738604978905000000,1738605039886000000,0
VFS.contentStorage.recordsStoredCompressed,1738604978905000000,1738605039886000000,0
VFS.fileByIdCache.hits,1738604978905000000,1738605039886000000,0
FileNameCache.queries,1738604978905000000,1738605039886000000,0
VFS.contentStorage.recordsReadSize,1738604978905000000,1738605039886000000,0
VFS.fileChildByName,1738604978905000000,1738605039886000000,149
VFS.invertedFileNameIndex.requests,1738604978905000000,1738605039886000000,0
VFS.fileByIdCache.misses,1738604978905000000,1738605039886000000,0
VFS.contentStorage.recordsRead,1738604978905000000,1738605039886000000,0
VFS.contentStorage.recordsDeduplicated,1738604978905000000,1738605039886000000,0
workspaceModel.orphan.listener.update.ms,1738604978905000000,1738605039886000000,7
workspaceModel.mutableEntityStorage.mutable.vfurl.index.ms,1738604978905000000,1738605039886000000,0
workspaceModel.mutableEntityStorage.entities.by.source.ms,1738604978905000000,1738605039886000000,1
jps.global.handle.changed.events.ms,1738604978905000000,1738605039886000000,0
jps.facet.change.listener.before.change.events.ms,1738604978905000000,1738605039886000000,0
workspaceModel.mutableEntityStorage.put.entity.ms,1738604978905000000,1738605039886000000,44
workspaceModel.mutableEntityStorage.instances.count,1738604978905000000,1738605039886000000,18
workspaceModel.mutableEntityStorage.modify.entity.ms,1738604978905000000,1738605039886000000,0
jps.facet.change.listener.init.bridge.ms,1738604978905000000,1738605039886000000,2
workspaceModel.global.apply.state.to.project.builder.ms,1738604978905000000,1738605039886000000,6
workspaceModel.do.save.caches.ms,1738604978905000000,1738605039886000000,387
jps.reload.project.entities.ms,1738604978905000000,1738605039886000000,0
workspaceModel.moduleManagerBridge.newModule.ms,1738604978905000000,1738605039886000000,0
workspaceModel.global.updates.ms,1738604978905000000,1738605039886000000,0
jps.load.initial.state.ms,1738604978905000000,1738605039886000000,34
workspaceModel.mutableEntityStorage.remove.entity.ms,1738604978905000000,1738605039886000000,0
jps.artifact.entities.serializer.load.entities.ms,1738604978905000000,1738605039886000000,0
workspaceModel.save.cache.to.file.ms,1738604978905000000,1738605039886000000,384
workspaceModel.mutableEntityStorage.mutable.ext.mapping.ms,1738604978905000000,1738605039886000000,3
jps.global.handle.before.change.events.ms,1738604978905000000,1738605039886000000,0
jps.save.global.entities.ms,1738604978905000000,1738605039886000000,0
jps.apply.loaded.storage.ms,1738604978905000000,1738605039886000000,180
jps.global.initialize.library.bridges.after.loading.ms,1738604978905000000,1738605039886000000,5
jps.storage.jps.conf.reader.load.component.ms,1738604978905000000,1738605039886000000,7
jps.library.entities.serializer.save.entities.ms,1738604978905000000,1738605039886000000,0
workspaceModel.mutableEntityStorage.changeLog.addReplaceEventForRemovedChild.ms,1738604978905000000,1738605039886000000,0
workspaceModel.sync.entities.ms,1738604978905000000,1738605039886000000,0
jps.project.serializers.save.ms,1738604978905000000,1738605039886000000,0
workspaceModel.mutableEntityStorage.collect.changes.ms,1738604978905000000,1738605039886000000,1
jps.facet.change.listener.process.change.events.ms,1738604978905000000,1738605039886000000,1
workspaceModel.mutableEntityStorage.resolve.ms,1738604978905000000,1738605039886000000,0
jps.global.get.library.by.name.ms,1738604978905000000,1738605039886000000,0
workspaceModel.mutableEntityStorage.entities.ms,1738604978905000000,1738605039886000000,3
jps.global.get.library.ms,1738604978905000000,1738605039886000000,0
workspaceModel.mutableEntityStorage.replace.by.source.ms,1738604978905000000,1738605039886000000,7
workspaceModel.moduleManagerBridge.set.unloadedModules.ms,1738604978905000000,1738605039886000000,0
jps.app.storage.content.reader.load.component.ms,1738604978905000000,1738605039886000000,1
workspaceModel.mutableEntityStorage.to.snapshot.ms,1738604978905000000,1738605039886000000,5
workspaceModel.mutableEntityStorage.add.entity.ms,1738604978905000000,1738605039886000000,95
workspaceModel.mutableEntityStorage.changeLog.addReplaceEventForNewParent.ms,1738604978905000000,1738605039886000000,0
jps.global.get.libraries.ms,1738604978905000000,1738605039886000000,0
workspaceModel.moduleManagerBridge.load.module.ms,1738604978905000000,1738605039886000000,0
workspaceModel.mutableEntityStorage.changeLog.addReplaceEventForNewChild.ms,1738604978905000000,1738605039886000000,0
jps.project.serializers.load.ms,1738604978905000000,1738605039886000000,19
jps.module.dependency.index.workspace.model.listener.on.changed.ms,1738604978905000000,1738605039886000000,1
workspaceModel.moduleManagerBridge.get.modules.ms,1738604978905000000,1738605039886000000,2
jps.library.entities.serializer.load.entities.ms,1738604978905000000,1738605039886000000,1
workspaceModel.mutableEntityStorage.changeLog.addReplaceEventForRemovedParent.ms,1738604978905000000,1738605039886000000,0
jps.artifact.entities.serializer.save.entities.ms,1738604978905000000,1738605039886000000,0
jps.global.initialize.library.bridges.ms,1738604978905000000,1738605039886000000,0
workspaceModel.delayed.project.synchronizer.sync.ms,1738604978905000000,1738605039886000000,0
workspaceModel.moduleManagerBridge.new.nonPersistent.module.ms,1738604978905000000,1738605039886000000,0
jps.load.project.to.empty.storage.ms,1738604978905000000,1738605039886000000,208
workspaceModel.mutableEntityStorage.has.same.entities.ms,1738604978905000000,1738605039886000000,0
workspaceModel.moduleManagerBridge.create.module.instance.ms,1738604978905000000,1738605039886000000,0
workspaceModel.moduleBridgeLoader.loading.modules.ms,1738604978905000000,1738605039886000000,913
workspaceModel.moduleManagerBridge.build.module.graph.ms,1738604978905000000,1738605039886000000,0
workspaceModel.global.apply.state.to.project.ms,1738604978905000000,1738605039886000000,0
workspaceModel.load.cache.metadata.from.file.ms,1738604978905000000,1738605039886000000,0
workspaceModel.mutableEntityStorage.apply.changes.from.ms,1738604978905000000,1738605039886000000,39
workspaceModel.mutableEntityStorage.referrers.ms,1738604978905000000,1738605039886000000,0
workspaceModel.moduleManagerBridge.load.all.modules.ms,1738604978905000000,1738605039886000000,8
jps.save.changed.project.entities.ms,1738604978905000000,1738605039886000000,0
workspaceModel.global.updates.count,1738604978905000000,1738605039886000000,0
workspaceModel.load.cache.from.file.ms,1738604978905000000,1738605039886000000,0
workspaceModel.cachedValueWithParameters.total.get.count,1738604978905000000,1738605039886000000,0
workspaceModel.update.unloaded.entities.ms,1738604978905000000,1738605039886000000,0
workspaceModel.initializing.ms,1738604978905000000,1738605039886000000,0
workspaceModel.workspaceFileIndexData.onEntitiesChanged.ms,1738604978905000000,1738605039886000000,22
workspaceModel.entityStorageSnapshotImpl.instances.count,1738604978905000000,1738605039886000000,12
workspaceModel.on.before.changed.ms,1738604978905000000,1738605039886000000,133
workspaceModel.replace.project.model.ms,1738604978905000000,1738605039886000000,0
workspaceModel.check.recursive.update.ms,1738604978905000000,1738605039886000000,3
workspaceModel.workspaceFileIndexData.processFileSets.ms,1738604978905000000,1738605039886000000,0
workspaceModel.cachedValue.total.get.count,1738604978905000000,1738605039886000000,12
workspaceModel.workspaceFileIndexData.init.ms,1738604978905000000,1738605039886000000,7
workspaceModel.cachedValue.calculated.count,1738604978905000000,1738605039886000000,2
workspaceModel.workspaceFileIndexData.getDirectoriesByPackageName.ms,1738604978905000000,1738605039886000000,0
workspaceModel.on.changed.ms,1738604978905000000,1738605039886000000,118
workspaceModel.pre.handlers.ms,1738604978905000000,1738605039886000000,2
workspaceModel.updates.count,1738604978905000000,1738605039886000000,1
workspaceModel.workspaceFileIndexData.visitFileSets.ms,1738604978905000000,1738605039886000000,0
workspaceModel.workspaceFileIndexData.markDirty.ms,1738604978905000000,1738605039886000000,0
workspaceModel.cachedValueWithParameters.from.cache.count,1738604978905000000,1738605039886000000,0
workspaceModel.workspaceFileIndexData.updateDirtyEntities.ms,1738604978905000000,1738605039886000000,0
workspaceModel.updates.ms,1738604978905000000,1738605039886000000,156
workspaceModel.cachedValue.clear.count,1738604978905000000,1738605039886000000,0
workspaceModel.workspaceFileIndexContributor.registerFileSets.ms,1738604978905000000,1738605039886000000,24
workspaceModel.full.replace.project.model.ms,1738604978905000000,1738605039886000000,161
workspaceModel.workspaceFileIndexData.instances.count,1738604978905000000,1738605039886000000,1
workspaceModel.loading.total.ms,1738604978905000000,1738605039886000000,177
workspaceModel.init.bridges.ms,1738604978905000000,1738605039886000000,7
workspaceModel.cachedValue.from.cache.count,1738604978905000000,1738605039886000000,10
workspaceModel.cachedValueWithParameters.clear.count,1738604978905000000,1738605039886000000,0
workspaceModel.workspaceFileIndexData.getFileInfo.ms,1738604978905000000,1738605039886000000,0
workspaceModel.collect.changes.ms,1738604978905000000,1738605039886000000,0
workspaceModel.cachedValueWithParameters.calculated.count,1738604978905000000,1738605039886000000,0
workspaceModel.to.snapshot.ms,1738604978905000000,1738605039886000000,1
workspaceModel.workspaceFileIndexData.getPackageName.ms,1738604978905000000,1738605039886000000,0
workspaceModel.updates.precise.ms,1738604978905000000,1738605039886000000,22
workspaceModel.loading.from.cache.ms,1738604978905000000,1738605039886000000,138
Indexing.cache.totalCacheAccesses,1738604978905000000,1738605039886000000,0
Indexing.totalTimeIndexersSleptMs,1738604978905000000,1738605039886000000,0
Indexing.writesQueuedAvg,1738604978905000000,1738605039886000000,0.0
Indexing.writer_1.totalTimeSpentWritingMs,1738604978905000000,1738605039886000000,0
Indexing.cache.totalCacheEvicted,1738604978905000000,1738605039886000000,0
Indexing.cache.totalCacheMisses,1738604978905000000,1738605039886000000,0
Indexing.writesQueuedMin,1738604978905000000,1738605039886000000,0
Indexing.writesQueuedMax,1738604978905000000,1738605039886000000,0
Indexing.writer_3.totalTimeSpentWritingMs,1738604978905000000,1738605039886000000,0
Indexing.writer_0.totalTimeSpentWritingMs,1738604978905000000,1738605039886000000,0
Indexing.writer_2.totalTimeSpentWritingMs,1738604978905000000,1738605039886000000,0
FilePageCache.pageHits,1738605039886000000,1738605098953000000,0
MappedFileStorage.storages,1738605039886000000,1738605098953000000,5
FilePageCache.maxCacheSizeInBytes,1738605039886000000,1738605098953000000,1048576
StreamlinedBlobStorage.recordsAllocated,1738605039886000000,1738605098953000000,0
FilePageCache.disposedBuffers,1738605039886000000,1738605098953000000,0
MappedFileStorage.totalPagesMapped,1738605039886000000,1738605098953000000,5
StorageLockContext.competingThreads.avg,1738605039886000000,1738605098953000000,0.0
MappedFileStorage.totalBytesMapped,1738605039886000000,1738605098953000000,160432128
FilePageCache.totalPageDisposalsUs,1738605039886000000,1738605098953000000,0
DirectByteBufferAllocator.totalSizeOfBuffersAllocatedInBytes,1738605039886000000,1738605098953000000,1048576
DirectByteBufferAllocator.hits,1738605039886000000,1738605098953000000,0
MappedFileStorage.totalTimeSpentOnMappingUs,1738605039886000000,1738605098953000000,561997
DirectByteBufferAllocator.disposed,1738605039886000000,1738605098953000000,0
DirectByteBufferAllocator.reclaimed,1738605039886000000,1738605098953000000,0
StreamlinedBlobStorage.recordsRelocated,1738605039886000000,1738605098953000000,0
StorageLockContext.competingThreads.90P,1738605039886000000,1738605098953000000,0
FilePageCache.uncachedFileAccess,1738605039886000000,1738605098953000000,0
DirectByteBufferAllocator.totalSizeOfBuffersCachedInBytes,1738605039886000000,1738605098953000000,0
FileChannelInterruptsRetryer.totalRetriedAttempts,1738605039886000000,1738605098953000000,0
FilePageCache.totalPageLoadsUs,1738605039886000000,1738605098953000000,0
FilePageCache.pageFastCacheHits,1738605039886000000,1738605098953000000,0
StreamlinedBlobStorage.totalLiveRecordsPayloadBytes,1738605039886000000,1738605098953000000,0
FilePageCache.pageLoads,1738605039886000000,1738605098953000000,0
StreamlinedBlobStorage.totalLiveRecordsCapacityBytes,1738605039886000000,1738605098953000000,0
FilePageCache.capacityInBytes,1738605039886000000,1738605098953000000,629145600
FilePageCache.pageLoadsAboveSizeThreshold,1738605039886000000,1738605098953000000,0
DirectByteBufferAllocator.misses,1738605039886000000,1738605098953000000,0
FilePageCache.maxRegisteredFiles,1738605039886000000,1738605098953000000,3
StreamlinedBlobStorage.recordsDeleted,1738605039886000000,1738605098953000000,0
StorageLockContext.competingThreads.max,1738605039886000000,1738605098953000000,0
OS.loadAverage,1738605039886000000,1738605098953000000,2.6923828125
JVM.usedNativeBytes,1738605039886000000,1738605098953000000,318683728
JVM.committedHeapBytes,1738605039886000000,1738605098953000000,290455552
JVM.GC.collectionTimesMs,1738605039886000000,1738605098953000000,85
JVM.GC.collections,1738605039886000000,1738605098953000000,6
MEM.ramBytes,1738605039886000000,1738605098953000000,1195462656
JVM.threadCount,1738605039886000000,1738605098953000000,63
MEM.fileMappingsRamBytes,1738605039886000000,1738605098953000000,436576256
MEM.ramPlusSwapMinusFileMappingsBytes,1738605039886000000,1738605098953000000,758501376
JVM.totalTimeToSafepointsMs,1738605039886000000,1738605098953000000,2
JVM.totalSafepointCount,1738605039886000000,1738605098953000000,60
JVM.totalDirectByteBuffersBytes,1738605039886000000,1738605098953000000,7398845
JVM.newThreadsCount,1738605039886000000,1738605098953000000,0
JVM.maxHeapBytes,1738605039886000000,1738605098953000000,1572864000
JVM.totalCpuTimeMs,1738605039886000000,1738605098953000000,29230
JVM.maxThreadCount,1738605039886000000,1738605098953000000,65
MEM.ramMinusFileMappingsBytes,1738605039886000000,1738605098953000000,758501376
JVM.totalTimeAtSafepointsMs,1738605039886000000,1738605098953000000,87
JVM.usedHeapBytes,1738605039886000000,1738605098953000000,204752656
JVM.totalBytesAllocated,1738605039886000000,1738605098953000000,319617288
rdct.TransportWrapperImpl.receivedFramesLenRate.project.1,1738605039886000000,1738605098953000000,0
rdct.CountingByteChannel.readBytesRate.project.1,1738605039886000000,1738605098953000000,217474
rdct.ThinClientDiagnosticsService.connectionState.O2Physi,1738605039886000000,1738605098953000000,3
rdct.CountingByteChannel.writeBytesRate.project.1,1738605039886000000,1738605098953000000,3147
rdct.ThinClientDiagnosticsService.pingDirect.O2Physi,1738605039886000000,1738605098953000000,58
rdct.TransportWrapperImpl.connectionState.project.1,1738605039886000000,1738605098953000000,1
rdct.TransportWrapperImpl.sentFramesLenRate.project.1,1738605039886000000,1738605098953000000,0
rdct.ThinClientDiagnosticsService.pingUI.O2Physi,1738605039886000000,1738605098953000000,59
rdct.TransportWrapperImpl.receivedFrames.project.1,1738605039886000000,1738605098953000000,2287
cacheStateStorage.set.duration,1738605039886000000,1738605098953000000,0
cacheStateStorage.get.counter,1738605039886000000,1738605098953000000,0
cacheStateStorage.set.counter,1738605039886000000,1738605098953000000,0
cacheStateStorage.get.duration,1738605039886000000,1738605098953000000,0
DiskQueryRelay.taskWaitingTotalTimeUs,1738605039886000000,1738605098953000000,1301
writeAction.max.wait.ms,1738605039886000000,1738605098953000000,5
DiskQueryRelay.taskExecutionTotalTimeUs,1738605039886000000,1738605098953000000,1219
DiskQueryRelay.tasksRequested,1738605039886000000,1738605098953000000,12
writeAction.wait.ms,1738605039886000000,1738605098953000000,0
writeAction.count,1738605039886000000,1738605098953000000,0
writeAction.median.wait.ms,1738605039886000000,1738605098953000000,0
DiskQueryRelay.tasksExecuted,1738605039886000000,1738605098953000000,12
FlushQueue.executionTimeMaxNs,1738605039886000000,1738605098953000000,178175
NonBlockingReadAction.failedExecutionsCount,1738605039886000000,1738605098953000000,0
AWTEventQueue.eventsDispatched,1738605039886000000,1738605098953000000,2
FlushQueue.queueSizeMax,1738605039886000000,1738605098953000000,0
FlushQueue.waitingTime90PNs,1738605039886000000,1738605098953000000,189439
FlushQueue.queueSize90P,1738605039886000000,1738605098953000000,0
FlushQueue.executionTimeAvgNs,1738605039886000000,1738605098953000000,177664.0
FlushQueue.tasksExecuted,1738605039886000000,1738605098953000000,1
AWTEventQueue.dispatchTimeMaxNs,1738605039886000000,1738605098953000000,753663
AWTEventQueue.dispatchTime90PNs,1738605039886000000,1738605098953000000,753663
AWTEventQueue.dispatchTimeAvgNs,1738605039886000000,1738605098953000000,557568.0
WriteAction.executionsCount,1738605039886000000,1738605098953000000,0
NonBlockingReadAction.finalizedExecutionsCount,1738605039886000000,1738605098953000000,0
NonBlockingReadAction.failedExecutionTimeUs,1738605039886000000,1738605098953000000,0
NonBlockingReadAction.finalizedExecutionTimeUs,1738605039886000000,1738605098953000000,0
ReadAction.executionsCount,1738605039886000000,1738605098953000000,119
FlushQueue.waitingTimeMaxNs,1738605039886000000,1738605098953000000,189439
FlushQueue.waitingTimeAvgNs,1738605039886000000,1738605098953000000,188928.0
AWTEventQueue.dispatchTimeTotalNS,1738605039886000000,1738605098953000000,2721750788
FlushQueue.queueSizeAvg,1738605039886000000,1738605098953000000,0.0
FlushQueue.executionTime90PNs,1738605039886000000,1738605098953000000,178175
VFS.contentStorage.recordsUncompressedSize,1738605039886000000,1738605098953000000,0
VFS.contentStorage.recordsStoredSize,1738605039886000000,1738605098953000000,0
VFS.contentStorage.recordsReadDecompressed,1738605039886000000,1738605098953000000,0
FileNameCache.totalMisses,1738605039886000000,1738605098953000000,0
VFS.contentStorage.recordsStored,1738605039886000000,1738605098953000000,0
VFS.contentStorage.recordsDecompressionTimeUs,1738605039886000000,1738605098953000000,0
VFS.contentStorage.recordsStoredCompressed,1738605039886000000,1738605098953000000,0
VFS.fileByIdCache.hits,1738605039886000000,1738605098953000000,0
FileNameCache.queries,1738605039886000000,1738605098953000000,0
VFS.contentStorage.recordsReadSize,1738605039886000000,1738605098953000000,0
VFS.fileChildByName,1738605039886000000,1738605098953000000,0
VFS.invertedFileNameIndex.requests,1738605039886000000,1738605098953000000,0
VFS.fileByIdCache.misses,1738605039886000000,1738605098953000000,0
VFS.contentStorage.recordsRead,1738605039886000000,1738605098953000000,0
VFS.contentStorage.recordsDeduplicated,1738605039886000000,1738605098953000000,0
workspaceModel.orphan.listener.update.ms,1738605039886000000,1738605098953000000,0
workspaceModel.mutableEntityStorage.mutable.vfurl.index.ms,1738605039886000000,1738605098953000000,0
workspaceModel.mutableEntityStorage.entities.by.source.ms,1738605039886000000,1738605098953000000,0
jps.global.handle.changed.events.ms,1738605039886000000,1738605098953000000,0
jps.facet.change.listener.before.change.events.ms,1738605039886000000,1738605098953000000,0
workspaceModel.mutableEntityStorage.put.entity.ms,1738605039886000000,1738605098953000000,0
workspaceModel.mutableEntityStorage.instances.count,1738605039886000000,1738605098953000000,0
workspaceModel.mutableEntityStorage.modify.entity.ms,1738605039886000000,1738605098953000000,0
jps.facet.change.listener.init.bridge.ms,1738605039886000000,1738605098953000000,0
workspaceModel.global.apply.state.to.project.builder.ms,1738605039886000000,1738605098953000000,0
workspaceModel.do.save.caches.ms,1738605039886000000,1738605098953000000,0
jps.reload.project.entities.ms,1738605039886000000,1738605098953000000,0
workspaceModel.moduleManagerBridge.newModule.ms,1738605039886000000,1738605098953000000,0
workspaceModel.global.updates.ms,1738605039886000000,1738605098953000000,0
jps.load.initial.state.ms,1738605039886000000,1738605098953000000,0
workspaceModel.mutableEntityStorage.remove.entity.ms,1738605039886000000,1738605098953000000,0
jps.artifact.entities.serializer.load.entities.ms,1738605039886000000,1738605098953000000,0
workspaceModel.save.cache.to.file.ms,1738605039886000000,1738605098953000000,0
workspaceModel.mutableEntityStorage.mutable.ext.mapping.ms,1738605039886000000,1738605098953000000,0
jps.global.handle.before.change.events.ms,1738605039886000000,1738605098953000000,0
jps.save.global.entities.ms,1738605039886000000,1738605098953000000,0
jps.apply.loaded.storage.ms,1738605039886000000,1738605098953000000,0
jps.global.initialize.library.bridges.after.loading.ms,1738605039886000000,1738605098953000000,0
jps.storage.jps.conf.reader.load.component.ms,1738605039886000000,1738605098953000000,0
jps.library.entities.serializer.save.entities.ms,1738605039886000000,1738605098953000000,0
workspaceModel.mutableEntityStorage.changeLog.addReplaceEventForRemovedChild.ms,1738605039886000000,1738605098953000000,0
workspaceModel.sync.entities.ms,1738605039886000000,1738605098953000000,0
jps.project.serializers.save.ms,1738605039886000000,1738605098953000000,0
workspaceModel.mutableEntityStorage.collect.changes.ms,1738605039886000000,1738605098953000000,0
jps.facet.change.listener.process.change.events.ms,1738605039886000000,1738605098953000000,0
workspaceModel.mutableEntityStorage.resolve.ms,1738605039886000000,1738605098953000000,0
jps.global.get.library.by.name.ms,1738605039886000000,1738605098953000000,0
workspaceModel.mutableEntityStorage.entities.ms,1738605039886000000,1738605098953000000,0
jps.global.get.library.ms,1738605039886000000,1738605098953000000,0
workspaceModel.mutableEntityStorage.replace.by.source.ms,1738605039886000000,1738605098953000000,0
workspaceModel.moduleManagerBridge.set.unloadedModules.ms,1738605039886000000,1738605098953000000,0
jps.app.storage.content.reader.load.component.ms,1738605039886000000,1738605098953000000,0
workspaceModel.mutableEntityStorage.to.snapshot.ms,1738605039886000000,1738605098953000000,0
workspaceModel.mutableEntityStorage.add.entity.ms,1738605039886000000,1738605098953000000,0
workspaceModel.mutableEntityStorage.changeLog.addReplaceEventForNewParent.ms,1738605039886000000,1738605098953000000,0
jps.global.get.libraries.ms,1738605039886000000,1738605098953000000,0
workspaceModel.moduleManagerBridge.load.module.ms,1738605039886000000,1738605098953000000,0
workspaceModel.mutableEntityStorage.changeLog.addReplaceEventForNewChild.ms,1738605039886000000,1738605098953000000,0
jps.project.serializers.load.ms,1738605039886000000,1738605098953000000,0
jps.module.dependency.index.workspace.model.listener.on.changed.ms,1738605039886000000,1738605098953000000,0
workspaceModel.moduleManagerBridge.get.modules.ms,1738605039886000000,1738605098953000000,0
jps.library.entities.serializer.load.entities.ms,1738605039886000000,1738605098953000000,0
workspaceModel.mutableEntityStorage.changeLog.addReplaceEventForRemovedParent.ms,1738605039886000000,1738605098953000000,0
jps.artifact.entities.serializer.save.entities.ms,1738605039886000000,1738605098953000000,0
jps.global.initialize.library.bridges.ms,1738605039886000000,1738605098953000000,0
workspaceModel.delayed.project.synchronizer.sync.ms,1738605039886000000,1738605098953000000,0
workspaceModel.moduleManagerBridge.new.nonPersistent.module.ms,1738605039886000000,1738605098953000000,0
jps.load.project.to.empty.storage.ms,1738605039886000000,1738605098953000000,0
workspaceModel.mutableEntityStorage.has.same.entities.ms,1738605039886000000,1738605098953000000,0
workspaceModel.moduleManagerBridge.create.module.instance.ms,1738605039886000000,1738605098953000000,0
workspaceModel.moduleBridgeLoader.loading.modules.ms,1738605039886000000,1738605098953000000,0
workspaceModel.moduleManagerBridge.build.module.graph.ms,1738605039886000000,1738605098953000000,0
workspaceModel.global.apply.state.to.project.ms,1738605039886000000,1738605098953000000,0
workspaceModel.load.cache.metadata.from.file.ms,1738605039886000000,1738605098953000000,0
workspaceModel.mutableEntityStorage.apply.changes.from.ms,1738605039886000000,1738605098953000000,0
workspaceModel.mutableEntityStorage.referrers.ms,1738605039886000000,1738605098953000000,0
workspaceModel.moduleManagerBridge.load.all.modules.ms,1738605039886000000,1738605098953000000,0
jps.save.changed.project.entities.ms,1738605039886000000,1738605098953000000,0
workspaceModel.global.updates.count,1738605039886000000,1738605098953000000,0
workspaceModel.load.cache.from.file.ms,1738605039886000000,1738605098953000000,0
workspaceModel.cachedValueWithParameters.total.get.count,1738605039886000000,1738605098953000000,0
workspaceModel.update.unloaded.entities.ms,1738605039886000000,1738605098953000000,0
workspaceModel.initializing.ms,1738605039886000000,1738605098953000000,0
workspaceModel.workspaceFileIndexData.onEntitiesChanged.ms,1738605039886000000,1738605098953000000,0
workspaceModel.entityStorageSnapshotImpl.instances.count,1738605039886000000,1738605098953000000,0
workspaceModel.on.before.changed.ms,1738605039886000000,1738605098953000000,0
workspaceModel.replace.project.model.ms,1738605039886000000,1738605098953000000,0
workspaceModel.check.recursive.update.ms,1738605039886000000,1738605098953000000,0
workspaceModel.workspaceFileIndexData.processFileSets.ms,1738605039886000000,1738605098953000000,0
workspaceModel.cachedValue.total.get.count,1738605039886000000,1738605098953000000,2
workspaceModel.workspaceFileIndexData.init.ms,1738605039886000000,1738605098953000000,0
workspaceModel.cachedValue.calculated.count,1738605039886000000,1738605098953000000,0
workspaceModel.workspaceFileIndexData.getDirectoriesByPackageName.ms,1738605039886000000,1738605098953000000,0
workspaceModel.on.changed.ms,1738605039886000000,1738605098953000000,0
workspaceModel.pre.handlers.ms,1738605039886000000,1738605098953000000,0
workspaceModel.updates.count,1738605039886000000,1738605098953000000,0
workspaceModel.workspaceFileIndexData.visitFileSets.ms,1738605039886000000,1738605098953000000,0
workspaceModel.workspaceFileIndexData.markDirty.ms,1738605039886000000,1738605098953000000,0
workspaceModel.cachedValueWithParameters.from.cache.count,1738605039886000000,1738605098953000000,0
workspaceModel.workspaceFileIndexData.updateDirtyEntities.ms,1738605039886000000,1738605098953000000,0
workspaceModel.updates.ms,1738605039886000000,1738605098953000000,0
workspaceModel.cachedValue.clear.count,1738605039886000000,1738605098953000000,0
workspaceModel.workspaceFileIndexContributor.registerFileSets.ms,1738605039886000000,1738605098953000000,0
workspaceModel.full.replace.project.model.ms,1738605039886000000,1738605098953000000,0
workspaceModel.workspaceFileIndexData.instances.count,1738605039886000000,1738605098953000000,0
workspaceModel.loading.total.ms,1738605039886000000,1738605098953000000,0
workspaceModel.init.bridges.ms,1738605039886000000,1738605098953000000,0
workspaceModel.cachedValue.from.cache.count,1738605039886000000,1738605098953000000,2
workspaceModel.cachedValueWithParameters.clear.count,1738605039886000000,1738605098953000000,0
workspaceModel.workspaceFileIndexData.getFileInfo.ms,1738605039886000000,1738605098953000000,0
workspaceModel.collect.changes.ms,1738605039886000000,1738605098953000000,0
workspaceModel.cachedValueWithParameters.calculated.count,1738605039886000000,1738605098953000000,0
workspaceModel.to.snapshot.ms,1738605039886000000,1738605098953000000,0
workspaceModel.workspaceFileIndexData.getPackageName.ms,1738605039886000000,1738605098953000000,0
workspaceModel.updates.precise.ms,1738605039886000000,1738605098953000000,0
workspaceModel.loading.from.cache.ms,1738605039886000000,1738605098953000000,0
Indexing.cache.totalCacheAccesses,1738605039886000000,1738605098953000000,0
Indexing.totalTimeIndexersSleptMs,1738605039886000000,1738605098953000000,0
Indexing.writer_1.totalTimeSpentWritingMs,1738605039886000000,1738605098953000000,0
Indexing.cache.totalCacheEvicted,1738605039886000000,1738605098953000000,0
Indexing.cache.totalCacheMisses,1738605039886000000,1738605098953000000,0
Indexing.writesQueuedMin,1738605039886000000,1738605098953000000,9223372036854775807
Indexing.writesQueuedMax,1738605039886000000,1738605098953000000,0
Indexing.writer_3.totalTimeSpentWritingMs,1738605039886000000,1738605098953000000,0
Indexing.writer_0.totalTimeSpentWritingMs,1738605039886000000,1738605098953000000,0
Indexing.writer_2.totalTimeSpentWritingMs,1738605039886000000,1738605098953000000,0
FilePageCache.pageHits,1738605098953000000,1738605158963000000,0
MappedFileStorage.storages,1738605098953000000,1738605158963000000,5
FilePageCache.maxCacheSizeInBytes,1738605098953000000,1738605158963000000,1048576
StreamlinedBlobStorage.recordsAllocated,1738605098953000000,1738605158963000000,0
FilePageCache.disposedBuffers,1738605098953000000,1738605158963000000,0
MappedFileStorage.totalPagesMapped,1738605098953000000,1738605158963000000,5
StorageLockContext.competingThreads.avg,1738605098953000000,1738605158963000000,0.0
MappedFileStorage.totalBytesMapped,1738605098953000000,1738605158963000000,160432128
FilePageCache.totalPageDisposalsUs,1738605098953000000,1738605158963000000,0
DirectByteBufferAllocator.totalSizeOfBuffersAllocatedInBytes,1738605098953000000,1738605158963000000,1048576
DirectByteBufferAllocator.hits,1738605098953000000,1738605158963000000,0
MappedFileStorage.totalTimeSpentOnMappingUs,1738605098953000000,1738605158963000000,561997
DirectByteBufferAllocator.disposed,1738605098953000000,1738605158963000000,0
DirectByteBufferAllocator.reclaimed,1738605098953000000,1738605158963000000,0
StreamlinedBlobStorage.recordsRelocated,1738605098953000000,1738605158963000000,0
StorageLockContext.competingThreads.90P,1738605098953000000,1738605158963000000,0
FilePageCache.uncachedFileAccess,1738605098953000000,1738605158963000000,0
DirectByteBufferAllocator.totalSizeOfBuffersCachedInBytes,1738605098953000000,1738605158963000000,0
FileChannelInterruptsRetryer.totalRetriedAttempts,1738605098953000000,1738605158963000000,0
FilePageCache.totalPageLoadsUs,1738605098953000000,1738605158963000000,0
FilePageCache.pageFastCacheHits,1738605098953000000,1738605158963000000,0
StreamlinedBlobStorage.totalLiveRecordsPayloadBytes,1738605098953000000,1738605158963000000,0
FilePageCache.pageLoads,1738605098953000000,1738605158963000000,0
StreamlinedBlobStorage.totalLiveRecordsCapacityBytes,1738605098953000000,1738605158963000000,0
FilePageCache.capacityInBytes,1738605098953000000,1738605158963000000,629145600
FilePageCache.pageLoadsAboveSizeThreshold,1738605098953000000,1738605158963000000,0
DirectByteBufferAllocator.misses,1738605098953000000,1738605158963000000,0
FilePageCache.maxRegisteredFiles,1738605098953000000,1738605158963000000,3
StreamlinedBlobStorage.recordsDeleted,1738605098953000000,1738605158963000000,0
StorageLockContext.competingThreads.max,1738605098953000000,1738605158963000000,0
OS.loadAverage,1738605098953000000,1738605158963000000,2.24560546875
JVM.usedNativeBytes,1738605098953000000,1738605158963000000,318879504
JVM.committedHeapBytes,1738605098953000000,1738605158963000000,290455552
JVM.GC.collectionTimesMs,1738605098953000000,1738605158963000000,56
JVM.GC.collections,1738605098953000000,1738605158963000000,5
MEM.ramBytes,1738605098953000000,1738605158963000000,1204318208
JVM.threadCount,1738605098953000000,1738605158963000000,61
MEM.fileMappingsRamBytes,1738605098953000000,1738605158963000000,436977664
MEM.ramPlusSwapMinusFileMappingsBytes,1738605098953000000,1738605158963000000,766955520
JVM.totalTimeToSafepointsMs,1738605098953000000,1738605158963000000,2
JVM.totalSafepointCount,1738605098953000000,1738605158963000000,47
JVM.totalDirectByteBuffersBytes,1738605098953000000,1738605158963000000,7398845
JVM.newThreadsCount,1738605098953000000,1738605158963000000,2
JVM.maxHeapBytes,1738605098953000000,1738605158963000000,1572864000
JVM.totalCpuTimeMs,1738605098953000000,1738605158963000000,19790
JVM.maxThreadCount,1738605098953000000,1738605158963000000,65
MEM.ramMinusFileMappingsBytes,1738605098953000000,1738605158963000000,766955520
JVM.totalTimeAtSafepointsMs,1738605098953000000,1738605158963000000,59
JVM.usedHeapBytes,1738605098953000000,1738605158963000000,249380352
JVM.totalBytesAllocated,1738605098953000000,1738605158963000000,322869848
rdct.TransportWrapperImpl.receivedFramesLenRate.project.1,1738605098953000000,1738605158963000000,1474
rdct.CountingByteChannel.readBytesRate.project.1,1738605098953000000,1738605158963000000,228038
rdct.ThinClientDiagnosticsService.connectionState.O2Physi,1738605098953000000,1738605158963000000,3
rdct.CountingByteChannel.writeBytesRate.project.1,1738605098953000000,1738605158963000000,4116
rdct.ThinClientDiagnosticsService.pingDirect.O2Physi,1738605098953000000,1738605158963000000,34
rdct.TransportWrapperImpl.connectionState.project.1,1738605098953000000,1738605158963000000,1
rdct.TransportWrapperImpl.sentFramesLenRate.project.1,1738605098953000000,1738605158963000000,0
rdct.ThinClientDiagnosticsService.pingUI.O2Physi,1738605098953000000,1738605158963000000,16
rdct.TransportWrapperImpl.receivedFrames.project.1,1738605098953000000,1738605158963000000,2345
cacheStateStorage.set.duration,1738605098953000000,1738605158963000000,0
cacheStateStorage.get.counter,1738605098953000000,1738605158963000000,0
cacheStateStorage.set.counter,1738605098953000000,1738605158963000000,0
cacheStateStorage.get.duration,1738605098953000000,1738605158963000000,0
DiskQueryRelay.taskWaitingTotalTimeUs,1738605098953000000,1738605158963000000,3795
writeAction.max.wait.ms,1738605098953000000,1738605158963000000,5
DiskQueryRelay.taskExecutionTotalTimeUs,1738605098953000000,1738605158963000000,498
DiskQueryRelay.tasksRequested,1738605098953000000,1738605158963000000,8
writeAction.wait.ms,1738605098953000000,1738605158963000000,0
writeAction.count,1738605098953000000,1738605158963000000,1
writeAction.median.wait.ms,1738605098953000000,1738605158963000000,0
DiskQueryRelay.tasksExecuted,1738605098953000000,1738605158963000000,8
FlushQueue.executionTimeMaxNs,1738605098953000000,1738605158963000000,148479
NonBlockingReadAction.failedExecutionsCount,1738605098953000000,1738605158963000000,0
AWTEventQueue.eventsDispatched,1738605098953000000,1738605158963000000,3
FlushQueue.queueSizeMax,1738605098953000000,1738605158963000000,0
FlushQueue.waitingTime90PNs,1738605098953000000,1738605158963000000,548863
FlushQueue.queueSize90P,1738605098953000000,1738605158963000000,0
FlushQueue.executionTimeAvgNs,1738605098953000000,1738605158963000000,94272.0
FlushQueue.tasksExecuted,1738605098953000000,1738605158963000000,2
AWTEventQueue.dispatchTimeMaxNs,1738605098953000000,1738605158963000000,675839
AWTEventQueue.dispatchTime90PNs,1738605098953000000,1738605158963000000,675839
AWTEventQueue.dispatchTimeAvgNs,1738605098953000000,1738605158963000000,342442.6666666667
WriteAction.executionsCount,1738605098953000000,1738605158963000000,1
NonBlockingReadAction.finalizedExecutionsCount,1738605098953000000,1738605158963000000,0
NonBlockingReadAction.failedExecutionTimeUs,1738605098953000000,1738605158963000000,0
NonBlockingReadAction.finalizedExecutionTimeUs,1738605098953000000,1738605158963000000,0
ReadAction.executionsCount,1738605098953000000,1738605158963000000,1473
FlushQueue.waitingTimeMaxNs,1738605098953000000,1738605158963000000,548863
FlushQueue.waitingTimeAvgNs,1738605098953000000,1738605158963000000,358144.0
AWTEventQueue.dispatchTimeTotalNS,1738605098953000000,1738605158963000000,2565183840
FlushQueue.queueSizeAvg,1738605098953000000,1738605158963000000,0.0
FlushQueue.executionTime90PNs,1738605098953000000,1738605158963000000,148479
VFS.contentStorage.recordsUncompressedSize,1738605098953000000,1738605158963000000,0
VFS.contentStorage.recordsStoredSize,1738605098953000000,1738605158963000000,0
VFS.contentStorage.recordsReadDecompressed,1738605098953000000,1738605158963000000,0
FileNameCache.totalMisses,1738605098953000000,1738605158963000000,0
VFS.contentStorage.recordsStored,1738605098953000000,1738605158963000000,0
VFS.contentStorage.recordsDecompressionTimeUs,1738605098953000000,1738605158963000000,0
VFS.contentStorage.recordsStoredCompressed,1738605098953000000,1738605158963000000,0
VFS.fileByIdCache.hits,1738605098953000000,1738605158963000000,0
FileNameCache.queries,1738605098953000000,1738605158963000000,0
VFS.contentStorage.recordsReadSize,1738605098953000000,1738605158963000000,0
VFS.fileChildByName,1738605098953000000,1738605158963000000,128
VFS.invertedFileNameIndex.requests,1738605098953000000,1738605158963000000,0
VFS.fileByIdCache.misses,1738605098953000000,1738605158963000000,0
VFS.contentStorage.recordsRead,1738605098953000000,1738605158963000000,0
VFS.contentStorage.recordsDeduplicated,1738605098953000000,1738605158963000000,0
workspaceModel.orphan.listener.update.ms,1738605098953000000,1738605158963000000,0
workspaceModel.mutableEntityStorage.mutable.vfurl.index.ms,1738605098953000000,1738605158963000000,0
workspaceModel.mutableEntityStorage.entities.by.source.ms,1738605098953000000,1738605158963000000,0
jps.global.handle.changed.events.ms,1738605098953000000,1738605158963000000,0
jps.facet.change.listener.before.change.events.ms,1738605098953000000,1738605158963000000,0
workspaceModel.mutableEntityStorage.put.entity.ms,1738605098953000000,1738605158963000000,0
workspaceModel.mutableEntityStorage.instances.count,1738605098953000000,1738605158963000000,0
workspaceModel.mutableEntityStorage.modify.entity.ms,1738605098953000000,1738605158963000000,0
jps.facet.change.listener.init.bridge.ms,1738605098953000000,1738605158963000000,0
workspaceModel.global.apply.state.to.project.builder.ms,1738605098953000000,1738605158963000000,0
workspaceModel.do.save.caches.ms,1738605098953000000,1738605158963000000,0
jps.reload.project.entities.ms,1738605098953000000,1738605158963000000,0
workspaceModel.moduleManagerBridge.newModule.ms,1738605098953000000,1738605158963000000,0
workspaceModel.global.updates.ms,1738605098953000000,1738605158963000000,0
jps.load.initial.state.ms,1738605098953000000,1738605158963000000,0
workspaceModel.mutableEntityStorage.remove.entity.ms,1738605098953000000,1738605158963000000,0
jps.artifact.entities.serializer.load.entities.ms,1738605098953000000,1738605158963000000,0
workspaceModel.save.cache.to.file.ms,1738605098953000000,1738605158963000000,0
workspaceModel.mutableEntityStorage.mutable.ext.mapping.ms,1738605098953000000,1738605158963000000,0
jps.global.handle.before.change.events.ms,1738605098953000000,1738605158963000000,0
jps.save.global.entities.ms,1738605098953000000,1738605158963000000,0
jps.apply.loaded.storage.ms,1738605098953000000,1738605158963000000,0
jps.global.initialize.library.bridges.after.loading.ms,1738605098953000000,1738605158963000000,0
jps.storage.jps.conf.reader.load.component.ms,1738605098953000000,1738605158963000000,0
jps.library.entities.serializer.save.entities.ms,1738605098953000000,1738605158963000000,0
workspaceModel.mutableEntityStorage.changeLog.addReplaceEventForRemovedChild.ms,1738605098953000000,1738605158963000000,0
workspaceModel.sync.entities.ms,1738605098953000000,1738605158963000000,0
jps.project.serializers.save.ms,1738605098953000000,1738605158963000000,0
workspaceModel.mutableEntityStorage.collect.changes.ms,1738605098953000000,1738605158963000000,0
jps.facet.change.listener.process.change.events.ms,1738605098953000000,1738605158963000000,0
workspaceModel.mutableEntityStorage.resolve.ms,1738605098953000000,1738605158963000000,0
jps.global.get.library.by.name.ms,1738605098953000000,1738605158963000000,0
workspaceModel.mutableEntityStorage.entities.ms,1738605098953000000,1738605158963000000,0
jps.global.get.library.ms,1738605098953000000,1738605158963000000,0
workspaceModel.mutableEntityStorage.replace.by.source.ms,1738605098953000000,1738605158963000000,0
workspaceModel.moduleManagerBridge.set.unloadedModules.ms,1738605098953000000,1738605158963000000,0
jps.app.storage.content.reader.load.component.ms,1738605098953000000,1738605158963000000,0
workspaceModel.mutableEntityStorage.to.snapshot.ms,1738605098953000000,1738605158963000000,0
workspaceModel.mutableEntityStorage.add.entity.ms,1738605098953000000,1738605158963000000,0
workspaceModel.mutableEntityStorage.changeLog.addReplaceEventForNewParent.ms,1738605098953000000,1738605158963000000,0
jps.global.get.libraries.ms,1738605098953000000,1738605158963000000,0
workspaceModel.moduleManagerBridge.load.module.ms,1738605098953000000,1738605158963000000,0
workspaceModel.mutableEntityStorage.changeLog.addReplaceEventForNewChild.ms,1738605098953000000,1738605158963000000,0
jps.project.serializers.load.ms,1738605098953000000,1738605158963000000,0
jps.module.dependency.index.workspace.model.listener.on.changed.ms,1738605098953000000,1738605158963000000,0
workspaceModel.moduleManagerBridge.get.modules.ms,1738605098953000000,1738605158963000000,0
jps.library.entities.serializer.load.entities.ms,1738605098953000000,1738605158963000000,0
workspaceModel.mutableEntityStorage.changeLog.addReplaceEventForRemovedParent.ms,1738605098953000000,1738605158963000000,0
jps.artifact.entities.serializer.save.entities.ms,1738605098953000000,1738605158963000000,0
jps.global.initialize.library.bridges.ms,1738605098953000000,1738605158963000000,0
workspaceModel.delayed.project.synchronizer.sync.ms,1738605098953000000,1738605158963000000,0
workspaceModel.moduleManagerBridge.new.nonPersistent.module.ms,1738605098953000000,1738605158963000000,0
jps.load.project.to.empty.storage.ms,1738605098953000000,1738605158963000000,0
workspaceModel.mutableEntityStorage.has.same.entities.ms,1738605098953000000,1738605158963000000,0
workspaceModel.moduleManagerBridge.create.module.instance.ms,1738605098953000000,1738605158963000000,0
workspaceModel.moduleBridgeLoader.loading.modules.ms,1738605098953000000,1738605158963000000,0
workspaceModel.moduleManagerBridge.build.module.graph.ms,1738605098953000000,1738605158963000000,0
workspaceModel.global.apply.state.to.project.ms,1738605098953000000,1738605158963000000,0
workspaceModel.load.cache.metadata.from.file.ms,1738605098953000000,1738605158963000000,0
workspaceModel.mutableEntityStorage.apply.changes.from.ms,1738605098953000000,1738605158963000000,0
workspaceModel.mutableEntityStorage.referrers.ms,1738605098953000000,1738605158963000000,0
workspaceModel.moduleManagerBridge.load.all.modules.ms,1738605098953000000,1738605158963000000,0
jps.save.changed.project.entities.ms,1738605098953000000,1738605158963000000,0
workspaceModel.global.updates.count,1738605098953000000,1738605158963000000,0
workspaceModel.load.cache.from.file.ms,1738605098953000000,1738605158963000000,0
workspaceModel.cachedValueWithParameters.total.get.count,1738605098953000000,1738605158963000000,0
workspaceModel.update.unloaded.entities.ms,1738605098953000000,1738605158963000000,0
workspaceModel.initializing.ms,1738605098953000000,1738605158963000000,0
workspaceModel.workspaceFileIndexData.onEntitiesChanged.ms,1738605098953000000,1738605158963000000,0
workspaceModel.entityStorageSnapshotImpl.instances.count,1738605098953000000,1738605158963000000,0
workspaceModel.on.before.changed.ms,1738605098953000000,1738605158963000000,0
workspaceModel.replace.project.model.ms,1738605098953000000,1738605158963000000,0
workspaceModel.check.recursive.update.ms,1738605098953000000,1738605158963000000,0
workspaceModel.workspaceFileIndexData.processFileSets.ms,1738605098953000000,1738605158963000000,0
workspaceModel.cachedValue.total.get.count,1738605098953000000,1738605158963000000,1
workspaceModel.workspaceFileIndexData.init.ms,1738605098953000000,1738605158963000000,0
workspaceModel.cachedValue.calculated.count,1738605098953000000,1738605158963000000,0
workspaceModel.workspaceFileIndexData.getDirectoriesByPackageName.ms,1738605098953000000,1738605158963000000,0
workspaceModel.on.changed.ms,1738605098953000000,1738605158963000000,0
workspaceModel.pre.handlers.ms,1738605098953000000,1738605158963000000,0
workspaceModel.updates.count,1738605098953000000,1738605158963000000,0
workspaceModel.workspaceFileIndexData.visitFileSets.ms,1738605098953000000,1738605158963000000,0
workspaceModel.workspaceFileIndexData.markDirty.ms,1738605098953000000,1738605158963000000,0
workspaceModel.cachedValueWithParameters.from.cache.count,1738605098953000000,1738605158963000000,0
workspaceModel.workspaceFileIndexData.updateDirtyEntities.ms,1738605098953000000,1738605158963000000,0
workspaceModel.updates.ms,1738605098953000000,1738605158963000000,0
workspaceModel.cachedValue.clear.count,1738605098953000000,1738605158963000000,0
workspaceModel.workspaceFileIndexContributor.registerFileSets.ms,1738605098953000000,1738605158963000000,0
workspaceModel.full.replace.project.model.ms,1738605098953000000,1738605158963000000,0
workspaceModel.workspaceFileIndexData.instances.count,1738605098953000000,1738605158963000000,0
workspaceModel.loading.total.ms,1738605098953000000,1738605158963000000,0
workspaceModel.init.bridges.ms,1738605098953000000,1738605158963000000,0
workspaceModel.cachedValue.from.cache.count,1738605098953000000,1738605158963000000,1
workspaceModel.cachedValueWithParameters.clear.count,1738605098953000000,1738605158963000000,0
workspaceModel.workspaceFileIndexData.getFileInfo.ms,1738605098953000000,1738605158963000000,0
workspaceModel.collect.changes.ms,1738605098953000000,1738605158963000000,0
workspaceModel.cachedValueWithParameters.calculated.count,1738605098953000000,1738605158963000000,0
workspaceModel.to.snapshot.ms,1738605098953000000,1738605158963000000,0
workspaceModel.workspaceFileIndexData.getPackageName.ms,1738605098953000000,1738605158963000000,0
workspaceModel.updates.precise.ms,1738605098953000000,1738605158963000000,0
workspaceModel.loading.from.cache.ms,1738605098953000000,1738605158963000000,0
Indexing.cache.totalCacheAccesses,1738605098953000000,1738605158963000000,0
Indexing.totalTimeIndexersSleptMs,1738605098953000000,1738605158963000000,0
Indexing.writesQueuedAvg,1738605098953000000,1738605158963000000,0.0
Indexing.writer_1.totalTimeSpentWritingMs,1738605098953000000,1738605158963000000,0
Indexing.cache.totalCacheEvicted,1738605098953000000,1738605158963000000,0
Indexing.cache.totalCacheMisses,1738605098953000000,1738605158963000000,0
Indexing.writesQueuedMin,1738605098953000000,1738605158963000000,0
Indexing.writesQueuedMax,1738605098953000000,1738605158963000000,0
Indexing.writer_3.totalTimeSpentWritingMs,1738605098953000000,1738605158963000000,0
Indexing.writer_0.totalTimeSpentWritingMs,1738605098953000000,1738605158963000000,0
Indexing.writer_2.totalTimeSpentWritingMs,1738605098953000000,1738605158963000000,0
FilePageCache.pageHits,1738605158963000000,1738605218959000000,0
MappedFileStorage.storages,1738605158963000000,1738605218959000000,5
FilePageCache.maxCacheSizeInBytes,1738605158963000000,1738605218959000000,1048576
StreamlinedBlobStorage.recordsAllocated,1738605158963000000,1738605218959000000,0
FilePageCache.disposedBuffers,1738605158963000000,1738605218959000000,0
MappedFileStorage.totalPagesMapped,1738605158963000000,1738605218959000000,5
StorageLockContext.competingThreads.avg,1738605158963000000,1738605218959000000,0.0
MappedFileStorage.totalBytesMapped,1738605158963000000,1738605218959000000,160432128
FilePageCache.totalPageDisposalsUs,1738605158963000000,1738605218959000000,0
DirectByteBufferAllocator.totalSizeOfBuffersAllocatedInBytes,1738605158963000000,1738605218959000000,1048576
DirectByteBufferAllocator.hits,1738605158963000000,1738605218959000000,0
MappedFileStorage.totalTimeSpentOnMappingUs,1738605158963000000,1738605218959000000,561997
DirectByteBufferAllocator.disposed,1738605158963000000,1738605218959000000,0
DirectByteBufferAllocator.reclaimed,1738605158963000000,1738605218959000000,0
StreamlinedBlobStorage.recordsRelocated,1738605158963000000,1738605218959000000,0
StorageLockContext.competingThreads.90P,1738605158963000000,1738605218959000000,0
FilePageCache.uncachedFileAccess,1738605158963000000,1738605218959000000,0
DirectByteBufferAllocator.totalSizeOfBuffersCachedInBytes,1738605158963000000,1738605218959000000,0
FileChannelInterruptsRetryer.totalRetriedAttempts,1738605158963000000,1738605218959000000,0
FilePageCache.totalPageLoadsUs,1738605158963000000,1738605218959000000,0
FilePageCache.pageFastCacheHits,1738605158963000000,1738605218959000000,0
StreamlinedBlobStorage.totalLiveRecordsPayloadBytes,1738605158963000000,1738605218959000000,0
FilePageCache.pageLoads,1738605158963000000,1738605218959000000,0
StreamlinedBlobStorage.totalLiveRecordsCapacityBytes,1738605158963000000,1738605218959000000,0
FilePageCache.capacityInBytes,1738605158963000000,1738605218959000000,629145600
FilePageCache.pageLoadsAboveSizeThreshold,1738605158963000000,1738605218959000000,0
DirectByteBufferAllocator.misses,1738605158963000000,1738605218959000000,0
FilePageCache.maxRegisteredFiles,1738605158963000000,1738605218959000000,3
StreamlinedBlobStorage.recordsDeleted,1738605158963000000,1738605218959000000,0
StorageLockContext.competingThreads.max,1738605158963000000,1738605218959000000,0
OS.loadAverage,1738605158963000000,1738605218959000000,2.55712890625
JVM.usedNativeBytes,1738605158963000000,1738605218959000000,324459632
JVM.committedHeapBytes,1738605158963000000,1738605218959000000,290455552
JVM.GC.collectionTimesMs,1738605158963000000,1738605218959000000,189
JVM.GC.collections,1738605158963000000,1738605218959000000,8
MEM.ramBytes,1738605158963000000,1738605218959000000,1219751936
JVM.threadCount,1738605158963000000,1738605218959000000,61
MEM.fileMappingsRamBytes,1738605158963000000,1738605218959000000,438403072
MEM.ramPlusSwapMinusFileMappingsBytes,1738605158963000000,1738605218959000000,780963840
JVM.totalTimeToSafepointsMs,1738605158963000000,1738605218959000000,3
JVM.totalSafepointCount,1738605158963000000,1738605218959000000,49
JVM.totalDirectByteBuffersBytes,1738605158963000000,1738605218959000000,7406749
JVM.newThreadsCount,1738605158963000000,1738605218959000000,22
JVM.maxHeapBytes,1738605158963000000,1738605218959000000,1572864000
JVM.totalCpuTimeMs,1738605158963000000,1738605218959000000,27450
JVM.maxThreadCount,1738605158963000000,1738605218959000000,82
MEM.ramMinusFileMappingsBytes,1738605158963000000,1738605218959000000,780963840
JVM.totalTimeAtSafepointsMs,1738605158963000000,1738605218959000000,191
JVM.usedHeapBytes,1738605158963000000,1738605218959000000,251281800
JVM.totalBytesAllocated,1738605158963000000,1738605218959000000,361508608
rdct.TransportWrapperImpl.receivedFramesLenRate.project.1,1738605158963000000,1738605218959000000,22
rdct.CountingByteChannel.readBytesRate.project.1,1738605158963000000,1738605218959000000,255706
rdct.ThinClientDiagnosticsService.connectionState.O2Physi,1738605158963000000,1738605218959000000,3
rdct.CountingByteChannel.writeBytesRate.project.1,1738605158963000000,1738605218959000000,7725
rdct.ThinClientDiagnosticsService.pingDirect.O2Physi,1738605158963000000,1738605218959000000,16
rdct.TransportWrapperImpl.connectionState.project.1,1738605158963000000,1738605218959000000,1
rdct.TransportWrapperImpl.sentFramesLenRate.project.1,1738605158963000000,1738605218959000000,26
rdct.ThinClientDiagnosticsService.pingUI.O2Physi,1738605158963000000,1738605218959000000,62
rdct.TransportWrapperImpl.receivedFrames.project.1,1738605158963000000,1738605218959000000,2506
cacheStateStorage.set.duration,1738605158963000000,1738605218959000000,0
cacheStateStorage.get.counter,1738605158963000000,1738605218959000000,0
cacheStateStorage.set.counter,1738605158963000000,1738605218959000000,0
cacheStateStorage.get.duration,1738605158963000000,1738605218959000000,0
DiskQueryRelay.taskWaitingTotalTimeUs,1738605158963000000,1738605218959000000,14462
writeAction.max.wait.ms,1738605158963000000,1738605218959000000,5
DiskQueryRelay.taskExecutionTotalTimeUs,1738605158963000000,1738605218959000000,2475
DiskQueryRelay.tasksRequested,1738605158963000000,1738605218959000000,40
writeAction.wait.ms,1738605158963000000,1738605218959000000,0
writeAction.count,1738605158963000000,1738605218959000000,0
writeAction.median.wait.ms,1738605158963000000,1738605218959000000,0
DiskQueryRelay.tasksExecuted,1738605158963000000,1738605218959000000,40
FlushQueue.executionTimeMaxNs,1738605158963000000,1738605218959000000,311295
NonBlockingReadAction.failedExecutionsCount,1738605158963000000,1738605218959000000,1
AWTEventQueue.eventsDispatched,1738605158963000000,1738605218959000000,4
FlushQueue.queueSizeMax,1738605158963000000,1738605218959000000,1
FlushQueue.waitingTime90PNs,1738605158963000000,1738605218959000000,565247
FlushQueue.queueSize90P,1738605158963000000,1738605218959000000,1
FlushQueue.executionTimeAvgNs,1738605158963000000,1738605218959000000,140185.6
FlushQueue.tasksExecuted,1738605158963000000,1738605218959000000,5
AWTEventQueue.dispatchTimeMaxNs,1738605158963000000,1738605218959000000,716799
AWTEventQueue.dispatchTime90PNs,1738605158963000000,1738605218959000000,716799
AWTEventQueue.dispatchTimeAvgNs,1738605158963000000,1738605218959000000,468224.0
WriteAction.executionsCount,1738605158963000000,1738605218959000000,0
NonBlockingReadAction.finalizedExecutionsCount,1738605158963000000,1738605218959000000,5
NonBlockingReadAction.failedExecutionTimeUs,1738605158963000000,1738605218959000000,13707
NonBlockingReadAction.finalizedExecutionTimeUs,1738605158963000000,1738605218959000000,22073
ReadAction.executionsCount,1738605158963000000,1738605218959000000,5720
FlushQueue.waitingTimeMaxNs,1738605158963000000,1738605218959000000,565247
FlushQueue.waitingTimeAvgNs,1738605158963000000,1738605218959000000,274102.4
AWTEventQueue.dispatchTimeTotalNS,1738605158963000000,1738605218959000000,4096739402
FlushQueue.queueSizeAvg,1738605158963000000,1738605218959000000,0.2
FlushQueue.executionTime90PNs,1738605158963000000,1738605218959000000,311295
VFS.contentStorage.recordsUncompressedSize,1738605158963000000,1738605218959000000,0
VFS.contentStorage.recordsStoredSize,1738605158963000000,1738605218959000000,0
VFS.contentStorage.recordsReadDecompressed,1738605158963000000,1738605218959000000,0
FileNameCache.totalMisses,1738605158963000000,1738605218959000000,0
VFS.contentStorage.recordsStored,1738605158963000000,1738605218959000000,0
VFS.contentStorage.recordsDecompressionTimeUs,1738605158963000000,1738605218959000000,0
VFS.contentStorage.recordsStoredCompressed,1738605158963000000,1738605218959000000,0
VFS.fileByIdCache.hits,1738605158963000000,1738605218959000000,0
FileNameCache.queries,1738605158963000000,1738605218959000000,0
VFS.contentStorage.recordsReadSize,1738605158963000000,1738605218959000000,0
VFS.fileChildByName,1738605158963000000,1738605218959000000,640
VFS.invertedFileNameIndex.requests,1738605158963000000,1738605218959000000,0
VFS.fileByIdCache.misses,1738605158963000000,1738605218959000000,0
VFS.contentStorage.recordsRead,1738605158963000000,1738605218959000000,0
VFS.contentStorage.recordsDeduplicated,1738605158963000000,1738605218959000000,0
workspaceModel.orphan.listener.update.ms,1738605158963000000,1738605218959000000,0
workspaceModel.mutableEntityStorage.mutable.vfurl.index.ms,1738605158963000000,1738605218959000000,0
workspaceModel.mutableEntityStorage.entities.by.source.ms,1738605158963000000,1738605218959000000,0
jps.global.handle.changed.events.ms,1738605158963000000,1738605218959000000,0
jps.facet.change.listener.before.change.events.ms,1738605158963000000,1738605218959000000,0
workspaceModel.mutableEntityStorage.put.entity.ms,1738605158963000000,1738605218959000000,0
workspaceModel.mutableEntityStorage.instances.count,1738605158963000000,1738605218959000000,0
workspaceModel.mutableEntityStorage.modify.entity.ms,1738605158963000000,1738605218959000000,0
jps.facet.change.listener.init.bridge.ms,1738605158963000000,1738605218959000000,0
workspaceModel.global.apply.state.to.project.builder.ms,1738605158963000000,1738605218959000000,0
workspaceModel.do.save.caches.ms,1738605158963000000,1738605218959000000,0
jps.reload.project.entities.ms,1738605158963000000,1738605218959000000,0
workspaceModel.moduleManagerBridge.newModule.ms,1738605158963000000,1738605218959000000,0
workspaceModel.global.updates.ms,1738605158963000000,1738605218959000000,0
jps.load.initial.state.ms,1738605158963000000,1738605218959000000,0
workspaceModel.mutableEntityStorage.remove.entity.ms,1738605158963000000,1738605218959000000,0
jps.artifact.entities.serializer.load.entities.ms,1738605158963000000,1738605218959000000,0
workspaceModel.save.cache.to.file.ms,1738605158963000000,1738605218959000000,0
workspaceModel.mutableEntityStorage.mutable.ext.mapping.ms,1738605158963000000,1738605218959000000,0
jps.global.handle.before.change.events.ms,1738605158963000000,1738605218959000000,0
jps.save.global.entities.ms,1738605158963000000,1738605218959000000,0
jps.apply.loaded.storage.ms,1738605158963000000,1738605218959000000,0
jps.global.initialize.library.bridges.after.loading.ms,1738605158963000000,1738605218959000000,0
jps.storage.jps.conf.reader.load.component.ms,1738605158963000000,1738605218959000000,0
jps.library.entities.serializer.save.entities.ms,1738605158963000000,1738605218959000000,0
workspaceModel.mutableEntityStorage.changeLog.addReplaceEventForRemovedChild.ms,1738605158963000000,1738605218959000000,0
workspaceModel.sync.entities.ms,1738605158963000000,1738605218959000000,0
jps.project.serializers.save.ms,1738605158963000000,1738605218959000000,0
workspaceModel.mutableEntityStorage.collect.changes.ms,1738605158963000000,1738605218959000000,0
jps.facet.change.listener.process.change.events.ms,1738605158963000000,1738605218959000000,0
workspaceModel.mutableEntityStorage.resolve.ms,1738605158963000000,1738605218959000000,0
jps.global.get.library.by.name.ms,1738605158963000000,1738605218959000000,0
workspaceModel.mutableEntityStorage.entities.ms,1738605158963000000,1738605218959000000,0
jps.global.get.library.ms,1738605158963000000,1738605218959000000,0
workspaceModel.mutableEntityStorage.replace.by.source.ms,1738605158963000000,1738605218959000000,0
workspaceModel.moduleManagerBridge.set.unloadedModules.ms,1738605158963000000,1738605218959000000,0
jps.app.storage.content.reader.load.component.ms,1738605158963000000,1738605218959000000,0
workspaceModel.mutableEntityStorage.to.snapshot.ms,1738605158963000000,1738605218959000000,0
workspaceModel.mutableEntityStorage.add.entity.ms,1738605158963000000,1738605218959000000,0
workspaceModel.mutableEntityStorage.changeLog.addReplaceEventForNewParent.ms,1738605158963000000,1738605218959000000,0
jps.global.get.libraries.ms,1738605158963000000,1738605218959000000,0
workspaceModel.moduleManagerBridge.load.module.ms,1738605158963000000,1738605218959000000,0
workspaceModel.mutableEntityStorage.changeLog.addReplaceEventForNewChild.ms,1738605158963000000,1738605218959000000,0
jps.project.serializers.load.ms,1738605158963000000,1738605218959000000,0
jps.module.dependency.index.workspace.model.listener.on.changed.ms,1738605158963000000,1738605218959000000,0
workspaceModel.moduleManagerBridge.get.modules.ms,1738605158963000000,1738605218959000000,0
jps.library.entities.serializer.load.entities.ms,1738605158963000000,1738605218959000000,0
workspaceModel.mutableEntityStorage.changeLog.addReplaceEventForRemovedParent.ms,1738605158963000000,1738605218959000000,0
jps.artifact.entities.serializer.save.entities.ms,1738605158963000000,1738605218959000000,0
jps.global.initialize.library.bridges.ms,1738605158963000000,1738605218959000000,0
workspaceModel.delayed.project.synchronizer.sync.ms,1738605158963000000,1738605218959000000,0
workspaceModel.moduleManagerBridge.new.nonPersistent.module.ms,1738605158963000000,1738605218959000000,0
jps.load.project.to.empty.storage.ms,1738605158963000000,1738605218959000000,0
workspaceModel.mutableEntityStorage.has.same.entities.ms,1738605158963000000,1738605218959000000,0
workspaceModel.moduleManagerBridge.create.module.instance.ms,1738605158963000000,1738605218959000000,0
workspaceModel.moduleBridgeLoader.loading.modules.ms,1738605158963000000,1738605218959000000,0
workspaceModel.moduleManagerBridge.build.module.graph.ms,1738605158963000000,1738605218959000000,0
workspaceModel.global.apply.state.to.project.ms,1738605158963000000,1738605218959000000,0
workspaceModel.load.cache.metadata.from.file.ms,1738605158963000000,1738605218959000000,0
workspaceModel.mutableEntityStorage.apply.changes.from.ms,1738605158963000000,1738605218959000000,0
workspaceModel.mutableEntityStorage.referrers.ms,1738605158963000000,1738605218959000000,0
workspaceModel.moduleManagerBridge.load.all.modules.ms,1738605158963000000,1738605218959000000,0
jps.save.changed.project.entities.ms,1738605158963000000,1738605218959000000,0
workspaceModel.global.updates.count,1738605158963000000,1738605218959000000,0
workspaceModel.load.cache.from.file.ms,1738605158963000000,1738605218959000000,0
workspaceModel.cachedValueWithParameters.total.get.count,1738605158963000000,1738605218959000000,0
workspaceModel.update.unloaded.entities.ms,1738605158963000000,1738605218959000000,0
workspaceModel.initializing.ms,1738605158963000000,1738605218959000000,0
workspaceModel.workspaceFileIndexData.onEntitiesChanged.ms,1738605158963000000,1738605218959000000,0
workspaceModel.entityStorageSnapshotImpl.instances.count,1738605158963000000,1738605218959000000,0
workspaceModel.on.before.changed.ms,1738605158963000000,1738605218959000000,0
workspaceModel.replace.project.model.ms,1738605158963000000,1738605218959000000,0
workspaceModel.check.recursive.update.ms,1738605158963000000,1738605218959000000,0
workspaceModel.workspaceFileIndexData.processFileSets.ms,1738605158963000000,1738605218959000000,0
workspaceModel.cachedValue.total.get.count,1738605158963000000,1738605218959000000,0
workspaceModel.workspaceFileIndexData.init.ms,1738605158963000000,1738605218959000000,0
workspaceModel.cachedValue.calculated.count,1738605158963000000,1738605218959000000,0
workspaceModel.workspaceFileIndexData.getDirectoriesByPackageName.ms,1738605158963000000,1738605218959000000,0
workspaceModel.on.changed.ms,1738605158963000000,1738605218959000000,0
workspaceModel.pre.handlers.ms,1738605158963000000,1738605218959000000,0
workspaceModel.updates.count,1738605158963000000,1738605218959000000,0
workspaceModel.workspaceFileIndexData.visitFileSets.ms,1738605158963000000,1738605218959000000,0
workspaceModel.workspaceFileIndexData.markDirty.ms,1738605158963000000,1738605218959000000,0
workspaceModel.cachedValueWithParameters.from.cache.count,1738605158963000000,1738605218959000000,0
workspaceModel.workspaceFileIndexData.updateDirtyEntities.ms,1738605158963000000,1738605218959000000,0
workspaceModel.updates.ms,1738605158963000000,1738605218959000000,0
workspaceModel.cachedValue.clear.count,1738605158963000000,1738605218959000000,0
workspaceModel.workspaceFileIndexContributor.registerFileSets.ms,1738605158963000000,1738605218959000000,0
workspaceModel.full.replace.project.model.ms,1738605158963000000,1738605218959000000,0
workspaceModel.workspaceFileIndexData.instances.count,1738605158963000000,1738605218959000000,0
workspaceModel.loading.total.ms,1738605158963000000,1738605218959000000,0
workspaceModel.init.bridges.ms,1738605158963000000,1738605218959000000,0
workspaceModel.cachedValue.from.cache.count,1738605158963000000,1738605218959000000,0
workspaceModel.cachedValueWithParameters.clear.count,1738605158963000000,1738605218959000000,0
workspaceModel.workspaceFileIndexData.getFileInfo.ms,1738605158963000000,1738605218959000000,0
workspaceModel.collect.changes.ms,1738605158963000000,1738605218959000000,0
workspaceModel.cachedValueWithParameters.calculated.count,1738605158963000000,1738605218959000000,0
workspaceModel.to.snapshot.ms,1738605158963000000,1738605218959000000,0
workspaceModel.workspaceFileIndexData.getPackageName.ms,1738605158963000000,1738605218959000000,0
workspaceModel.updates.precise.ms,1738605158963000000,1738605218959000000,0
workspaceModel.loading.from.cache.ms,1738605158963000000,1738605218959000000,0
Indexing.cache.totalCacheAccesses,1738605158963000000,1738605218959000000,0
Indexing.totalTimeIndexersSleptMs,1738605158963000000,1738605218959000000,0
Indexing.writer_1.totalTimeSpentWritingMs,1738605158963000000,1738605218959000000,0
Indexing.cache.totalCacheEvicted,1738605158963000000,1738605218959000000,0
Indexing.cache.totalCacheMisses,1738605158963000000,1738605218959000000,0
Indexing.writesQueuedMin,1738605158963000000,1738605218959000000,9223372036854775807
Indexing.writesQueuedMax,1738605158963000000,1738605218959000000,0
Indexing.writer_3.totalTimeSpentWritingMs,1738605158963000000,1738605218959000000,0
Indexing.writer_0.totalTimeSpentWritingMs,1738605158963000000,1738605218959000000,0
Indexing.writer_2.totalTimeSpentWritingMs,1738605158963000000,1738605218959000000,0
FilePageCache.pageHits,1738605218959000000,1738605271310000000,0
FilePageCache.maxCacheSizeInBytes,1738605218959000000,1738605271310000000,1048576
FilePageCache.disposedBuffers,1738605218959000000,1738605271310000000,1
StorageLockContext.competingThreads.avg,1738605218959000000,1738605271310000000,0.0
FilePageCache.totalPageDisposalsUs,1738605218959000000,1738605271310000000,0
DirectByteBufferAllocator.totalSizeOfBuffersAllocatedInBytes,1738605218959000000,1738605271310000000,1048576
DirectByteBufferAllocator.hits,1738605218959000000,1738605271310000000,0
DirectByteBufferAllocator.disposed,1738605218959000000,1738605271310000000,0
DirectByteBufferAllocator.reclaimed,1738605218959000000,1738605271310000000,1
StorageLockContext.competingThreads.90P,1738605218959000000,1738605271310000000,0
FilePageCache.uncachedFileAccess,1738605218959000000,1738605271310000000,0
DirectByteBufferAllocator.totalSizeOfBuffersCachedInBytes,1738605218959000000,1738605271310000000,1048576
FileChannelInterruptsRetryer.totalRetriedAttempts,1738605218959000000,1738605271310000000,0
FilePageCache.totalPageLoadsUs,1738605218959000000,1738605271310000000,0
FilePageCache.pageFastCacheHits,1738605218959000000,1738605271310000000,0
FilePageCache.pageLoads,1738605218959000000,1738605271310000000,0
FilePageCache.capacityInBytes,1738605218959000000,1738605271310000000,629145600
FilePageCache.pageLoadsAboveSizeThreshold,1738605218959000000,1738605271310000000,0
DirectByteBufferAllocator.misses,1738605218959000000,1738605271310000000,0
FilePageCache.maxRegisteredFiles,1738605218959000000,1738605271310000000,3
StorageLockContext.competingThreads.max,1738605218959000000,1738605271310000000,0
OS.loadAverage,1738605218959000000,1738605271310000000,1.57177734375
JVM.usedNativeBytes,1738605218959000000,1738605271310000000,338672968
JVM.committedHeapBytes,1738605218959000000,1738605271310000000,290455552
JVM.GC.collectionTimesMs,1738605218959000000,1738605271310000000,77
JVM.GC.collections,1738605218959000000,1738605271310000000,6
MEM.ramBytes,1738605218959000000,1738605271310000000,1242730496
JVM.threadCount,1738605218959000000,1738605271310000000,48
MEM.fileMappingsRamBytes,1738605218959000000,1738605271310000000,442765312
MEM.ramPlusSwapMinusFileMappingsBytes,1738605218959000000,1738605271310000000,799391744
JVM.totalTimeToSafepointsMs,1738605218959000000,1738605271310000000,2
JVM.totalSafepointCount,1738605218959000000,1738605271310000000,42
JVM.totalDirectByteBuffersBytes,1738605218959000000,1738605271310000000,6773127
JVM.newThreadsCount,1738605218959000000,1738605271310000000,18
JVM.maxHeapBytes,1738605218959000000,1738605271310000000,1572864000
JVM.totalCpuTimeMs,1738605218959000000,1738605271310000000,24130
JVM.maxThreadCount,1738605218959000000,1738605271310000000,82
MEM.ramMinusFileMappingsBytes,1738605218959000000,1738605271310000000,799391744
JVM.totalTimeAtSafepointsMs,1738605218959000000,1738605271310000000,80
JVM.usedHeapBytes,1738605218959000000,1738605271310000000,251594352
JVM.totalBytesAllocated,1738605218959000000,1738605271310000000,349687584
rdct.CountingByteChannel.readBytesRate.project.1,1738605218959000000,1738605271310000000,199307
rdct.CountingByteChannel.writeBytesRate.project.1,1738605218959000000,1738605271310000000,5859
rdct.TransportWrapperImpl.receivedFrames.project.1,1738605218959000000,1738605271310000000,1929
cacheStateStorage.set.duration,1738605218959000000,1738605271310000000,5
cacheStateStorage.get.counter,1738605218959000000,1738605271310000000,0
cacheStateStorage.set.counter,1738605218959000000,1738605271310000000,6
cacheStateStorage.get.duration,1738605218959000000,1738605271310000000,0
DiskQueryRelay.taskWaitingTotalTimeUs,1738605218959000000,1738605271310000000,46888
writeAction.max.wait.ms,1738605218959000000,1738605271310000000,5
DiskQueryRelay.taskExecutionTotalTimeUs,1738605218959000000,1738605271310000000,7433
DiskQueryRelay.tasksRequested,1738605218959000000,1738605271310000000,89
writeAction.wait.ms,1738605218959000000,1738605271310000000,4
writeAction.count,1738605218959000000,1738605271310000000,20
writeAction.median.wait.ms,1738605218959000000,1738605271310000000,0
DiskQueryRelay.tasksExecuted,1738605218959000000,1738605271310000000,89
NonBlockingReadAction.failedExecutionsCount,1738605218959000000,1738605271310000000,1
NonBlockingReadAction.finalizedExecutionsCount,1738605218959000000,1738605271310000000,45
NonBlockingReadAction.failedExecutionTimeUs,1738605218959000000,1738605271310000000,10723
NonBlockingReadAction.finalizedExecutionTimeUs,1738605218959000000,1738605271310000000,50123
AWTEventQueue.dispatchTimeTotalNS,1738605218959000000,1738605271310000000,4053316829
VFS.fileByIdCache.hits,1738605218959000000,1738605271310000000,4
VFS.fileChildByName,1738605218959000000,1738605271310000000,559
VFS.invertedFileNameIndex.requests,1738605218959000000,1738605271310000000,0
VFS.fileByIdCache.misses,1738605218959000000,1738605271310000000,0
workspaceModel.orphan.listener.update.ms,1738605218959000000,1738605271310000000,0
workspaceModel.mutableEntityStorage.mutable.vfurl.index.ms,1738605218959000000,1738605271310000000,0
workspaceModel.mutableEntityStorage.entities.by.source.ms,1738605218959000000,1738605271310000000,0
jps.global.handle.changed.events.ms,1738605218959000000,1738605271310000000,0
jps.facet.change.listener.before.change.events.ms,1738605218959000000,1738605271310000000,0
workspaceModel.mutableEntityStorage.put.entity.ms,1738605218959000000,1738605271310000000,0
workspaceModel.mutableEntityStorage.instances.count,1738605218959000000,1738605271310000000,0
workspaceModel.mutableEntityStorage.modify.entity.ms,1738605218959000000,1738605271310000000,0
jps.facet.change.listener.init.bridge.ms,1738605218959000000,1738605271310000000,0
workspaceModel.global.apply.state.to.project.builder.ms,1738605218959000000,1738605271310000000,0
workspaceModel.do.save.caches.ms,1738605218959000000,1738605271310000000,0
jps.reload.project.entities.ms,1738605218959000000,1738605271310000000,0
workspaceModel.moduleManagerBridge.newModule.ms,1738605218959000000,1738605271310000000,0
workspaceModel.global.updates.ms,1738605218959000000,1738605271310000000,0
jps.load.initial.state.ms,1738605218959000000,1738605271310000000,0
workspaceModel.mutableEntityStorage.remove.entity.ms,1738605218959000000,1738605271310000000,0
jps.artifact.entities.serializer.load.entities.ms,1738605218959000000,1738605271310000000,0
workspaceModel.save.cache.to.file.ms,1738605218959000000,1738605271310000000,0
workspaceModel.mutableEntityStorage.mutable.ext.mapping.ms,1738605218959000000,1738605271310000000,0
jps.global.handle.before.change.events.ms,1738605218959000000,1738605271310000000,0
jps.save.global.entities.ms,1738605218959000000,1738605271310000000,4
jps.apply.loaded.storage.ms,1738605218959000000,1738605271310000000,0
jps.global.initialize.library.bridges.after.loading.ms,1738605218959000000,1738605271310000000,0
jps.storage.jps.conf.reader.load.component.ms,1738605218959000000,1738605271310000000,0
jps.library.entities.serializer.save.entities.ms,1738605218959000000,1738605271310000000,0
workspaceModel.mutableEntityStorage.changeLog.addReplaceEventForRemovedChild.ms,1738605218959000000,1738605271310000000,0
workspaceModel.sync.entities.ms,1738605218959000000,1738605271310000000,0
jps.project.serializers.save.ms,1738605218959000000,1738605271310000000,5
workspaceModel.mutableEntityStorage.collect.changes.ms,1738605218959000000,1738605271310000000,0
jps.facet.change.listener.process.change.events.ms,1738605218959000000,1738605271310000000,0
workspaceModel.mutableEntityStorage.resolve.ms,1738605218959000000,1738605271310000000,0
jps.global.get.library.by.name.ms,1738605218959000000,1738605271310000000,0
workspaceModel.mutableEntityStorage.entities.ms,1738605218959000000,1738605271310000000,0
jps.global.get.library.ms,1738605218959000000,1738605271310000000,0
workspaceModel.mutableEntityStorage.replace.by.source.ms,1738605218959000000,1738605271310000000,0
workspaceModel.moduleManagerBridge.set.unloadedModules.ms,1738605218959000000,1738605271310000000,0
jps.app.storage.content.reader.load.component.ms,1738605218959000000,1738605271310000000,0
workspaceModel.mutableEntityStorage.to.snapshot.ms,1738605218959000000,1738605271310000000,0
workspaceModel.mutableEntityStorage.add.entity.ms,1738605218959000000,1738605271310000000,0
workspaceModel.mutableEntityStorage.changeLog.addReplaceEventForNewParent.ms,1738605218959000000,1738605271310000000,0
jps.global.get.libraries.ms,1738605218959000000,1738605271310000000,0
workspaceModel.moduleManagerBridge.load.module.ms,1738605218959000000,1738605271310000000,0
workspaceModel.mutableEntityStorage.changeLog.addReplaceEventForNewChild.ms,1738605218959000000,1738605271310000000,0
jps.project.serializers.load.ms,1738605218959000000,1738605271310000000,0
jps.module.dependency.index.workspace.model.listener.on.changed.ms,1738605218959000000,1738605271310000000,0
workspaceModel.moduleManagerBridge.get.modules.ms,1738605218959000000,1738605271310000000,0
jps.library.entities.serializer.load.entities.ms,1738605218959000000,1738605271310000000,0
workspaceModel.mutableEntityStorage.changeLog.addReplaceEventForRemovedParent.ms,1738605218959000000,1738605271310000000,0
jps.artifact.entities.serializer.save.entities.ms,1738605218959000000,1738605271310000000,0
jps.app.storage.content.writer.save.component.ms,1738605218959000000,1738605271310000000,0
jps.global.initialize.library.bridges.ms,1738605218959000000,1738605271310000000,0
workspaceModel.delayed.project.synchronizer.sync.ms,1738605218959000000,1738605271310000000,0
workspaceModel.moduleManagerBridge.new.nonPersistent.module.ms,1738605218959000000,1738605271310000000,0
jps.load.project.to.empty.storage.ms,1738605218959000000,1738605271310000000,0
workspaceModel.mutableEntityStorage.has.same.entities.ms,1738605218959000000,1738605271310000000,0
workspaceModel.moduleManagerBridge.create.module.instance.ms,1738605218959000000,1738605271310000000,0
workspaceModel.moduleBridgeLoader.loading.modules.ms,1738605218959000000,1738605271310000000,0
workspaceModel.moduleManagerBridge.build.module.graph.ms,1738605218959000000,1738605271310000000,0
workspaceModel.global.apply.state.to.project.ms,1738605218959000000,1738605271310000000,0
workspaceModel.load.cache.metadata.from.file.ms,1738605218959000000,1738605271310000000,0
workspaceModel.mutableEntityStorage.apply.changes.from.ms,1738605218959000000,1738605271310000000,0
workspaceModel.mutableEntityStorage.referrers.ms,1738605218959000000,1738605271310000000,0
workspaceModel.moduleManagerBridge.load.all.modules.ms,1738605218959000000,1738605271310000000,0
jps.save.changed.project.entities.ms,1738605218959000000,1738605271310000000,5
workspaceModel.global.updates.count,1738605218959000000,1738605271310000000,0
workspaceModel.load.cache.from.file.ms,1738605218959000000,1738605271310000000,0
workspaceModel.cachedValueWithParameters.total.get.count,1738605218959000000,1738605271310000000,0
workspaceModel.update.unloaded.entities.ms,1738605218959000000,1738605271310000000,0
workspaceModel.initializing.ms,1738605218959000000,1738605271310000000,0
workspaceModel.workspaceFileIndexData.onEntitiesChanged.ms,1738605218959000000,1738605271310000000,0
workspaceModel.entityStorageSnapshotImpl.instances.count,1738605218959000000,1738605271310000000,0
workspaceModel.on.before.changed.ms,1738605218959000000,1738605271310000000,0
workspaceModel.replace.project.model.ms,1738605218959000000,1738605271310000000,0
workspaceModel.check.recursive.update.ms,1738605218959000000,1738605271310000000,0
workspaceModel.workspaceFileIndexData.processFileSets.ms,1738605218959000000,1738605271310000000,0
workspaceModel.cachedValue.total.get.count,1738605218959000000,1738605271310000000,2
workspaceModel.workspaceFileIndexData.init.ms,1738605218959000000,1738605271310000000,0
workspaceModel.cachedValue.calculated.count,1738605218959000000,1738605271310000000,1
workspaceModel.workspaceFileIndexData.getDirectoriesByPackageName.ms,1738605218959000000,1738605271310000000,0
workspaceModel.on.changed.ms,1738605218959000000,1738605271310000000,0
workspaceModel.pre.handlers.ms,1738605218959000000,1738605271310000000,0
workspaceModel.updates.count,1738605218959000000,1738605271310000000,0
workspaceModel.workspaceFileIndexData.visitFileSets.ms,1738605218959000000,1738605271310000000,0
workspaceModel.workspaceFileIndexData.markDirty.ms,1738605218959000000,1738605271310000000,0
workspaceModel.cachedValueWithParameters.from.cache.count,1738605218959000000,1738605271310000000,0
workspaceModel.workspaceFileIndexData.updateDirtyEntities.ms,1738605218959000000,1738605271310000000,0
workspaceModel.updates.ms,1738605218959000000,1738605271310000000,0
workspaceModel.cachedValue.clear.count,1738605218959000000,1738605271310000000,0
workspaceModel.workspaceFileIndexContributor.registerFileSets.ms,1738605218959000000,1738605271310000000,0
workspaceModel.full.replace.project.model.ms,1738605218959000000,1738605271310000000,0
workspaceModel.workspaceFileIndexData.instances.count,1738605218959000000,1738605271310000000,0
workspaceModel.loading.total.ms,1738605218959000000,1738605271310000000,0
workspaceModel.init.bridges.ms,1738605218959000000,1738605271310000000,0
workspaceModel.cachedValue.from.cache.count,1738605218959000000,1738605271310000000,1
workspaceModel.cachedValueWithParameters.clear.count,1738605218959000000,1738605271310000000,0
workspaceModel.workspaceFileIndexData.getFileInfo.ms,1738605218959000000,1738605271310000000,2
workspaceModel.collect.changes.ms,1738605218959000000,1738605271310000000,0
workspaceModel.cachedValueWithParameters.calculated.count,1738605218959000000,1738605271310000000,0
workspaceModel.to.snapshot.ms,1738605218959000000,1738605271310000000,0
workspaceModel.workspaceFileIndexData.getPackageName.ms,1738605218959000000,1738605271310000000,0
workspaceModel.updates.precise.ms,1738605218959000000,1738605271310000000,0
workspaceModel.loading.from.cache.ms,1738605218959000000,1738605271310000000,0
Indexing.cache.totalCacheAccesses,1738605218959000000,1738605271310000000,0
Indexing.totalTimeIndexersSleptMs,1738605218959000000,1738605271310000000,0
Indexing.writer_1.totalTimeSpentWritingMs,1738605218959000000,1738605271310000000,0
Indexing.cache.totalCacheEvicted,1738605218959000000,1738605271310000000,0
Indexing.cache.totalCacheMisses,1738605218959000000,1738605271310000000,0
Indexing.writesQueuedMin,1738605218959000000,1738605271310000000,9223372036854775807
Indexing.writesQueuedMax,1738605218959000000,1738605271310000000,0
Indexing.writer_3.totalTimeSpentWritingMs,1738605218959000000,1738605271310000000,0
Indexing.writer_0.totalTimeSpentWritingMs,1738605218959000000,1738605271310000000,0
Indexing.writer_2.totalTimeSpentWritingMs,1738605218959000000,1738605271310000000,0
