[{"name":"jps.load.initial.state.ms","description":"","unit":"","type":"LONG_SUM","data":{"points":[{"startEpochNanos":1738601943783000000,"epochNanos":1738601961967000000,"attributes":{"data":[],"empty":true},"value":0}],"monotonic":true,"aggregationTemporality":"DELTA"}},{"name":"jps.load.project.to.empty.storage.ms","description":"","unit":"","type":"LONG_SUM","data":{"points":[{"startEpochNanos":1738601943783000000,"epochNanos":1738601961967000000,"attributes":{"data":[],"empty":true},"value":0}],"monotonic":true,"aggregationTemporality":"DELTA"}},{"name":"workspaceModel.mutableEntityStorage.resolve.ms","description":"","unit":"","type":"LONG_SUM","data":{"points":[{"startEpochNanos":1738601943783000000,"epochNanos":1738601961967000000,"attributes":{"data":[],"empty":true},"value":0}],"monotonic":true,"aggregationTemporality":"DELTA"}},{"name":"workspaceModel.moduleManagerBridge.set.unloadedModules.ms","description":"","unit":"","type":"LONG_SUM","data":{"points":[{"startEpochNanos":1738601943783000000,"epochNanos":1738601961967000000,"attributes":{"data":[],"empty":true},"value":0}],"monotonic":true,"aggregationTemporality":"DELTA"}},{"name":"workspaceModel.moduleManagerBridge.get.modules.ms","description":"","unit":"","type":"LONG_SUM","data":{"points":[{"startEpochNanos":1738601943783000000,"epochNanos":1738601961967000000,"attributes":{"data":[],"empty":true},"value":0}],"monotonic":true,"aggregationTemporality":"DELTA"}},{"name":"workspaceModel.global.updates.count","description":"","unit":"","type":"LONG_SUM","data":{"points":[{"startEpochNanos":1738601943783000000,"epochNanos":1738601961967000000,"attributes":{"data":[],"empty":true},"value":0}],"monotonic":true,"aggregationTemporality":"DELTA"}},{"name":"workspaceModel.moduleManagerBridge.load.all.modules.ms","description":"","unit":"","type":"LONG_SUM","data":{"points":[{"startEpochNanos":1738601943783000000,"epochNanos":1738601961967000000,"attributes":{"data":[],"empty":true},"value":0}],"monotonic":true,"aggregationTemporality":"DELTA"}},{"name":"jps.facet.change.listener.init.bridge.ms","description":"","unit":"","type":"LONG_SUM","data":{"points":[{"startEpochNanos":1738601943783000000,"epochNanos":1738601961967000000,"attributes":{"data":[],"empty":true},"value":0}],"monotonic":true,"aggregationTemporality":"DELTA"}},{"name":"workspaceModel.mutableEntityStorage.instances.count","description":"","unit":"","type":"LONG_SUM","data":{"points":[{"startEpochNanos":1738601943783000000,"epochNanos":1738601961967000000,"attributes":{"data":[],"empty":true},"value":0}],"monotonic":true,"aggregationTemporality":"DELTA"}},{"name":"workspaceModel.mutableEntityStorage.mutable.vfurl.index.ms","description":"","unit":"","type":"LONG_SUM","data":{"points":[{"startEpochNanos":1738601943783000000,"epochNanos":1738601961967000000,"attributes":{"data":[],"empty":true},"value":0}],"monotonic":true,"aggregationTemporality":"DELTA"}},{"name":"workspaceModel.mutableEntityStorage.entities.by.source.ms","description":"","unit":"","type":"LONG_SUM","data":{"points":[{"startEpochNanos":1738601943783000000,"epochNanos":1738601961967000000,"attributes":{"data":[],"empty":true},"value":0}],"monotonic":true,"aggregationTemporality":"DELTA"}},{"name":"jps.storage.jps.conf.reader.load.component.ms","description":"","unit":"","type":"LONG_SUM","data":{"points":[{"startEpochNanos":1738601943783000000,"epochNanos":1738601961967000000,"attributes":{"data":[],"empty":true},"value":0}],"monotonic":true,"aggregationTemporality":"DELTA"}},{"name":"workspaceModel.moduleManagerBridge.newModule.ms","description":"","unit":"","type":"LONG_SUM","data":{"points":[{"startEpochNanos":1738601943783000000,"epochNanos":1738601961967000000,"attributes":{"data":[],"empty":true},"value":0}],"monotonic":true,"aggregationTemporality":"DELTA"}},{"name":"workspaceModel.mutableEntityStorage.changeLog.addReplaceEventForRemovedParent.ms","description":"","unit":"","type":"LONG_SUM","data":{"points":[{"startEpochNanos":1738601943783000000,"epochNanos":1738601961967000000,"attributes":{"data":[],"empty":true},"value":0}],"monotonic":true,"aggregationTemporality":"DELTA"}},{"name":"workspaceModel.global.updates.ms","description":"","unit":"","type":"LONG_SUM","data":{"points":[{"startEpochNanos":1738601943783000000,"epochNanos":1738601961967000000,"attributes":{"data":[],"empty":true},"value":0}],"monotonic":true,"aggregationTemporality":"DELTA"}},{"name":"workspaceModel.moduleManagerBridge.load.module.ms","description":"","unit":"","type":"LONG_SUM","data":{"points":[{"startEpochNanos":1738601943783000000,"epochNanos":1738601961967000000,"attributes":{"data":[],"empty":true},"value":0}],"monotonic":true,"aggregationTemporality":"DELTA"}},{"name":"jps.project.serializers.load.ms","description":"","unit":"","type":"LONG_SUM","data":{"points":[{"startEpochNanos":1738601943783000000,"epochNanos":1738601961967000000,"attributes":{"data":[],"empty":true},"value":0}],"monotonic":true,"aggregationTemporality":"DELTA"}},{"name":"workspaceModel.global.apply.state.to.project.builder.ms","description":"","unit":"","type":"LONG_SUM","data":{"points":[{"startEpochNanos":1738601943783000000,"epochNanos":1738601961967000000,"attributes":{"data":[],"empty":true},"value":0}],"monotonic":true,"aggregationTemporality":"DELTA"}},{"name":"workspaceModel.moduleBridgeLoader.loading.modules.ms","description":"","unit":"","type":"LONG_SUM","data":{"points":[{"startEpochNanos":1738601943783000000,"epochNanos":1738601961967000000,"attributes":{"data":[],"empty":true},"value":0}],"monotonic":true,"aggregationTemporality":"DELTA"}},{"name":"workspaceModel.mutableEntityStorage.remove.entity.ms","description":"","unit":"","type":"LONG_SUM","data":{"points":[{"startEpochNanos":1738601943783000000,"epochNanos":1738601961967000000,"attributes":{"data":[],"empty":true},"value":0}],"monotonic":true,"aggregationTemporality":"DELTA"}},{"name":"workspaceModel.global.apply.state.to.project.ms","description":"","unit":"","type":"LONG_SUM","data":{"points":[{"startEpochNanos":1738601943783000000,"epochNanos":1738601961967000000,"attributes":{"data":[],"empty":true},"value":0}],"monotonic":true,"aggregationTemporality":"DELTA"}},{"name":"workspaceModel.mutableEntityStorage.entities.ms","description":"","unit":"","type":"LONG_SUM","data":{"points":[{"startEpochNanos":1738601943783000000,"epochNanos":1738601961967000000,"attributes":{"data":[],"empty":true},"value":0}],"monotonic":true,"aggregationTemporality":"DELTA"}},{"name":"jps.facet.change.listener.process.change.events.ms","description":"","unit":"","type":"LONG_SUM","data":{"points":[{"startEpochNanos":1738601943783000000,"epochNanos":1738601961967000000,"attributes":{"data":[],"empty":true},"value":0}],"monotonic":true,"aggregationTemporality":"DELTA"}},{"name":"workspaceModel.moduleManagerBridge.create.module.instance.ms","description":"","unit":"","type":"LONG_SUM","data":{"points":[{"startEpochNanos":1738601943783000000,"epochNanos":1738601961967000000,"attributes":{"data":[],"empty":true},"value":0}],"monotonic":true,"aggregationTemporality":"DELTA"}},{"name":"jps.reload.project.entities.ms","description":"","unit":"","type":"LONG_SUM","data":{"points":[{"startEpochNanos":1738601943783000000,"epochNanos":1738601961967000000,"attributes":{"data":[],"empty":true},"value":0}],"monotonic":true,"aggregationTemporality":"DELTA"}},{"name":"workspaceModel.mutableEntityStorage.collect.changes.ms","description":"","unit":"","type":"LONG_SUM","data":{"points":[{"startEpochNanos":1738601943783000000,"epochNanos":1738601961967000000,"attributes":{"data":[],"empty":true},"value":0}],"monotonic":true,"aggregationTemporality":"DELTA"}},{"name":"jps.apply.loaded.storage.ms","description":"","unit":"","type":"LONG_SUM","data":{"points":[{"startEpochNanos":1738601943783000000,"epochNanos":1738601961967000000,"attributes":{"data":[],"empty":true},"value":0}],"monotonic":true,"aggregationTemporality":"DELTA"}},{"name":"workspaceModel.mutableEntityStorage.to.snapshot.ms","description":"","unit":"","type":"LONG_SUM","data":{"points":[{"startEpochNanos":1738601943783000000,"epochNanos":1738601961967000000,"attributes":{"data":[],"empty":true},"value":0}],"monotonic":true,"aggregationTemporality":"DELTA"}},{"name":"jps.global.get.libraries.ms","description":"","unit":"","type":"LONG_SUM","data":{"points":[{"startEpochNanos":1738601943783000000,"epochNanos":1738601961967000000,"attributes":{"data":[],"empty":true},"value":0}],"monotonic":true,"aggregationTemporality":"DELTA"}},{"name":"jps.global.initialize.library.bridges.after.loading.ms","description":"","unit":"","type":"LONG_SUM","data":{"points":[{"startEpochNanos":1738601943783000000,"epochNanos":1738601961967000000,"attributes":{"data":[],"empty":true},"value":0}],"monotonic":true,"aggregationTemporality":"DELTA"}},{"name":"workspaceModel.moduleManagerBridge.build.module.graph.ms","description":"","unit":"","type":"LONG_SUM","data":{"points":[{"startEpochNanos":1738601943783000000,"epochNanos":1738601961967000000,"attributes":{"data":[],"empty":true},"value":0}],"monotonic":true,"aggregationTemporality":"DELTA"}},{"name":"jps.facet.change.listener.before.change.events.ms","description":"","unit":"","type":"LONG_SUM","data":{"points":[{"startEpochNanos":1738601943783000000,"epochNanos":1738601961967000000,"attributes":{"data":[],"empty":true},"value":0}],"monotonic":true,"aggregationTemporality":"DELTA"}},{"name":"jps.module.dependency.index.workspace.model.listener.on.changed.ms","description":"","unit":"","type":"LONG_SUM","data":{"points":[{"startEpochNanos":1738601943783000000,"epochNanos":1738601961967000000,"attributes":{"data":[],"empty":true},"value":0}],"monotonic":true,"aggregationTemporality":"DELTA"}},{"name":"jps.global.get.library.ms","description":"","unit":"","type":"LONG_SUM","data":{"points":[{"startEpochNanos":1738601943783000000,"epochNanos":1738601961967000000,"attributes":{"data":[],"empty":true},"value":0}],"monotonic":true,"aggregationTemporality":"DELTA"}},{"name":"jps.library.entities.serializer.load.entities.ms","description":"","unit":"","type":"LONG_SUM","data":{"points":[{"startEpochNanos":1738601943783000000,"epochNanos":1738601961967000000,"attributes":{"data":[],"empty":true},"value":0}],"monotonic":true,"aggregationTemporality":"DELTA"}},{"name":"workspaceModel.mutableEntityStorage.changeLog.addReplaceEventForNewParent.ms","description":"","unit":"","type":"LONG_SUM","data":{"points":[{"startEpochNanos":1738601943783000000,"epochNanos":1738601961967000000,"attributes":{"data":[],"empty":true},"value":0}],"monotonic":true,"aggregationTemporality":"DELTA"}},{"name":"jps.save.global.entities.ms","description":"","unit":"","type":"LONG_SUM","data":{"points":[{"startEpochNanos":1738601943783000000,"epochNanos":1738601961967000000,"attributes":{"data":[],"empty":true},"value":1}],"monotonic":true,"aggregationTemporality":"DELTA"}},{"name":"workspaceModel.mutableEntityStorage.changeLog.addReplaceEventForRemovedChild.ms","description":"","unit":"","type":"LONG_SUM","data":{"points":[{"startEpochNanos":1738601943783000000,"epochNanos":1738601961967000000,"attributes":{"data":[],"empty":true},"value":0}],"monotonic":true,"aggregationTemporality":"DELTA"}},{"name":"workspaceModel.moduleManagerBridge.new.nonPersistent.module.ms","description":"","unit":"","type":"LONG_SUM","data":{"points":[{"startEpochNanos":1738601943783000000,"epochNanos":1738601961967000000,"attributes":{"data":[],"empty":true},"value":0}],"monotonic":true,"aggregationTemporality":"DELTA"}},{"name":"jps.app.storage.content.reader.load.component.ms","description":"","unit":"","type":"LONG_SUM","data":{"points":[{"startEpochNanos":1738601943783000000,"epochNanos":1738601961967000000,"attributes":{"data":[],"empty":true},"value":0}],"monotonic":true,"aggregationTemporality":"DELTA"}},{"name":"workspaceModel.mutableEntityStorage.referrers.ms","description":"","unit":"","type":"LONG_SUM","data":{"points":[{"startEpochNanos":1738601943783000000,"epochNanos":1738601961967000000,"attributes":{"data":[],"empty":true},"value":0}],"monotonic":true,"aggregationTemporality":"DELTA"}},{"name":"workspaceModel.delayed.project.synchronizer.sync.ms","description":"","unit":"","type":"LONG_SUM","data":{"points":[{"startEpochNanos":1738601943783000000,"epochNanos":1738601961967000000,"attributes":{"data":[],"empty":true},"value":0}],"monotonic":true,"aggregationTemporality":"DELTA"}},{"name":"jps.global.initialize.library.bridges.ms","description":"","unit":"","type":"LONG_SUM","data":{"points":[{"startEpochNanos":1738601943783000000,"epochNanos":1738601961967000000,"attributes":{"data":[],"empty":true},"value":0}],"monotonic":true,"aggregationTemporality":"DELTA"}},{"name":"workspaceModel.mutableEntityStorage.add.entity.ms","description":"","unit":"","type":"LONG_SUM","data":{"points":[{"startEpochNanos":1738601943783000000,"epochNanos":1738601961967000000,"attributes":{"data":[],"empty":true},"value":0}],"monotonic":true,"aggregationTemporality":"DELTA"}},{"name":"jps.artifact.entities.serializer.load.entities.ms","description":"","unit":"","type":"LONG_SUM","data":{"points":[{"startEpochNanos":1738601943783000000,"epochNanos":1738601961967000000,"attributes":{"data":[],"empty":true},"value":0}],"monotonic":true,"aggregationTemporality":"DELTA"}},{"name":"workspaceModel.load.cache.metadata.from.file.ms","description":"","unit":"","type":"LONG_SUM","data":{"points":[{"startEpochNanos":1738601943783000000,"epochNanos":1738601961967000000,"attributes":{"data":[],"empty":true},"value":0}],"monotonic":true,"aggregationTemporality":"DELTA"}},{"name":"jps.global.get.library.by.name.ms","description":"","unit":"","type":"LONG_SUM","data":{"points":[{"startEpochNanos":1738601943783000000,"epochNanos":1738601961967000000,"attributes":{"data":[],"empty":true},"value":0}],"monotonic":true,"aggregationTemporality":"DELTA"}},{"name":"workspaceModel.mutableEntityStorage.has.same.entities.ms","description":"","unit":"","type":"LONG_SUM","data":{"points":[{"startEpochNanos":1738601943783000000,"epochNanos":1738601961967000000,"attributes":{"data":[],"empty":true},"value":0}],"monotonic":true,"aggregationTemporality":"DELTA"}},{"name":"workspaceModel.mutableEntityStorage.modify.entity.ms","description":"","unit":"","type":"LONG_SUM","data":{"points":[{"startEpochNanos":1738601943783000000,"epochNanos":1738601961967000000,"attributes":{"data":[],"empty":true},"value":0}],"monotonic":true,"aggregationTemporality":"DELTA"}},{"name":"jps.global.handle.changed.events.ms","description":"","unit":"","type":"LONG_SUM","data":{"points":[{"startEpochNanos":1738601943783000000,"epochNanos":1738601961967000000,"attributes":{"data":[],"empty":true},"value":0}],"monotonic":true,"aggregationTemporality":"DELTA"}},{"name":"jps.app.storage.content.writer.save.component.ms","description":"","unit":"","type":"LONG_SUM","data":{"points":[{"startEpochNanos":1738601943783000000,"epochNanos":1738601961967000000,"attributes":{"data":[],"empty":true},"value":0}],"monotonic":true,"aggregationTemporality":"DELTA"}},{"name":"workspaceModel.mutableEntityStorage.replace.by.source.ms","description":"","unit":"","type":"LONG_SUM","data":{"points":[{"startEpochNanos":1738601943783000000,"epochNanos":1738601961967000000,"attributes":{"data":[],"empty":true},"value":0}],"monotonic":true,"aggregationTemporality":"DELTA"}},{"name":"workspaceModel.mutableEntityStorage.apply.changes.from.ms","description":"","unit":"","type":"LONG_SUM","data":{"points":[{"startEpochNanos":1738601943783000000,"epochNanos":1738601961967000000,"attributes":{"data":[],"empty":true},"value":0}],"monotonic":true,"aggregationTemporality":"DELTA"}},{"name":"workspaceModel.load.cache.from.file.ms","description":"","unit":"","type":"LONG_SUM","data":{"points":[{"startEpochNanos":1738601943783000000,"epochNanos":1738601961967000000,"attributes":{"data":[],"empty":true},"value":0}],"monotonic":true,"aggregationTemporality":"DELTA"}},{"name":"workspaceModel.do.save.caches.ms","description":"","unit":"","type":"LONG_SUM","data":{"points":[{"startEpochNanos":1738601943783000000,"epochNanos":1738601961967000000,"attributes":{"data":[],"empty":true},"value":0}],"monotonic":true,"aggregationTemporality":"DELTA"}},{"name":"jps.library.entities.serializer.save.entities.ms","description":"","unit":"","type":"LONG_SUM","data":{"points":[{"startEpochNanos":1738601943783000000,"epochNanos":1738601961967000000,"attributes":{"data":[],"empty":true},"value":0}],"monotonic":true,"aggregationTemporality":"DELTA"}},{"name":"jps.project.serializers.save.ms","description":"","unit":"","type":"LONG_SUM","data":{"points":[{"startEpochNanos":1738601943783000000,"epochNanos":1738601961967000000,"attributes":{"data":[],"empty":true},"value":0}],"monotonic":true,"aggregationTemporality":"DELTA"}},{"name":"workspaceModel.save.cache.to.file.ms","description":"","unit":"","type":"LONG_SUM","data":{"points":[{"startEpochNanos":1738601943783000000,"epochNanos":1738601961967000000,"attributes":{"data":[],"empty":true},"value":0}],"monotonic":true,"aggregationTemporality":"DELTA"}},{"name":"jps.save.changed.project.entities.ms","description":"","unit":"","type":"LONG_SUM","data":{"points":[{"startEpochNanos":1738601943783000000,"epochNanos":1738601961967000000,"attributes":{"data":[],"empty":true},"value":0}],"monotonic":true,"aggregationTemporality":"DELTA"}},{"name":"workspaceModel.sync.entities.ms","description":"","unit":"","type":"LONG_SUM","data":{"points":[{"startEpochNanos":1738601943783000000,"epochNanos":1738601961967000000,"attributes":{"data":[],"empty":true},"value":0}],"monotonic":true,"aggregationTemporality":"DELTA"}},{"name":"jps.artifact.entities.serializer.save.entities.ms","description":"","unit":"","type":"LONG_SUM","data":{"points":[{"startEpochNanos":1738601943783000000,"epochNanos":1738601961967000000,"attributes":{"data":[],"empty":true},"value":0}],"monotonic":true,"aggregationTemporality":"DELTA"}},{"name":"workspaceModel.mutableEntityStorage.changeLog.addReplaceEventForNewChild.ms","description":"","unit":"","type":"LONG_SUM","data":{"points":[{"startEpochNanos":1738601943783000000,"epochNanos":1738601961967000000,"attributes":{"data":[],"empty":true},"value":0}],"monotonic":true,"aggregationTemporality":"DELTA"}},{"name":"workspaceModel.mutableEntityStorage.mutable.ext.mapping.ms","description":"","unit":"","type":"LONG_SUM","data":{"points":[{"startEpochNanos":1738601943783000000,"epochNanos":1738601961967000000,"attributes":{"data":[],"empty":true},"value":0}],"monotonic":true,"aggregationTemporality":"DELTA"}},{"name":"jps.global.handle.before.change.events.ms","description":"","unit":"","type":"LONG_SUM","data":{"points":[{"startEpochNanos":1738601943783000000,"epochNanos":1738601961967000000,"attributes":{"data":[],"empty":true},"value":0}],"monotonic":true,"aggregationTemporality":"DELTA"}},{"name":"workspaceModel.mutableEntityStorage.put.entity.ms","description":"","unit":"","type":"LONG_SUM","data":{"points":[{"startEpochNanos":1738601943783000000,"epochNanos":1738601961967000000,"attributes":{"data":[],"empty":true},"value":0}],"monotonic":true,"aggregationTemporality":"DELTA"}},{"name":"workspaceModel.orphan.listener.update.ms","description":"","unit":"","type":"LONG_SUM","data":{"points":[{"startEpochNanos":1738601943783000000,"epochNanos":1738601961967000000,"attributes":{"data":[],"empty":true},"value":0}],"monotonic":true,"aggregationTemporality":"DELTA"}},{"name":"DiskQueryRelay.taskExecutionTotalTimeUs","description":"","unit":"","type":"LONG_SUM","data":{"points":[{"startEpochNanos":1738601943783000000,"epochNanos":1738601961967000000,"attributes":{"data":[],"empty":true},"value":1523}],"monotonic":true,"aggregationTemporality":"DELTA"}},{"name":"DiskQueryRelay.tasksExecuted","description":"","unit":"","type":"LONG_SUM","data":{"points":[{"startEpochNanos":1738601943783000000,"epochNanos":1738601961967000000,"attributes":{"data":[],"empty":true},"value":24}],"monotonic":true,"aggregationTemporality":"DELTA"}},{"name":"writeAction.median.wait.ms","description":"Median time waiting for the write lock, step 100 ms","unit":"ms","type":"LONG_GAUGE","data":{"points":[{"startEpochNanos":1738601943783000000,"epochNanos":1738601961967000000,"attributes":{"data":[],"empty":true},"value":0}]}},{"name":"writeAction.max.wait.ms","description":"Max time waiting for the write lock","unit":"ms","type":"LONG_GAUGE","data":{"points":[{"startEpochNanos":1738601943783000000,"epochNanos":1738601961967000000,"attributes":{"data":[],"empty":true},"value":3}]}},{"name":"writeAction.count","description":"Number of write actions run","unit":"","type":"LONG_SUM","data":{"points":[{"startEpochNanos":1738601943783000000,"epochNanos":1738601961967000000,"attributes":{"data":[],"empty":true},"value":4}],"monotonic":true,"aggregationTemporality":"DELTA"}},{"name":"DiskQueryRelay.tasksRequested","description":"","unit":"","type":"LONG_SUM","data":{"points":[{"startEpochNanos":1738601943783000000,"epochNanos":1738601961967000000,"attributes":{"data":[],"empty":true},"value":24}],"monotonic":true,"aggregationTemporality":"DELTA"}},{"name":"DiskQueryRelay.taskWaitingTotalTimeUs","description":"","unit":"","type":"LONG_SUM","data":{"points":[{"startEpochNanos":1738601943783000000,"epochNanos":1738601961967000000,"attributes":{"data":[],"empty":true},"value":10570}],"monotonic":true,"aggregationTemporality":"DELTA"}},{"name":"writeAction.wait.ms","description":"Total time waiting for the write lock","unit":"ms","type":"LONG_SUM","data":{"points":[{"startEpochNanos":1738601943783000000,"epochNanos":1738601961967000000,"attributes":{"data":[],"empty":true},"value":0}],"monotonic":true,"aggregationTemporality":"DELTA"}},{"name":"rdct.CountingByteChannel.writeBytesRate.project.1","description":"","unit":"bytes","type":"LONG_SUM","data":{"points":[{"startEpochNanos":1738601943783000000,"epochNanos":1738601961967000000,"attributes":{"data":[],"empty":true},"value":2760}],"monotonic":true,"aggregationTemporality":"DELTA"}},{"name":"rdct.TransportWrapperImpl.receivedFrames.project.1","description":"","unit":"1","type":"LONG_SUM","data":{"points":[{"startEpochNanos":1738601943783000000,"epochNanos":1738601961967000000,"attributes":{"data":[],"empty":true},"value":540}],"monotonic":true,"aggregationTemporality":"DELTA"}},{"name":"rdct.CountingByteChannel.readBytesRate.project.1","description":"","unit":"bytes","type":"LONG_SUM","data":{"points":[{"startEpochNanos":1738601943783000000,"epochNanos":1738601961967000000,"attributes":{"data":[],"empty":true},"value":67687}],"monotonic":true,"aggregationTemporality":"DELTA"}},{"name":"cacheStateStorage.set.duration","description":"","unit":"","type":"LONG_SUM","data":{"points":[{"startEpochNanos":1738601943783000000,"epochNanos":1738601961967000000,"attributes":{"data":[],"empty":true},"value":1}],"monotonic":true,"aggregationTemporality":"DELTA"}},{"name":"cacheStateStorage.get.counter","description":"","unit":"","type":"LONG_SUM","data":{"points":[{"startEpochNanos":1738601943783000000,"epochNanos":1738601961967000000,"attributes":{"data":[],"empty":true},"value":0}],"monotonic":true,"aggregationTemporality":"DELTA"}},{"name":"cacheStateStorage.set.counter","description":"","unit":"","type":"LONG_SUM","data":{"points":[{"startEpochNanos":1738601943783000000,"epochNanos":1738601961967000000,"attributes":{"data":[],"empty":true},"value":5}],"monotonic":true,"aggregationTemporality":"DELTA"}},{"name":"cacheStateStorage.get.duration","description":"","unit":"","type":"LONG_SUM","data":{"points":[{"startEpochNanos":1738601943783000000,"epochNanos":1738601961967000000,"attributes":{"data":[],"empty":true},"value":0}],"monotonic":true,"aggregationTemporality":"DELTA"}},{"name":"AWTEventQueue.dispatchTimeTotalNS","description":"","unit":"ns","type":"LONG_SUM","data":{"points":[{"startEpochNanos":1738601943783000000,"epochNanos":1738601961967000000,"attributes":{"data":[],"empty":true},"value":1728171465}],"monotonic":true,"aggregationTemporality":"DELTA"}},{"name":"NonBlockingReadAction.failedExecutionsCount","description":"","unit":"","type":"LONG_SUM","data":{"points":[{"startEpochNanos":1738601943783000000,"epochNanos":1738601961967000000,"attributes":{"data":[],"empty":true},"value":0}],"monotonic":true,"aggregationTemporality":"DELTA"}},{"name":"NonBlockingReadAction.failedExecutionTimeUs","description":"","unit":"","type":"LONG_SUM","data":{"points":[{"startEpochNanos":1738601943783000000,"epochNanos":1738601961967000000,"attributes":{"data":[],"empty":true},"value":0}],"monotonic":true,"aggregationTemporality":"DELTA"}},{"name":"NonBlockingReadAction.finalizedExecutionsCount","description":"","unit":"","type":"LONG_SUM","data":{"points":[{"startEpochNanos":1738601943783000000,"epochNanos":1738601961967000000,"attributes":{"data":[],"empty":true},"value":40}],"monotonic":true,"aggregationTemporality":"DELTA"}},{"name":"NonBlockingReadAction.finalizedExecutionTimeUs","description":"","unit":"","type":"LONG_SUM","data":{"points":[{"startEpochNanos":1738601943783000000,"epochNanos":1738601961967000000,"attributes":{"data":[],"empty":true},"value":14238}],"monotonic":true,"aggregationTemporality":"DELTA"}},{"name":"DirectByteBufferAllocator.totalSizeOfBuffersCachedInBytes","description":"","unit":"bytes","type":"LONG_GAUGE","data":{"points":[{"startEpochNanos":1738601943783000000,"epochNanos":1738601961967000000,"attributes":{"data":[],"empty":true},"value":1048576}]}},{"name":"FilePageCache.pageHits","description":"","unit":"","type":"LONG_SUM","data":{"points":[{"startEpochNanos":1738601943783000000,"epochNanos":1738601961967000000,"attributes":{"data":[],"empty":true},"value":0}],"monotonic":true,"aggregationTemporality":"DELTA"}},{"name":"FileChannelInterruptsRetryer.totalRetriedAttempts","description":"","unit":"","type":"LONG_SUM","data":{"points":[{"startEpochNanos":1738601943783000000,"epochNanos":1738601961967000000,"attributes":{"data":[],"empty":true},"value":0}],"monotonic":true,"aggregationTemporality":"DELTA"}},{"name":"FilePageCache.pageFastCacheHits","description":"","unit":"","type":"LONG_SUM","data":{"points":[{"startEpochNanos":1738601943783000000,"epochNanos":1738601961967000000,"attributes":{"data":[],"empty":true},"value":0}],"monotonic":true,"aggregationTemporality":"DELTA"}},{"name":"DirectByteBufferAllocator.reclaimed","description":"","unit":"","type":"LONG_SUM","data":{"points":[{"startEpochNanos":1738601943783000000,"epochNanos":1738601961967000000,"attributes":{"data":[],"empty":true},"value":1}],"monotonic":true,"aggregationTemporality":"DELTA"}},{"name":"FilePageCache.maxRegisteredFiles","description":"","unit":"","type":"LONG_GAUGE","data":{"points":[{"startEpochNanos":1738601943783000000,"epochNanos":1738601961967000000,"attributes":{"data":[],"empty":true},"value":3}]}},{"name":"DirectByteBufferAllocator.totalSizeOfBuffersAllocatedInBytes","description":"","unit":"bytes","type":"LONG_GAUGE","data":{"points":[{"startEpochNanos":1738601943783000000,"epochNanos":1738601961967000000,"attributes":{"data":[],"empty":true},"value":1048576}]}},{"name":"FilePageCache.pageLoads","description":"","unit":"","type":"LONG_SUM","data":{"points":[{"startEpochNanos":1738601943783000000,"epochNanos":1738601961967000000,"attributes":{"data":[],"empty":true},"value":0}],"monotonic":true,"aggregationTemporality":"DELTA"}},{"name":"DirectByteBufferAllocator.misses","description":"","unit":"","type":"LONG_SUM","data":{"points":[{"startEpochNanos":1738601943783000000,"epochNanos":1738601961967000000,"attributes":{"data":[],"empty":true},"value":0}],"monotonic":true,"aggregationTemporality":"DELTA"}},{"name":"FilePageCache.capacityInBytes","description":"Cache capacity, configured on application startup","unit":"bytes","type":"LONG_GAUGE","data":{"points":[{"startEpochNanos":1738601943783000000,"epochNanos":1738601961967000000,"attributes":{"data":[],"empty":true},"value":629145600}]}},{"name":"FilePageCache.disposedBuffers","description":"","unit":"","type":"LONG_SUM","data":{"points":[{"startEpochNanos":1738601943783000000,"epochNanos":1738601961967000000,"attributes":{"data":[],"empty":true},"value":1}],"monotonic":true,"aggregationTemporality":"DELTA"}},{"name":"FilePageCache.maxCacheSizeInBytes","description":"Max size of all cached pages observed since application start","unit":"bytes","type":"LONG_GAUGE","data":{"points":[{"startEpochNanos":1738601943783000000,"epochNanos":1738601961967000000,"attributes":{"data":[],"empty":true},"value":1048576}]}},{"name":"FilePageCache.totalPageLoadsUs","description":"","unit":"us","type":"LONG_SUM","data":{"points":[{"startEpochNanos":1738601943783000000,"epochNanos":1738601961967000000,"attributes":{"data":[],"empty":true},"value":0}],"monotonic":true,"aggregationTemporality":"DELTA"}},{"name":"FilePageCache.totalPageDisposalsUs","description":"","unit":"us","type":"LONG_SUM","data":{"points":[{"startEpochNanos":1738601943783000000,"epochNanos":1738601961967000000,"attributes":{"data":[],"empty":true},"value":0}],"monotonic":true,"aggregationTemporality":"DELTA"}},{"name":"DirectByteBufferAllocator.disposed","description":"","unit":"","type":"LONG_SUM","data":{"points":[{"startEpochNanos":1738601943783000000,"epochNanos":1738601961967000000,"attributes":{"data":[],"empty":true},"value":0}],"monotonic":true,"aggregationTemporality":"DELTA"}},{"name":"DirectByteBufferAllocator.hits","description":"","unit":"","type":"LONG_SUM","data":{"points":[{"startEpochNanos":1738601943783000000,"epochNanos":1738601961967000000,"attributes":{"data":[],"empty":true},"value":0}],"monotonic":true,"aggregationTemporality":"DELTA"}},{"name":"FilePageCache.pageLoadsAboveSizeThreshold","description":"","unit":"","type":"LONG_SUM","data":{"points":[{"startEpochNanos":1738601943783000000,"epochNanos":1738601961967000000,"attributes":{"data":[],"empty":true},"value":0}],"monotonic":true,"aggregationTemporality":"DELTA"}},{"name":"FilePageCache.uncachedFileAccess","description":"","unit":"","type":"LONG_SUM","data":{"points":[{"startEpochNanos":1738601943783000000,"epochNanos":1738601961967000000,"attributes":{"data":[],"empty":true},"value":0}],"monotonic":true,"aggregationTemporality":"DELTA"}},{"name":"StorageLockContext.competingThreads.90P","description":"","unit":"","type":"LONG_GAUGE","data":{"points":[{"startEpochNanos":1738601943783000000,"epochNanos":1738601961967000000,"attributes":{"data":[],"empty":true},"value":0}]}},{"name":"StorageLockContext.competingThreads.avg","description":"","unit":"","type":"DOUBLE_GAUGE","data":{"points":[{"startEpochNanos":1738601943783000000,"epochNanos":1738601961967000000,"attributes":{"data":[],"empty":true},"value":0.0}]}},{"name":"StorageLockContext.competingThreads.max","description":"","unit":"","type":"LONG_GAUGE","data":{"points":[{"startEpochNanos":1738601943783000000,"epochNanos":1738601961967000000,"attributes":{"data":[],"empty":true},"value":0}]}},{"name":"VFS.invertedFileNameIndex.requests","description":"","unit":"","type":"LONG_SUM","data":{"points":[{"startEpochNanos":1738601943783000000,"epochNanos":1738601961967000000,"attributes":{"data":[],"empty":true},"value":0}],"monotonic":true,"aggregationTemporality":"DELTA"}},{"name":"VFS.fileByIdCache.hits","description":"","unit":"","type":"LONG_SUM","data":{"points":[{"startEpochNanos":1738601943783000000,"epochNanos":1738601961967000000,"attributes":{"data":[],"empty":true},"value":0}],"monotonic":true,"aggregationTemporality":"DELTA"}},{"name":"VFS.fileByIdCache.misses","description":"","unit":"","type":"LONG_SUM","data":{"points":[{"startEpochNanos":1738601943783000000,"epochNanos":1738601961967000000,"attributes":{"data":[],"empty":true},"value":0}],"monotonic":true,"aggregationTemporality":"DELTA"}},{"name":"VFS.fileChildByName","description":"","unit":"","type":"LONG_SUM","data":{"points":[{"startEpochNanos":1738601943783000000,"epochNanos":1738601961967000000,"attributes":{"data":[],"empty":true},"value":384}],"monotonic":true,"aggregationTemporality":"DELTA"}},{"name":"Indexing.writer_1.totalTimeSpentWritingMs","description":"","unit":"","type":"LONG_SUM","data":{"points":[{"startEpochNanos":1738601943783000000,"epochNanos":1738601961967000000,"attributes":{"data":[],"empty":true},"value":0}],"monotonic":true,"aggregationTemporality":"DELTA"}},{"name":"Indexing.cache.totalCacheMisses","description":"","unit":"","type":"LONG_SUM","data":{"points":[{"startEpochNanos":1738601943783000000,"epochNanos":1738601961967000000,"attributes":{"data":[],"empty":true},"value":0}],"monotonic":true,"aggregationTemporality":"DELTA"}},{"name":"Indexing.writesQueuedMax","description":"","unit":"","type":"LONG_GAUGE","data":{"points":[{"startEpochNanos":1738601943783000000,"epochNanos":1738601961967000000,"attributes":{"data":[],"empty":true},"value":0}]}},{"name":"Indexing.cache.totalCacheEvicted","description":"","unit":"","type":"LONG_SUM","data":{"points":[{"startEpochNanos":1738601943783000000,"epochNanos":1738601961967000000,"attributes":{"data":[],"empty":true},"value":0}],"monotonic":true,"aggregationTemporality":"DELTA"}},{"name":"Indexing.totalTimeIndexersSleptMs","description":"","unit":"","type":"LONG_SUM","data":{"points":[{"startEpochNanos":1738601943783000000,"epochNanos":1738601961967000000,"attributes":{"data":[],"empty":true},"value":0}],"monotonic":true,"aggregationTemporality":"DELTA"}},{"name":"Indexing.writer_3.totalTimeSpentWritingMs","description":"","unit":"","type":"LONG_SUM","data":{"points":[{"startEpochNanos":1738601943783000000,"epochNanos":1738601961967000000,"attributes":{"data":[],"empty":true},"value":0}],"monotonic":true,"aggregationTemporality":"DELTA"}},{"name":"Indexing.writesQueuedMin","description":"","unit":"","type":"LONG_GAUGE","data":{"points":[{"startEpochNanos":1738601943783000000,"epochNanos":1738601961967000000,"attributes":{"data":[],"empty":true},"value":9223372036854775807}]}},{"name":"Indexing.cache.totalCacheAccesses","description":"","unit":"","type":"LONG_SUM","data":{"points":[{"startEpochNanos":1738601943783000000,"epochNanos":1738601961967000000,"attributes":{"data":[],"empty":true},"value":0}],"monotonic":true,"aggregationTemporality":"DELTA"}},{"name":"Indexing.writer_0.totalTimeSpentWritingMs","description":"","unit":"","type":"LONG_SUM","data":{"points":[{"startEpochNanos":1738601943783000000,"epochNanos":1738601961967000000,"attributes":{"data":[],"empty":true},"value":0}],"monotonic":true,"aggregationTemporality":"DELTA"}},{"name":"Indexing.writer_2.totalTimeSpentWritingMs","description":"","unit":"","type":"LONG_SUM","data":{"points":[{"startEpochNanos":1738601943783000000,"epochNanos":1738601961967000000,"attributes":{"data":[],"empty":true},"value":0}],"monotonic":true,"aggregationTemporality":"DELTA"}},{"name":"workspaceModel.initializing.ms","description":"","unit":"","type":"LONG_SUM","data":{"points":[{"startEpochNanos":1738601943783000000,"epochNanos":1738601961967000000,"attributes":{"data":[],"empty":true},"value":0}],"monotonic":true,"aggregationTemporality":"DELTA"}},{"name":"workspaceModel.collect.changes.ms","description":"","unit":"","type":"LONG_SUM","data":{"points":[{"startEpochNanos":1738601943783000000,"epochNanos":1738601961967000000,"attributes":{"data":[],"empty":true},"value":0}],"monotonic":true,"aggregationTemporality":"DELTA"}},{"name":"workspaceModel.cachedValueWithParameters.clear.count","description":"","unit":"","type":"LONG_SUM","data":{"points":[{"startEpochNanos":1738601943783000000,"epochNanos":1738601961967000000,"attributes":{"data":[],"empty":true},"value":0}],"monotonic":true,"aggregationTemporality":"DELTA"}},{"name":"workspaceModel.cachedValue.calculated.count","description":"","unit":"","type":"LONG_SUM","data":{"points":[{"startEpochNanos":1738601943783000000,"epochNanos":1738601961967000000,"attributes":{"data":[],"empty":true},"value":1}],"monotonic":true,"aggregationTemporality":"DELTA"}},{"name":"workspaceModel.cachedValue.from.cache.count","description":"","unit":"","type":"LONG_SUM","data":{"points":[{"startEpochNanos":1738601943783000000,"epochNanos":1738601961967000000,"attributes":{"data":[],"empty":true},"value":2}],"monotonic":true,"aggregationTemporality":"DELTA"}},{"name":"workspaceModel.updates.ms","description":"","unit":"","type":"LONG_SUM","data":{"points":[{"startEpochNanos":1738601943783000000,"epochNanos":1738601961967000000,"attributes":{"data":[],"empty":true},"value":0}],"monotonic":true,"aggregationTemporality":"DELTA"}},{"name":"workspaceModel.workspaceFileIndexData.updateDirtyEntities.ms","description":"","unit":"","type":"LONG_SUM","data":{"points":[{"startEpochNanos":1738601943783000000,"epochNanos":1738601961967000000,"attributes":{"data":[],"empty":true},"value":0}],"monotonic":true,"aggregationTemporality":"DELTA"}},{"name":"workspaceModel.init.bridges.ms","description":"","unit":"","type":"LONG_SUM","data":{"points":[{"startEpochNanos":1738601943783000000,"epochNanos":1738601961967000000,"attributes":{"data":[],"empty":true},"value":0}],"monotonic":true,"aggregationTemporality":"DELTA"}},{"name":"workspaceModel.loading.from.cache.ms","description":"","unit":"","type":"LONG_SUM","data":{"points":[{"startEpochNanos":1738601943783000000,"epochNanos":1738601961967000000,"attributes":{"data":[],"empty":true},"value":0}],"monotonic":true,"aggregationTemporality":"DELTA"}},{"name":"workspaceModel.update.unloaded.entities.ms","description":"","unit":"","type":"LONG_SUM","data":{"points":[{"startEpochNanos":1738601943783000000,"epochNanos":1738601961967000000,"attributes":{"data":[],"empty":true},"value":0}],"monotonic":true,"aggregationTemporality":"DELTA"}},{"name":"workspaceModel.updates.precise.ms","description":"","unit":"","type":"LONG_SUM","data":{"points":[{"startEpochNanos":1738601943783000000,"epochNanos":1738601961967000000,"attributes":{"data":[],"empty":true},"value":0}],"monotonic":true,"aggregationTemporality":"DELTA"}},{"name":"workspaceModel.workspaceFileIndexData.instances.count","description":"","unit":"","type":"LONG_SUM","data":{"points":[{"startEpochNanos":1738601943783000000,"epochNanos":1738601961967000000,"attributes":{"data":[],"empty":true},"value":0}],"monotonic":true,"aggregationTemporality":"DELTA"}},{"name":"workspaceModel.entityStorageSnapshotImpl.instances.count","description":"","unit":"","type":"LONG_SUM","data":{"points":[{"startEpochNanos":1738601943783000000,"epochNanos":1738601961967000000,"attributes":{"data":[],"empty":true},"value":0}],"monotonic":true,"aggregationTemporality":"DELTA"}},{"name":"workspaceModel.updates.count","description":"","unit":"","type":"LONG_SUM","data":{"points":[{"startEpochNanos":1738601943783000000,"epochNanos":1738601961967000000,"attributes":{"data":[],"empty":true},"value":0}],"monotonic":true,"aggregationTemporality":"DELTA"}},{"name":"workspaceModel.replace.project.model.ms","description":"","unit":"","type":"LONG_SUM","data":{"points":[{"startEpochNanos":1738601943783000000,"epochNanos":1738601961967000000,"attributes":{"data":[],"empty":true},"value":0}],"monotonic":true,"aggregationTemporality":"DELTA"}},{"name":"workspaceModel.workspaceFileIndexData.visitFileSets.ms","description":"","unit":"","type":"LONG_SUM","data":{"points":[{"startEpochNanos":1738601943783000000,"epochNanos":1738601961967000000,"attributes":{"data":[],"empty":true},"value":0}],"monotonic":true,"aggregationTemporality":"DELTA"}},{"name":"workspaceModel.check.recursive.update.ms","description":"","unit":"","type":"LONG_SUM","data":{"points":[{"startEpochNanos":1738601943783000000,"epochNanos":1738601961967000000,"attributes":{"data":[],"empty":true},"value":0}],"monotonic":true,"aggregationTemporality":"DELTA"}},{"name":"workspaceModel.workspaceFileIndexData.getDirectoriesByPackageName.ms","description":"","unit":"","type":"LONG_SUM","data":{"points":[{"startEpochNanos":1738601943783000000,"epochNanos":1738601961967000000,"attributes":{"data":[],"empty":true},"value":0}],"monotonic":true,"aggregationTemporality":"DELTA"}},{"name":"workspaceModel.full.replace.project.model.ms","description":"","unit":"","type":"LONG_SUM","data":{"points":[{"startEpochNanos":1738601943783000000,"epochNanos":1738601961967000000,"attributes":{"data":[],"empty":true},"value":0}],"monotonic":true,"aggregationTemporality":"DELTA"}},{"name":"workspaceModel.cachedValue.clear.count","description":"","unit":"","type":"LONG_SUM","data":{"points":[{"startEpochNanos":1738601943783000000,"epochNanos":1738601961967000000,"attributes":{"data":[],"empty":true},"value":0}],"monotonic":true,"aggregationTemporality":"DELTA"}},{"name":"workspaceModel.workspaceFileIndexContributor.registerFileSets.ms","description":"","unit":"","type":"LONG_SUM","data":{"points":[{"startEpochNanos":1738601943783000000,"epochNanos":1738601961967000000,"attributes":{"data":[],"empty":true},"value":0}],"monotonic":true,"aggregationTemporality":"DELTA"}},{"name":"workspaceModel.cachedValueWithParameters.from.cache.count","description":"","unit":"","type":"LONG_SUM","data":{"points":[{"startEpochNanos":1738601943783000000,"epochNanos":1738601961967000000,"attributes":{"data":[],"empty":true},"value":0}],"monotonic":true,"aggregationTemporality":"DELTA"}},{"name":"workspaceModel.cachedValue.total.get.count","description":"","unit":"","type":"LONG_SUM","data":{"points":[{"startEpochNanos":1738601943783000000,"epochNanos":1738601961967000000,"attributes":{"data":[],"empty":true},"value":3}],"monotonic":true,"aggregationTemporality":"DELTA"}},{"name":"workspaceModel.workspaceFileIndexData.getPackageName.ms","description":"","unit":"","type":"LONG_SUM","data":{"points":[{"startEpochNanos":1738601943783000000,"epochNanos":1738601961967000000,"attributes":{"data":[],"empty":true},"value":0}],"monotonic":true,"aggregationTemporality":"DELTA"}},{"name":"workspaceModel.workspaceFileIndexData.markDirty.ms","description":"","unit":"","type":"LONG_SUM","data":{"points":[{"startEpochNanos":1738601943783000000,"epochNanos":1738601961967000000,"attributes":{"data":[],"empty":true},"value":0}],"monotonic":true,"aggregationTemporality":"DELTA"}},{"name":"workspaceModel.cachedValueWithParameters.total.get.count","description":"","unit":"","type":"LONG_SUM","data":{"points":[{"startEpochNanos":1738601943783000000,"epochNanos":1738601961967000000,"attributes":{"data":[],"empty":true},"value":0}],"monotonic":true,"aggregationTemporality":"DELTA"}},{"name":"workspaceModel.on.changed.ms","description":"","unit":"","type":"LONG_SUM","data":{"points":[{"startEpochNanos":1738601943783000000,"epochNanos":1738601961967000000,"attributes":{"data":[],"empty":true},"value":0}],"monotonic":true,"aggregationTemporality":"DELTA"}},{"name":"workspaceModel.pre.handlers.ms","description":"","unit":"","type":"LONG_SUM","data":{"points":[{"startEpochNanos":1738601943783000000,"epochNanos":1738601961967000000,"attributes":{"data":[],"empty":true},"value":0}],"monotonic":true,"aggregationTemporality":"DELTA"}},{"name":"workspaceModel.loading.total.ms","description":"","unit":"","type":"LONG_SUM","data":{"points":[{"startEpochNanos":1738601943783000000,"epochNanos":1738601961967000000,"attributes":{"data":[],"empty":true},"value":0}],"monotonic":true,"aggregationTemporality":"DELTA"}},{"name":"workspaceModel.workspaceFileIndexData.init.ms","description":"","unit":"","type":"LONG_SUM","data":{"points":[{"startEpochNanos":1738601943783000000,"epochNanos":1738601961967000000,"attributes":{"data":[],"empty":true},"value":0}],"monotonic":true,"aggregationTemporality":"DELTA"}},{"name":"workspaceModel.to.snapshot.ms","description":"","unit":"","type":"LONG_SUM","data":{"points":[{"startEpochNanos":1738601943783000000,"epochNanos":1738601961967000000,"attributes":{"data":[],"empty":true},"value":0}],"monotonic":true,"aggregationTemporality":"DELTA"}},{"name":"workspaceModel.cachedValueWithParameters.calculated.count","description":"","unit":"","type":"LONG_SUM","data":{"points":[{"startEpochNanos":1738601943783000000,"epochNanos":1738601961967000000,"attributes":{"data":[],"empty":true},"value":0}],"monotonic":true,"aggregationTemporality":"DELTA"}},{"name":"workspaceModel.workspaceFileIndexData.onEntitiesChanged.ms","description":"","unit":"","type":"LONG_SUM","data":{"points":[{"startEpochNanos":1738601943783000000,"epochNanos":1738601961967000000,"attributes":{"data":[],"empty":true},"value":0}],"monotonic":true,"aggregationTemporality":"DELTA"}},{"name":"workspaceModel.on.before.changed.ms","description":"","unit":"","type":"LONG_SUM","data":{"points":[{"startEpochNanos":1738601943783000000,"epochNanos":1738601961967000000,"attributes":{"data":[],"empty":true},"value":0}],"monotonic":true,"aggregationTemporality":"DELTA"}},{"name":"workspaceModel.workspaceFileIndexData.processFileSets.ms","description":"","unit":"","type":"LONG_SUM","data":{"points":[{"startEpochNanos":1738601943783000000,"epochNanos":1738601961967000000,"attributes":{"data":[],"empty":true},"value":0}],"monotonic":true,"aggregationTemporality":"DELTA"}},{"name":"workspaceModel.workspaceFileIndexData.getFileInfo.ms","description":"","unit":"","type":"LONG_SUM","data":{"points":[{"startEpochNanos":1738601943783000000,"epochNanos":1738601961967000000,"attributes":{"data":[],"empty":true},"value":0}],"monotonic":true,"aggregationTemporality":"DELTA"}},{"name":"JVM.totalBytesAllocated","description":"","unit":"","type":"LONG_SUM","data":{"points":[{"startEpochNanos":1738601943783000000,"epochNanos":1738601961967000000,"attributes":{"data":[],"empty":true},"value":131035152}],"monotonic":true,"aggregationTemporality":"DELTA"}},{"name":"JVM.usedHeapBytes","description":"","unit":"","type":"LONG_GAUGE","data":{"points":[{"startEpochNanos":1738601943783000000,"epochNanos":1738601961967000000,"attributes":{"data":[],"empty":true},"value":186373240}]}},{"name":"JVM.newThreadsCount","description":"","unit":"","type":"LONG_SUM","data":{"points":[{"startEpochNanos":1738601943783000000,"epochNanos":1738601961967000000,"attributes":{"data":[],"empty":true},"value":22}],"monotonic":true,"aggregationTemporality":"DELTA"}},{"name":"OS.loadAverage","description":"","unit":"","type":"DOUBLE_GAUGE","data":{"points":[{"startEpochNanos":1738601943783000000,"epochNanos":1738601961967000000,"attributes":{"data":[],"empty":true},"value":3.09521484375}]}},{"name":"JVM.maxHeapBytes","description":"","unit":"","type":"LONG_GAUGE","data":{"points":[{"startEpochNanos":1738601943783000000,"epochNanos":1738601961967000000,"attributes":{"data":[],"empty":true},"value":1572864000}]}},{"name":"JVM.totalTimeToSafepointsMs","description":"","unit":"","type":"LONG_SUM","data":{"points":[{"startEpochNanos":1738601943783000000,"epochNanos":1738601961967000000,"attributes":{"data":[],"empty":true},"value":1}],"monotonic":true,"aggregationTemporality":"DELTA"}},{"name":"MEM.ramPlusSwapMinusFileMappingsBytes","description":"","unit":"","type":"LONG_GAUGE","data":{"points":[{"startEpochNanos":1738601943783000000,"epochNanos":1738601961967000000,"attributes":{"data":[],"empty":true},"value":840404992}]}},{"name":"MEM.ramBytes","description":"","unit":"","type":"LONG_GAUGE","data":{"points":[{"startEpochNanos":1738601943783000000,"epochNanos":1738601961967000000,"attributes":{"data":[],"empty":true},"value":1313259520}]}},{"name":"JVM.GC.collections","description":"","unit":"","type":"LONG_SUM","data":{"points":[{"startEpochNanos":1738601943783000000,"epochNanos":1738601961967000000,"attributes":{"data":[],"empty":true},"value":4}],"monotonic":true,"aggregationTemporality":"DELTA"}},{"name":"JVM.maxThreadCount","description":"","unit":"","type":"LONG_GAUGE","data":{"points":[{"startEpochNanos":1738601943783000000,"epochNanos":1738601961967000000,"attributes":{"data":[],"empty":true},"value":80}]}},{"name":"JVM.GC.collectionTimesMs","description":"","unit":"","type":"LONG_SUM","data":{"points":[{"startEpochNanos":1738601943783000000,"epochNanos":1738601961967000000,"attributes":{"data":[],"empty":true},"value":63}],"monotonic":true,"aggregationTemporality":"DELTA"}},{"name":"JVM.threadCount","description":"","unit":"","type":"LONG_GAUGE","data":{"points":[{"startEpochNanos":1738601943783000000,"epochNanos":1738601961967000000,"attributes":{"data":[],"empty":true},"value":48}]}},{"name":"JVM.totalTimeAtSafepointsMs","description":"","unit":"","type":"LONG_SUM","data":{"points":[{"startEpochNanos":1738601943783000000,"epochNanos":1738601961967000000,"attributes":{"data":[],"empty":true},"value":65}],"monotonic":true,"aggregationTemporality":"DELTA"}},{"name":"JVM.totalSafepointCount","description":"","unit":"","type":"LONG_SUM","data":{"points":[{"startEpochNanos":1738601943783000000,"epochNanos":1738601961967000000,"attributes":{"data":[],"empty":true},"value":15}],"monotonic":true,"aggregationTemporality":"DELTA"}},{"name":"MEM.fileMappingsRamBytes","description":"","unit":"","type":"LONG_GAUGE","data":{"points":[{"startEpochNanos":1738601943783000000,"epochNanos":1738601961967000000,"attributes":{"data":[],"empty":true},"value":467275776}]}},{"name":"MEM.ramMinusFileMappingsBytes","description":"","unit":"","type":"LONG_GAUGE","data":{"points":[{"startEpochNanos":1738601943783000000,"epochNanos":1738601961967000000,"attributes":{"data":[],"empty":true},"value":840404992}]}},{"name":"JVM.totalDirectByteBuffersBytes","description":"","unit":"","type":"LONG_GAUGE","data":{"points":[{"startEpochNanos":1738601943783000000,"epochNanos":1738601961967000000,"attributes":{"data":[],"empty":true},"value":6754124}]}},{"name":"JVM.totalCpuTimeMs","description":"","unit":"","type":"LONG_SUM","data":{"points":[{"startEpochNanos":1738601943783000000,"epochNanos":1738601961967000000,"attributes":{"data":[],"empty":true},"value":9460}],"monotonic":true,"aggregationTemporality":"DELTA"}},{"name":"JVM.usedNativeBytes","description":"","unit":"","type":"LONG_GAUGE","data":{"points":[{"startEpochNanos":1738601943783000000,"epochNanos":1738601961967000000,"attributes":{"data":[],"empty":true},"value":353105760}]}},{"name":"JVM.committedHeapBytes","description":"","unit":"","type":"LONG_GAUGE","data":{"points":[{"startEpochNanos":1738601943783000000,"epochNanos":1738601961967000000,"attributes":{"data":[],"empty":true},"value":300941312}]}}]