[{"name":"lux.LuxRendererStatistics.LxCacheableImage.calls","description":"","unit":"1","type":"LONG_SUM","data":{"points":[{"startEpochNanos":1738605343866000000,"epochNanos":1738605403882000000,"attributes":{"data":[],"empty":true},"value":2}],"monotonic":true,"aggregationTemporality":"DELTA"}},{"name":"lux.LuxRendererStatistics.LxDrawTextCommand.size","description":"","unit":"bytes","type":"LONG_SUM","data":{"points":[{"startEpochNanos":1738605343866000000,"epochNanos":1738605403882000000,"attributes":{"data":[],"empty":true},"value":7938}],"monotonic":true,"aggregationTemporality":"DELTA"}},{"name":"lux.LuxRendererStatistics.LxTransformStateChange.calls","description":"","unit":"1","type":"LONG_SUM","data":{"points":[{"startEpochNanos":1738605343866000000,"epochNanos":1738605403882000000,"attributes":{"data":[],"empty":true},"value":415}],"monotonic":true,"aggregationTemporality":"DELTA"}},{"name":"lux.LuxRendererStatistics.LxTransformStateChange.size","description":"","unit":"bytes","type":"LONG_SUM","data":{"points":[{"startEpochNanos":1738605343866000000,"epochNanos":1738605403882000000,"attributes":{"data":[],"empty":true},"value":2490}],"monotonic":true,"aggregationTemporality":"DELTA"}},{"name":"lux.LuxRendererStatistics.LxCachedImage.size","description":"","unit":"bytes","type":"LONG_SUM","data":{"points":[{"startEpochNanos":1738605343866000000,"epochNanos":1738605403882000000,"attributes":{"data":[],"empty":true},"value":22}],"monotonic":true,"aggregationTemporality":"DELTA"}},{"name":"lux.LuxRendererStatistics.Operation_batch_flushes.size","description":"","unit":"bytes","type":"LONG_SUM","data":{"points":[{"startEpochNanos":1738605343866000000,"epochNanos":1738605403882000000,"attributes":{"data":[],"empty":true},"value":787}],"monotonic":true,"aggregationTemporality":"DELTA"}},{"name":"lux.LuxRendererStatistics.LxCachedImage.calls","description":"","unit":"1","type":"LONG_SUM","data":{"points":[{"startEpochNanos":1738605343866000000,"epochNanos":1738605403882000000,"attributes":{"data":[],"empty":true},"value":22}],"monotonic":true,"aggregationTemporality":"DELTA"}},{"name":"lux.LuxRendererStatistics.LxPaintStateChange.size","description":"","unit":"bytes","type":"LONG_SUM","data":{"points":[{"startEpochNanos":1738605343866000000,"epochNanos":1738605403882000000,"attributes":{"data":[],"empty":true},"value":558}],"monotonic":true,"aggregationTemporality":"DELTA"}},{"name":"lux.LuxRendererStatistics.LxDrawImageCommand.size","description":"","unit":"bytes","type":"LONG_SUM","data":{"points":[{"startEpochNanos":1738605343866000000,"epochNanos":1738605403882000000,"attributes":{"data":[],"empty":true},"value":155}],"monotonic":true,"aggregationTemporality":"DELTA"}},{"name":"lux.LuxRendererStatistics.LxRoundRectShape.size","description":"","unit":"bytes","type":"LONG_SUM","data":{"points":[{"startEpochNanos":1738605343866000000,"epochNanos":1738605403882000000,"attributes":{"data":[],"empty":true},"value":714}],"monotonic":true,"aggregationTemporality":"DELTA"}},{"name":"lux.LuxRendererStatistics.LxRectShape.size","description":"","unit":"bytes","type":"LONG_SUM","data":{"points":[{"startEpochNanos":1738605343866000000,"epochNanos":1738605403882000000,"attributes":{"data":[],"empty":true},"value":2140}],"monotonic":true,"aggregationTemporality":"DELTA"}},{"name":"lux.LuxRendererStatistics.State_Changes.size","description":"","unit":"bytes","type":"LONG_SUM","data":{"points":[{"startEpochNanos":1738605343866000000,"epochNanos":1738605403882000000,"attributes":{"data":[],"empty":true},"value":4390}],"monotonic":true,"aggregationTemporality":"DELTA"}},{"name":"lux.LuxRendererStatistics.LxRectShape.calls","description":"","unit":"1","type":"LONG_SUM","data":{"points":[{"startEpochNanos":1738605343866000000,"epochNanos":1738605403882000000,"attributes":{"data":[],"empty":true},"value":535}],"monotonic":true,"aggregationTemporality":"DELTA"}},{"name":"lux.LuxRendererStatistics.LxDrawTextCommand.calls","description":"","unit":"1","type":"LONG_SUM","data":{"points":[{"startEpochNanos":1738605343866000000,"epochNanos":1738605403882000000,"attributes":{"data":[],"empty":true},"value":261}],"monotonic":true,"aggregationTemporality":"DELTA"}},{"name":"lux.LuxRendererStatistics.LxClipStateChange.calls","description":"","unit":"1","type":"LONG_SUM","data":{"points":[{"startEpochNanos":1738605343866000000,"epochNanos":1738605403882000000,"attributes":{"data":[],"empty":true},"value":225}],"monotonic":true,"aggregationTemporality":"DELTA"}},{"name":"lux.LuxRendererStatistics.LxAliasingStateChange.size","description":"","unit":"bytes","type":"LONG_SUM","data":{"points":[{"startEpochNanos":1738605343866000000,"epochNanos":1738605403882000000,"attributes":{"data":[],"empty":true},"value":279}],"monotonic":true,"aggregationTemporality":"DELTA"}},{"name":"lux.LuxRendererStatistics.LxPathShape.size","description":"","unit":"bytes","type":"LONG_SUM","data":{"points":[{"startEpochNanos":1738605343866000000,"epochNanos":1738605403882000000,"attributes":{"data":[],"empty":true},"value":8245}],"monotonic":true,"aggregationTemporality":"DELTA"}},{"name":"lux.LuxRendererStatistics.LxAliasingStateChange.calls","description":"","unit":"1","type":"LONG_SUM","data":{"points":[{"startEpochNanos":1738605343866000000,"epochNanos":1738605403882000000,"attributes":{"data":[],"empty":true},"value":279}],"monotonic":true,"aggregationTemporality":"DELTA"}},{"name":"lux.LuxRendererStatistics.LxRoundRectShape.calls","description":"","unit":"1","type":"LONG_SUM","data":{"points":[{"startEpochNanos":1738605343866000000,"epochNanos":1738605403882000000,"attributes":{"data":[],"empty":true},"value":119}],"monotonic":true,"aggregationTemporality":"DELTA"}},{"name":"lux.LuxRendererStatistics.LxFillShapeCommand.calls","description":"","unit":"1","type":"LONG_SUM","data":{"points":[{"startEpochNanos":1738605343866000000,"epochNanos":1738605403882000000,"attributes":{"data":[],"empty":true},"value":502}],"monotonic":true,"aggregationTemporality":"DELTA"}},{"name":"lux.LuxRendererStatistics.LxBackgroundColorStateChange.calls","description":"","unit":"1","type":"LONG_SUM","data":{"points":[{"startEpochNanos":1738605343866000000,"epochNanos":1738605403882000000,"attributes":{"data":[],"empty":true},"value":1}],"monotonic":true,"aggregationTemporality":"DELTA"}},{"name":"lux.LuxRendererStatistics.LxCacheableImage.size","description":"","unit":"bytes","type":"LONG_SUM","data":{"points":[{"startEpochNanos":1738605343866000000,"epochNanos":1738605403882000000,"attributes":{"data":[],"empty":true},"value":133}],"monotonic":true,"aggregationTemporality":"DELTA"}},{"name":"lux.LuxRendererStatistics.LxBackgroundColorStateChange.size","description":"","unit":"bytes","type":"LONG_SUM","data":{"points":[{"startEpochNanos":1738605343866000000,"epochNanos":1738605403882000000,"attributes":{"data":[],"empty":true},"value":1}],"monotonic":true,"aggregationTemporality":"DELTA"}},{"name":"lux.LuxRendererStatistics.LxPathShape.calls","description":"","unit":"1","type":"LONG_SUM","data":{"points":[{"startEpochNanos":1738605343866000000,"epochNanos":1738605403882000000,"attributes":{"data":[],"empty":true},"value":73}],"monotonic":true,"aggregationTemporality":"DELTA"}},{"name":"lux.LuxRendererStatistics.Draw_Commands_List.size","description":"","unit":"bytes","type":"LONG_SUM","data":{"points":[{"startEpochNanos":1738605343866000000,"epochNanos":1738605403882000000,"attributes":{"data":[],"empty":true},"value":22682}],"monotonic":true,"aggregationTemporality":"DELTA"}},{"name":"lux.LuxRendererStatistics.LxPaintStateChange.calls","description":"","unit":"1","type":"LONG_SUM","data":{"points":[{"startEpochNanos":1738605343866000000,"epochNanos":1738605403882000000,"attributes":{"data":[],"empty":true},"value":558}],"monotonic":true,"aggregationTemporality":"DELTA"}},{"name":"lux.LuxRendererStatistics.Draw_Commands_List.calls","description":"","unit":"1","type":"LONG_SUM","data":{"points":[{"startEpochNanos":1738605343866000000,"epochNanos":1738605403882000000,"attributes":{"data":[],"empty":true},"value":787}],"monotonic":true,"aggregationTemporality":"DELTA"}},{"name":"lux.LuxRendererStatistics.State_Changes.calls","description":"","unit":"1","type":"LONG_SUM","data":{"points":[{"startEpochNanos":1738605343866000000,"epochNanos":1738605403882000000,"attributes":{"data":[],"empty":true},"value":1640}],"monotonic":true,"aggregationTemporality":"DELTA"}},{"name":"lux.LuxRendererStatistics.Operation_batch_flushes.calls","description":"","unit":"1","type":"LONG_SUM","data":{"points":[{"startEpochNanos":1738605343866000000,"epochNanos":1738605403882000000,"attributes":{"data":[],"empty":true},"value":98}],"monotonic":true,"aggregationTemporality":"DELTA"}},{"name":"lux.LuxRendererStatistics.LxClipStateChange.size","description":"","unit":"bytes","type":"LONG_SUM","data":{"points":[{"startEpochNanos":1738605343866000000,"epochNanos":1738605403882000000,"attributes":{"data":[],"empty":true},"value":900}],"monotonic":true,"aggregationTemporality":"DELTA"}},{"name":"lux.LuxRendererStatistics.LxDrawImageCommand.calls","description":"","unit":"1","type":"LONG_SUM","data":{"points":[{"startEpochNanos":1738605343866000000,"epochNanos":1738605403882000000,"attributes":{"data":[],"empty":true},"value":24}],"monotonic":true,"aggregationTemporality":"DELTA"}},{"name":"lux.LuxRendererStatistics.LxFontStateChange.calls","description":"","unit":"1","type":"LONG_SUM","data":{"points":[{"startEpochNanos":1738605343866000000,"epochNanos":1738605403882000000,"attributes":{"data":[],"empty":true},"value":162}],"monotonic":true,"aggregationTemporality":"DELTA"}},{"name":"lux.LuxRendererStatistics.LxFontStateChange.size","description":"","unit":"bytes","type":"LONG_SUM","data":{"points":[{"startEpochNanos":1738605343866000000,"epochNanos":1738605403882000000,"attributes":{"data":[],"empty":true},"value":162}],"monotonic":true,"aggregationTemporality":"DELTA"}},{"name":"lux.LuxRendererStatistics.LxFillShapeCommand.size","description":"","unit":"bytes","type":"LONG_SUM","data":{"points":[{"startEpochNanos":1738605343866000000,"epochNanos":1738605403882000000,"attributes":{"data":[],"empty":true},"value":10199}],"monotonic":true,"aggregationTemporality":"DELTA"}},{"name":"Indexing.writer_0.totalTimeSpentWritingMs","description":"","unit":"","type":"LONG_SUM","data":{"points":[{"startEpochNanos":1738605343866000000,"epochNanos":1738605403882000000,"attributes":{"data":[],"empty":true},"value":0}],"monotonic":true,"aggregationTemporality":"DELTA"}},{"name":"Indexing.writer_3.totalTimeSpentWritingMs","description":"","unit":"","type":"LONG_SUM","data":{"points":[{"startEpochNanos":1738605343866000000,"epochNanos":1738605403882000000,"attributes":{"data":[],"empty":true},"value":0}],"monotonic":true,"aggregationTemporality":"DELTA"}},{"name":"Indexing.writesQueuedAvg","description":"","unit":"","type":"DOUBLE_GAUGE","data":{"points":[{"startEpochNanos":1738605343866000000,"epochNanos":1738605403882000000,"attributes":{"data":[],"empty":true},"value":0.0}]}},{"name":"Indexing.totalTimeIndexersSleptMs","description":"","unit":"","type":"LONG_SUM","data":{"points":[{"startEpochNanos":1738605343866000000,"epochNanos":1738605403882000000,"attributes":{"data":[],"empty":true},"value":0}],"monotonic":true,"aggregationTemporality":"DELTA"}},{"name":"Indexing.writesQueuedMax","description":"","unit":"","type":"LONG_GAUGE","data":{"points":[{"startEpochNanos":1738605343866000000,"epochNanos":1738605403882000000,"attributes":{"data":[],"empty":true},"value":0}]}},{"name":"Indexing.writer_1.totalTimeSpentWritingMs","description":"","unit":"","type":"LONG_SUM","data":{"points":[{"startEpochNanos":1738605343866000000,"epochNanos":1738605403882000000,"attributes":{"data":[],"empty":true},"value":0}],"monotonic":true,"aggregationTemporality":"DELTA"}},{"name":"Indexing.cache.totalCacheEvicted","description":"","unit":"","type":"LONG_SUM","data":{"points":[{"startEpochNanos":1738605343866000000,"epochNanos":1738605403882000000,"attributes":{"data":[],"empty":true},"value":0}],"monotonic":true,"aggregationTemporality":"DELTA"}},{"name":"Indexing.cache.totalCacheAccesses","description":"","unit":"","type":"LONG_SUM","data":{"points":[{"startEpochNanos":1738605343866000000,"epochNanos":1738605403882000000,"attributes":{"data":[],"empty":true},"value":0}],"monotonic":true,"aggregationTemporality":"DELTA"}},{"name":"Indexing.writesQueuedMin","description":"","unit":"","type":"LONG_GAUGE","data":{"points":[{"startEpochNanos":1738605343866000000,"epochNanos":1738605403882000000,"attributes":{"data":[],"empty":true},"value":0}]}},{"name":"Indexing.writer_2.totalTimeSpentWritingMs","description":"","unit":"","type":"LONG_SUM","data":{"points":[{"startEpochNanos":1738605343866000000,"epochNanos":1738605403882000000,"attributes":{"data":[],"empty":true},"value":0}],"monotonic":true,"aggregationTemporality":"DELTA"}},{"name":"Indexing.cache.totalCacheMisses","description":"","unit":"","type":"LONG_SUM","data":{"points":[{"startEpochNanos":1738605343866000000,"epochNanos":1738605403882000000,"attributes":{"data":[],"empty":true},"value":0}],"monotonic":true,"aggregationTemporality":"DELTA"}},{"name":"rdct.CountingByteChannel.writeBytesRate.project.1","description":"","unit":"bytes","type":"LONG_SUM","data":{"points":[{"startEpochNanos":1738605343866000000,"epochNanos":1738605403882000000,"attributes":{"data":[],"empty":true},"value":46495}],"monotonic":true,"aggregationTemporality":"DELTA"}},{"name":"rdct.TransportWrapperImpl.sentFramesLenRate.project.1","description":"","unit":"framesLen","type":"LONG_GAUGE","data":{"points":[{"startEpochNanos":1738605343866000000,"epochNanos":1738605403882000000,"attributes":{"data":[],"empty":true},"value":34323}]}},{"name":"rdct.CountingByteChannel.readBytesRate.project.1","description":"","unit":"bytes","type":"LONG_SUM","data":{"points":[{"startEpochNanos":1738605343866000000,"epochNanos":1738605403882000000,"attributes":{"data":[],"empty":true},"value":1407097}],"monotonic":true,"aggregationTemporality":"DELTA"}},{"name":"rdct.TransportWrapperImpl.receivedFrames.project.1","description":"","unit":"1","type":"LONG_SUM","data":{"points":[{"startEpochNanos":1738605343866000000,"epochNanos":1738605403882000000,"attributes":{"data":[],"empty":true},"value":360}],"monotonic":true,"aggregationTemporality":"DELTA"}},{"name":"rdct.TransportWrapperImpl.connectionState.project.1","description":"","unit":"stateOrdinal","type":"LONG_GAUGE","data":{"points":[{"startEpochNanos":1738605343866000000,"epochNanos":1738605403882000000,"attributes":{"data":[],"empty":true},"value":1}]}},{"name":"rdct.TransportWrapperImpl.receivedFramesLenRate.project.1","description":"","unit":"framesLen","type":"LONG_GAUGE","data":{"points":[{"startEpochNanos":1738605343866000000,"epochNanos":1738605403882000000,"attributes":{"data":[],"empty":true},"value":9977709}]}},{"name":"cacheStateStorage.get.counter","description":"","unit":"","type":"LONG_SUM","data":{"points":[{"startEpochNanos":1738605343866000000,"epochNanos":1738605403882000000,"attributes":{"data":[],"empty":true},"value":5}],"monotonic":true,"aggregationTemporality":"DELTA"}},{"name":"cacheStateStorage.set.counter","description":"","unit":"","type":"LONG_SUM","data":{"points":[{"startEpochNanos":1738605343866000000,"epochNanos":1738605403882000000,"attributes":{"data":[],"empty":true},"value":0}],"monotonic":true,"aggregationTemporality":"DELTA"}},{"name":"cacheStateStorage.set.duration","description":"","unit":"","type":"LONG_SUM","data":{"points":[{"startEpochNanos":1738605343866000000,"epochNanos":1738605403882000000,"attributes":{"data":[],"empty":true},"value":0}],"monotonic":true,"aggregationTemporality":"DELTA"}},{"name":"cacheStateStorage.get.duration","description":"","unit":"","type":"LONG_SUM","data":{"points":[{"startEpochNanos":1738605343866000000,"epochNanos":1738605403882000000,"attributes":{"data":[],"empty":true},"value":0}],"monotonic":true,"aggregationTemporality":"DELTA"}},{"name":"AWTEventQueue.eventsDispatched","description":"","unit":"","type":"LONG_GAUGE","data":{"points":[{"startEpochNanos":1738605343866000000,"epochNanos":1738605403882000000,"attributes":{"data":[],"empty":true},"value":1572}]}},{"name":"FlushQueue.queueSize90P","description":"","unit":"","type":"LONG_GAUGE","data":{"points":[{"startEpochNanos":1738605343866000000,"epochNanos":1738605403882000000,"attributes":{"data":[],"empty":true},"value":1}]}},{"name":"FlushQueue.executionTimeMaxNs","description":"","unit":"ns","type":"LONG_GAUGE","data":{"points":[{"startEpochNanos":1738605343866000000,"epochNanos":1738605403882000000,"attributes":{"data":[],"empty":true},"value":943718399}]}},{"name":"FlushQueue.waitingTimeMaxNs","description":"","unit":"ns","type":"LONG_GAUGE","data":{"points":[{"startEpochNanos":1738605343866000000,"epochNanos":1738605403882000000,"attributes":{"data":[],"empty":true},"value":1610612735}]}},{"name":"FlushQueue.waitingTimeAvgNs","description":"","unit":"ns","type":"DOUBLE_GAUGE","data":{"points":[{"startEpochNanos":1738605343866000000,"epochNanos":1738605403882000000,"attributes":{"data":[],"empty":true},"value":5.334527795348837E7}]}},{"name":"FlushQueue.queueSizeMax","description":"","unit":"","type":"LONG_GAUGE","data":{"points":[{"startEpochNanos":1738605343866000000,"epochNanos":1738605403882000000,"attributes":{"data":[],"empty":true},"value":13}]}},{"name":"FlushQueue.waitingTime90PNs","description":"","unit":"ns","type":"LONG_GAUGE","data":{"points":[{"startEpochNanos":1738605343866000000,"epochNanos":1738605403882000000,"attributes":{"data":[],"empty":true},"value":9109503}]}},{"name":"AWTEventQueue.dispatchTime90PNs","description":"","unit":"ns","type":"LONG_GAUGE","data":{"points":[{"startEpochNanos":1738605343866000000,"epochNanos":1738605403882000000,"attributes":{"data":[],"empty":true},"value":1548287}]}},{"name":"AWTEventQueue.dispatchTimeAvgNs","description":"","unit":"ns","type":"DOUBLE_GAUGE","data":{"points":[{"startEpochNanos":1738605343866000000,"epochNanos":1738605403882000000,"attributes":{"data":[],"empty":true},"value":3653008.1221374045}]}},{"name":"FlushQueue.queueSizeAvg","description":"","unit":"","type":"DOUBLE_GAUGE","data":{"points":[{"startEpochNanos":1738605343866000000,"epochNanos":1738605403882000000,"attributes":{"data":[],"empty":true},"value":0.7306201550387597}]}},{"name":"FlushQueue.executionTime90PNs","description":"","unit":"ns","type":"LONG_GAUGE","data":{"points":[{"startEpochNanos":1738605343866000000,"epochNanos":1738605403882000000,"attributes":{"data":[],"empty":true},"value":925695}]}},{"name":"AWTEventQueue.dispatchTimeMaxNs","description":"","unit":"ns","type":"LONG_GAUGE","data":{"points":[{"startEpochNanos":1738605343866000000,"epochNanos":1738605403882000000,"attributes":{"data":[],"empty":true},"value":943718399}]}},{"name":"AWTEventQueue.dispatchTimeTotalNS","description":"","unit":"ns","type":"LONG_SUM","data":{"points":[{"startEpochNanos":1738605343866000000,"epochNanos":1738605403882000000,"attributes":{"data":[],"empty":true},"value":5745933117}],"monotonic":true,"aggregationTemporality":"DELTA"}},{"name":"FlushQueue.executionTimeAvgNs","description":"","unit":"ns","type":"DOUBLE_GAUGE","data":{"points":[{"startEpochNanos":1738605343866000000,"epochNanos":1738605403882000000,"attributes":{"data":[],"empty":true},"value":6635831.627906977}]}},{"name":"FlushQueue.tasksExecuted","description":"","unit":"","type":"LONG_GAUGE","data":{"points":[{"startEpochNanos":1738605343866000000,"epochNanos":1738605403882000000,"attributes":{"data":[],"empty":true},"value":516}]}},{"name":"DiskQueryRelay.tasksRequested","description":"","unit":"","type":"LONG_SUM","data":{"points":[{"startEpochNanos":1738605343866000000,"epochNanos":1738605403882000000,"attributes":{"data":[],"empty":true},"value":0}],"monotonic":true,"aggregationTemporality":"DELTA"}},{"name":"DiskQueryRelay.taskExecutionTotalTimeUs","description":"","unit":"","type":"LONG_SUM","data":{"points":[{"startEpochNanos":1738605343866000000,"epochNanos":1738605403882000000,"attributes":{"data":[],"empty":true},"value":0}],"monotonic":true,"aggregationTemporality":"DELTA"}},{"name":"DiskQueryRelay.tasksExecuted","description":"","unit":"","type":"LONG_SUM","data":{"points":[{"startEpochNanos":1738605343866000000,"epochNanos":1738605403882000000,"attributes":{"data":[],"empty":true},"value":0}],"monotonic":true,"aggregationTemporality":"DELTA"}},{"name":"DiskQueryRelay.taskWaitingTotalTimeUs","description":"","unit":"","type":"LONG_SUM","data":{"points":[{"startEpochNanos":1738605343866000000,"epochNanos":1738605403882000000,"attributes":{"data":[],"empty":true},"value":0}],"monotonic":true,"aggregationTemporality":"DELTA"}},{"name":"DirectByteBufferAllocator.totalSizeOfBuffersAllocatedInBytes","description":"","unit":"bytes","type":"LONG_GAUGE","data":{"points":[{"startEpochNanos":1738605343866000000,"epochNanos":1738605403882000000,"attributes":{"data":[],"empty":true},"value":1048576}]}},{"name":"FilePageCache.maxCacheSizeInBytes","description":"Max size of all cached pages observed since application start","unit":"bytes","type":"LONG_GAUGE","data":{"points":[{"startEpochNanos":1738605343866000000,"epochNanos":1738605403882000000,"attributes":{"data":[],"empty":true},"value":1048576}]}},{"name":"FilePageCache.maxRegisteredFiles","description":"","unit":"","type":"LONG_GAUGE","data":{"points":[{"startEpochNanos":1738605343866000000,"epochNanos":1738605403882000000,"attributes":{"data":[],"empty":true},"value":3}]}},{"name":"DirectByteBufferAllocator.totalSizeOfBuffersCachedInBytes","description":"","unit":"bytes","type":"LONG_GAUGE","data":{"points":[{"startEpochNanos":1738605343866000000,"epochNanos":1738605403882000000,"attributes":{"data":[],"empty":true},"value":0}]}},{"name":"FilePageCache.disposedBuffers","description":"","unit":"","type":"LONG_SUM","data":{"points":[{"startEpochNanos":1738605343866000000,"epochNanos":1738605403882000000,"attributes":{"data":[],"empty":true},"value":0}],"monotonic":true,"aggregationTemporality":"DELTA"}},{"name":"FilePageCache.pageLoadsAboveSizeThreshold","description":"","unit":"","type":"LONG_SUM","data":{"points":[{"startEpochNanos":1738605343866000000,"epochNanos":1738605403882000000,"attributes":{"data":[],"empty":true},"value":0}],"monotonic":true,"aggregationTemporality":"DELTA"}},{"name":"MappedFileStorage.totalPagesMapped","description":"MappedFileStorage.Page instances in operation at the moment","unit":"","type":"LONG_GAUGE","data":{"points":[{"startEpochNanos":1738605343866000000,"epochNanos":1738605403882000000,"attributes":{"data":[],"empty":true},"value":5}]}},{"name":"StreamlinedBlobStorage.totalLiveRecordsPayloadBytes","description":"","unit":"","type":"LONG_SUM","data":{"points":[{"startEpochNanos":1738605343866000000,"epochNanos":1738605403882000000,"attributes":{"data":[{"type":"STRING","key":"file","keyUtf8":"ZmlsZQ=="},"attributes.dat"],"empty":false},"value":0}],"monotonic":false,"aggregationTemporality":"DELTA"}},{"name":"StorageLockContext.competingThreads.avg","description":"","unit":"","type":"DOUBLE_GAUGE","data":{"points":[{"startEpochNanos":1738605343866000000,"epochNanos":1738605403882000000,"attributes":{"data":[],"empty":true},"value":0.0}]}},{"name":"StreamlinedBlobStorage.recordsRelocated","description":"","unit":"","type":"LONG_SUM","data":{"points":[{"startEpochNanos":1738605343866000000,"epochNanos":1738605403882000000,"attributes":{"data":[{"type":"STRING","key":"file","keyUtf8":"ZmlsZQ=="},"attributes.dat"],"empty":false},"value":0}],"monotonic":true,"aggregationTemporality":"DELTA"}},{"name":"DirectByteBufferAllocator.hits","description":"","unit":"","type":"LONG_SUM","data":{"points":[{"startEpochNanos":1738605343866000000,"epochNanos":1738605403882000000,"attributes":{"data":[],"empty":true},"value":0}],"monotonic":true,"aggregationTemporality":"DELTA"}},{"name":"FilePageCache.totalPageDisposalsUs","description":"","unit":"us","type":"LONG_SUM","data":{"points":[{"startEpochNanos":1738605343866000000,"epochNanos":1738605403882000000,"attributes":{"data":[],"empty":true},"value":26}],"monotonic":true,"aggregationTemporality":"DELTA"}},{"name":"FilePageCache.pageHits","description":"","unit":"","type":"LONG_SUM","data":{"points":[{"startEpochNanos":1738605343866000000,"epochNanos":1738605403882000000,"attributes":{"data":[],"empty":true},"value":0}],"monotonic":true,"aggregationTemporality":"DELTA"}},{"name":"DirectByteBufferAllocator.reclaimed","description":"","unit":"","type":"LONG_SUM","data":{"points":[{"startEpochNanos":1738605343866000000,"epochNanos":1738605403882000000,"attributes":{"data":[],"empty":true},"value":0}],"monotonic":true,"aggregationTemporality":"DELTA"}},{"name":"StorageLockContext.competingThreads.max","description":"","unit":"","type":"LONG_GAUGE","data":{"points":[{"startEpochNanos":1738605343866000000,"epochNanos":1738605403882000000,"attributes":{"data":[],"empty":true},"value":0}]}},{"name":"FileChannelInterruptsRetryer.totalRetriedAttempts","description":"","unit":"","type":"LONG_SUM","data":{"points":[{"startEpochNanos":1738605343866000000,"epochNanos":1738605403882000000,"attributes":{"data":[],"empty":true},"value":0}],"monotonic":true,"aggregationTemporality":"DELTA"}},{"name":"StorageLockContext.competingThreads.90P","description":"","unit":"","type":"LONG_GAUGE","data":{"points":[{"startEpochNanos":1738605343866000000,"epochNanos":1738605403882000000,"attributes":{"data":[],"empty":true},"value":0}]}},{"name":"FilePageCache.pageLoads","description":"","unit":"","type":"LONG_SUM","data":{"points":[{"startEpochNanos":1738605343866000000,"epochNanos":1738605403882000000,"attributes":{"data":[],"empty":true},"value":1}],"monotonic":true,"aggregationTemporality":"DELTA"}},{"name":"MappedFileStorage.storages","description":"MappedFileStorage instances in operation at the moment","unit":"","type":"LONG_GAUGE","data":{"points":[{"startEpochNanos":1738605343866000000,"epochNanos":1738605403882000000,"attributes":{"data":[],"empty":true},"value":5}]}},{"name":"StreamlinedBlobStorage.recordsDeleted","description":"","unit":"","type":"LONG_SUM","data":{"points":[{"startEpochNanos":1738605343866000000,"epochNanos":1738605403882000000,"attributes":{"data":[{"type":"STRING","key":"file","keyUtf8":"ZmlsZQ=="},"attributes.dat"],"empty":false},"value":0}],"monotonic":true,"aggregationTemporality":"DELTA"}},{"name":"DirectByteBufferAllocator.disposed","description":"","unit":"","type":"LONG_SUM","data":{"points":[{"startEpochNanos":1738605343866000000,"epochNanos":1738605403882000000,"attributes":{"data":[],"empty":true},"value":0}],"monotonic":true,"aggregationTemporality":"DELTA"}},{"name":"MappedFileStorage.totalBytesMapped","description":"Total size of MappedByteBuffers in use by MappedFileStorage at the moment","unit":"bytes","type":"LONG_GAUGE","data":{"points":[{"startEpochNanos":1738605343866000000,"epochNanos":1738605403882000000,"attributes":{"data":[],"empty":true},"value":160432128}]}},{"name":"FilePageCache.pageFastCacheHits","description":"","unit":"","type":"LONG_SUM","data":{"points":[{"startEpochNanos":1738605343866000000,"epochNanos":1738605403882000000,"attributes":{"data":[],"empty":true},"value":68}],"monotonic":true,"aggregationTemporality":"DELTA"}},{"name":"FilePageCache.totalPageLoadsUs","description":"","unit":"us","type":"LONG_SUM","data":{"points":[{"startEpochNanos":1738605343866000000,"epochNanos":1738605403882000000,"attributes":{"data":[],"empty":true},"value":46687}],"monotonic":true,"aggregationTemporality":"DELTA"}},{"name":"StreamlinedBlobStorage.recordsAllocated","description":"","unit":"","type":"LONG_SUM","data":{"points":[{"startEpochNanos":1738605343866000000,"epochNanos":1738605403882000000,"attributes":{"data":[{"type":"STRING","key":"file","keyUtf8":"ZmlsZQ=="},"attributes.dat"],"empty":false},"value":0}],"monotonic":true,"aggregationTemporality":"DELTA"}},{"name":"FilePageCache.uncachedFileAccess","description":"","unit":"","type":"LONG_SUM","data":{"points":[{"startEpochNanos":1738605343866000000,"epochNanos":1738605403882000000,"attributes":{"data":[],"empty":true},"value":3}],"monotonic":true,"aggregationTemporality":"DELTA"}},{"name":"FilePageCache.capacityInBytes","description":"Cache capacity, configured on application startup","unit":"bytes","type":"LONG_GAUGE","data":{"points":[{"startEpochNanos":1738605343866000000,"epochNanos":1738605403882000000,"attributes":{"data":[],"empty":true},"value":629145600}]}},{"name":"StreamlinedBlobStorage.totalLiveRecordsCapacityBytes","description":"","unit":"","type":"LONG_SUM","data":{"points":[{"startEpochNanos":1738605343866000000,"epochNanos":1738605403882000000,"attributes":{"data":[{"type":"STRING","key":"file","keyUtf8":"ZmlsZQ=="},"attributes.dat"],"empty":false},"value":0}],"monotonic":false,"aggregationTemporality":"DELTA"}},{"name":"MappedFileStorage.totalTimeSpentOnMappingUs","description":"Total time (us) spent inside Page.map() method (file expansion/zeroing, + mmap)","unit":"us","type":"LONG_GAUGE","data":{"points":[{"startEpochNanos":1738605343866000000,"epochNanos":1738605403882000000,"attributes":{"data":[],"empty":true},"value":464989}]}},{"name":"DirectByteBufferAllocator.misses","description":"","unit":"","type":"LONG_SUM","data":{"points":[{"startEpochNanos":1738605343866000000,"epochNanos":1738605403882000000,"attributes":{"data":[],"empty":true},"value":1}],"monotonic":true,"aggregationTemporality":"DELTA"}},{"name":"VFS.contentStorage.recordsRead","description":"","unit":"","type":"LONG_SUM","data":{"points":[{"startEpochNanos":1738605343866000000,"epochNanos":1738605403882000000,"attributes":{"data":[],"empty":true},"value":0}],"monotonic":true,"aggregationTemporality":"DELTA"}},{"name":"VFS.fileByIdCache.hits","description":"","unit":"","type":"LONG_SUM","data":{"points":[{"startEpochNanos":1738605343866000000,"epochNanos":1738605403882000000,"attributes":{"data":[],"empty":true},"value":0}],"monotonic":true,"aggregationTemporality":"DELTA"}},{"name":"VFS.contentStorage.recordsDeduplicated","description":"","unit":"","type":"LONG_SUM","data":{"points":[{"startEpochNanos":1738605343866000000,"epochNanos":1738605403882000000,"attributes":{"data":[],"empty":true},"value":0}],"monotonic":true,"aggregationTemporality":"DELTA"}},{"name":"VFS.invertedFileNameIndex.requests","description":"","unit":"","type":"LONG_SUM","data":{"points":[{"startEpochNanos":1738605343866000000,"epochNanos":1738605403882000000,"attributes":{"data":[],"empty":true},"value":0}],"monotonic":true,"aggregationTemporality":"DELTA"}},{"name":"VFS.contentStorage.recordsDecompressionTimeUs","description":"","unit":"","type":"LONG_SUM","data":{"points":[{"startEpochNanos":1738605343866000000,"epochNanos":1738605403882000000,"attributes":{"data":[],"empty":true},"value":0}],"monotonic":true,"aggregationTemporality":"DELTA"}},{"name":"VFS.fileChildByName","description":"","unit":"","type":"LONG_SUM","data":{"points":[{"startEpochNanos":1738605343866000000,"epochNanos":1738605403882000000,"attributes":{"data":[],"empty":true},"value":0}],"monotonic":true,"aggregationTemporality":"DELTA"}},{"name":"VFS.contentStorage.recordsReadSize","description":"","unit":"","type":"LONG_SUM","data":{"points":[{"startEpochNanos":1738605343866000000,"epochNanos":1738605403882000000,"attributes":{"data":[],"empty":true},"value":0}],"monotonic":true,"aggregationTemporality":"DELTA"}},{"name":"VFS.contentStorage.recordsUncompressedSize","description":"","unit":"","type":"LONG_SUM","data":{"points":[{"startEpochNanos":1738605343866000000,"epochNanos":1738605403882000000,"attributes":{"data":[],"empty":true},"value":0}],"monotonic":true,"aggregationTemporality":"DELTA"}},{"name":"VFS.contentStorage.recordsStoredCompressed","description":"","unit":"","type":"LONG_SUM","data":{"points":[{"startEpochNanos":1738605343866000000,"epochNanos":1738605403882000000,"attributes":{"data":[],"empty":true},"value":0}],"monotonic":true,"aggregationTemporality":"DELTA"}},{"name":"FileNameCache.totalMisses","description":"","unit":"","type":"LONG_SUM","data":{"points":[{"startEpochNanos":1738605343866000000,"epochNanos":1738605403882000000,"attributes":{"data":[],"empty":true},"value":0}],"monotonic":true,"aggregationTemporality":"DELTA"}},{"name":"VFS.contentStorage.recordsReadDecompressed","description":"","unit":"","type":"LONG_SUM","data":{"points":[{"startEpochNanos":1738605343866000000,"epochNanos":1738605403882000000,"attributes":{"data":[],"empty":true},"value":0}],"monotonic":true,"aggregationTemporality":"DELTA"}},{"name":"VFS.contentStorage.recordsStored","description":"","unit":"","type":"LONG_SUM","data":{"points":[{"startEpochNanos":1738605343866000000,"epochNanos":1738605403882000000,"attributes":{"data":[],"empty":true},"value":0}],"monotonic":true,"aggregationTemporality":"DELTA"}},{"name":"VFS.fileByIdCache.misses","description":"","unit":"","type":"LONG_SUM","data":{"points":[{"startEpochNanos":1738605343866000000,"epochNanos":1738605403882000000,"attributes":{"data":[],"empty":true},"value":0}],"monotonic":true,"aggregationTemporality":"DELTA"}},{"name":"FileNameCache.queries","description":"","unit":"","type":"LONG_SUM","data":{"points":[{"startEpochNanos":1738605343866000000,"epochNanos":1738605403882000000,"attributes":{"data":[],"empty":true},"value":0}],"monotonic":true,"aggregationTemporality":"DELTA"}},{"name":"VFS.contentStorage.recordsStoredSize","description":"","unit":"","type":"LONG_SUM","data":{"points":[{"startEpochNanos":1738605343866000000,"epochNanos":1738605403882000000,"attributes":{"data":[],"empty":true},"value":0}],"monotonic":true,"aggregationTemporality":"DELTA"}}]