[{"name":"workspaceModel.entityStorageSnapshotImpl.instances.count","description":"","unit":"","type":"LONG_SUM","data":{"points":[{"startEpochNanos":1738604615883000000,"epochNanos":1738604632301000000,"attributes":{"data":[],"empty":true},"value":2}],"monotonic":true,"aggregationTemporality":"DELTA"}},{"name":"FilePageCache.pageLoads","description":"","unit":"","type":"LONG_SUM","data":{"points":[{"startEpochNanos":1738604615883000000,"epochNanos":1738604632301000000,"attributes":{"data":[],"empty":true},"value":0}],"monotonic":true,"aggregationTemporality":"DELTA"}},{"name":"FilePageCache.pageFastCacheHits","description":"","unit":"","type":"LONG_SUM","data":{"points":[{"startEpochNanos":1738604615883000000,"epochNanos":1738604632301000000,"attributes":{"data":[],"empty":true},"value":0}],"monotonic":true,"aggregationTemporality":"DELTA"}},{"name":"DirectByteBufferAllocator.disposed","description":"","unit":"","type":"LONG_SUM","data":{"points":[{"startEpochNanos":1738604615883000000,"epochNanos":1738604632301000000,"attributes":{"data":[],"empty":true},"value":0}],"monotonic":true,"aggregationTemporality":"DELTA"}},{"name":"FilePageCache.maxCacheSizeInBytes","description":"Max size of all cached pages observed since application start","unit":"bytes","type":"LONG_GAUGE","data":{"points":[{"startEpochNanos":1738604615883000000,"epochNanos":1738604632301000000,"attributes":{"data":[],"empty":true},"value":1048576}]}},{"name":"FilePageCache.disposedBuffers","description":"","unit":"","type":"LONG_SUM","data":{"points":[{"startEpochNanos":1738604615883000000,"epochNanos":1738604632301000000,"attributes":{"data":[],"empty":true},"value":1}],"monotonic":true,"aggregationTemporality":"DELTA"}},{"name":"FilePageCache.maxRegisteredFiles","description":"","unit":"","type":"LONG_GAUGE","data":{"points":[{"startEpochNanos":1738604615883000000,"epochNanos":1738604632301000000,"attributes":{"data":[],"empty":true},"value":3}]}},{"name":"FilePageCache.totalPageLoadsUs","description":"","unit":"us","type":"LONG_SUM","data":{"points":[{"startEpochNanos":1738604615883000000,"epochNanos":1738604632301000000,"attributes":{"data":[],"empty":true},"value":0}],"monotonic":true,"aggregationTemporality":"DELTA"}},{"name":"StorageLockContext.competingThreads.90P","description":"","unit":"","type":"LONG_GAUGE","data":{"points":[{"startEpochNanos":1738604615883000000,"epochNanos":1738604632301000000,"attributes":{"data":[],"empty":true},"value":0}]}},{"name":"DirectByteBufferAllocator.totalSizeOfBuffersAllocatedInBytes","description":"","unit":"bytes","type":"LONG_GAUGE","data":{"points":[{"startEpochNanos":1738604615883000000,"epochNanos":1738604632301000000,"attributes":{"data":[],"empty":true},"value":1048576}]}},{"name":"FilePageCache.uncachedFileAccess","description":"","unit":"","type":"LONG_SUM","data":{"points":[{"startEpochNanos":1738604615883000000,"epochNanos":1738604632301000000,"attributes":{"data":[],"empty":true},"value":0}],"monotonic":true,"aggregationTemporality":"DELTA"}},{"name":"StorageLockContext.competingThreads.avg","description":"","unit":"","type":"DOUBLE_GAUGE","data":{"points":[{"startEpochNanos":1738604615883000000,"epochNanos":1738604632301000000,"attributes":{"data":[],"empty":true},"value":0.0}]}},{"name":"FileChannelInterruptsRetryer.totalRetriedAttempts","description":"","unit":"","type":"LONG_SUM","data":{"points":[{"startEpochNanos":1738604615883000000,"epochNanos":1738604632301000000,"attributes":{"data":[],"empty":true},"value":0}],"monotonic":true,"aggregationTemporality":"DELTA"}},{"name":"FilePageCache.capacityInBytes","description":"Cache capacity, configured on application startup","unit":"bytes","type":"LONG_GAUGE","data":{"points":[{"startEpochNanos":1738604615883000000,"epochNanos":1738604632301000000,"attributes":{"data":[],"empty":true},"value":629145600}]}},{"name":"StorageLockContext.competingThreads.max","description":"","unit":"","type":"LONG_GAUGE","data":{"points":[{"startEpochNanos":1738604615883000000,"epochNanos":1738604632301000000,"attributes":{"data":[],"empty":true},"value":0}]}},{"name":"DirectByteBufferAllocator.reclaimed","description":"","unit":"","type":"LONG_SUM","data":{"points":[{"startEpochNanos":1738604615883000000,"epochNanos":1738604632301000000,"attributes":{"data":[],"empty":true},"value":1}],"monotonic":true,"aggregationTemporality":"DELTA"}},{"name":"DirectByteBufferAllocator.misses","description":"","unit":"","type":"LONG_SUM","data":{"points":[{"startEpochNanos":1738604615883000000,"epochNanos":1738604632301000000,"attributes":{"data":[],"empty":true},"value":0}],"monotonic":true,"aggregationTemporality":"DELTA"}},{"name":"FilePageCache.totalPageDisposalsUs","description":"","unit":"us","type":"LONG_SUM","data":{"points":[{"startEpochNanos":1738604615883000000,"epochNanos":1738604632301000000,"attributes":{"data":[],"empty":true},"value":0}],"monotonic":true,"aggregationTemporality":"DELTA"}},{"name":"FilePageCache.pageHits","description":"","unit":"","type":"LONG_SUM","data":{"points":[{"startEpochNanos":1738604615883000000,"epochNanos":1738604632301000000,"attributes":{"data":[],"empty":true},"value":0}],"monotonic":true,"aggregationTemporality":"DELTA"}},{"name":"DirectByteBufferAllocator.hits","description":"","unit":"","type":"LONG_SUM","data":{"points":[{"startEpochNanos":1738604615883000000,"epochNanos":1738604632301000000,"attributes":{"data":[],"empty":true},"value":0}],"monotonic":true,"aggregationTemporality":"DELTA"}},{"name":"FilePageCache.pageLoadsAboveSizeThreshold","description":"","unit":"","type":"LONG_SUM","data":{"points":[{"startEpochNanos":1738604615883000000,"epochNanos":1738604632301000000,"attributes":{"data":[],"empty":true},"value":0}],"monotonic":true,"aggregationTemporality":"DELTA"}},{"name":"DirectByteBufferAllocator.totalSizeOfBuffersCachedInBytes","description":"","unit":"bytes","type":"LONG_GAUGE","data":{"points":[{"startEpochNanos":1738604615883000000,"epochNanos":1738604632301000000,"attributes":{"data":[],"empty":true},"value":1048576}]}},{"name":"VFS.invertedFileNameIndex.requests","description":"","unit":"","type":"LONG_SUM","data":{"points":[{"startEpochNanos":1738604615883000000,"epochNanos":1738604632301000000,"attributes":{"data":[],"empty":true},"value":0}],"monotonic":true,"aggregationTemporality":"DELTA"}},{"name":"VFS.fileChildByName","description":"","unit":"","type":"LONG_SUM","data":{"points":[{"startEpochNanos":1738604615883000000,"epochNanos":1738604632301000000,"attributes":{"data":[],"empty":true},"value":0}],"monotonic":true,"aggregationTemporality":"DELTA"}},{"name":"VFS.fileByIdCache.hits","description":"","unit":"","type":"LONG_SUM","data":{"points":[{"startEpochNanos":1738604615883000000,"epochNanos":1738604632301000000,"attributes":{"data":[],"empty":true},"value":0}],"monotonic":true,"aggregationTemporality":"DELTA"}},{"name":"VFS.fileByIdCache.misses","description":"","unit":"","type":"LONG_SUM","data":{"points":[{"startEpochNanos":1738604615883000000,"epochNanos":1738604632301000000,"attributes":{"data":[],"empty":true},"value":0}],"monotonic":true,"aggregationTemporality":"DELTA"}},{"name":"workspaceModel.mutableEntityStorage.mutable.vfurl.index.ms","description":"","unit":"","type":"LONG_SUM","data":{"points":[{"startEpochNanos":1738604615883000000,"epochNanos":1738604632301000000,"attributes":{"data":[],"empty":true},"value":0}],"monotonic":true,"aggregationTemporality":"DELTA"}},{"name":"workspaceModel.mutableEntityStorage.mutable.ext.mapping.ms","description":"","unit":"","type":"LONG_SUM","data":{"points":[{"startEpochNanos":1738604615883000000,"epochNanos":1738604632301000000,"attributes":{"data":[],"empty":true},"value":0}],"monotonic":true,"aggregationTemporality":"DELTA"}},{"name":"jps.global.initialize.library.bridges.after.loading.ms","description":"","unit":"","type":"LONG_SUM","data":{"points":[{"startEpochNanos":1738604615883000000,"epochNanos":1738604632301000000,"attributes":{"data":[],"empty":true},"value":5}],"monotonic":true,"aggregationTemporality":"DELTA"}},{"name":"workspaceModel.mutableEntityStorage.entities.by.source.ms","description":"","unit":"","type":"LONG_SUM","data":{"points":[{"startEpochNanos":1738604615883000000,"epochNanos":1738604632301000000,"attributes":{"data":[],"empty":true},"value":0}],"monotonic":true,"aggregationTemporality":"DELTA"}},{"name":"jps.global.initialize.library.bridges.ms","description":"","unit":"","type":"LONG_SUM","data":{"points":[{"startEpochNanos":1738604615883000000,"epochNanos":1738604632301000000,"attributes":{"data":[],"empty":true},"value":0}],"monotonic":true,"aggregationTemporality":"DELTA"}},{"name":"jps.app.storage.content.writer.save.component.ms","description":"","unit":"","type":"LONG_SUM","data":{"points":[{"startEpochNanos":1738604615883000000,"epochNanos":1738604632301000000,"attributes":{"data":[],"empty":true},"value":2}],"monotonic":true,"aggregationTemporality":"DELTA"}},{"name":"workspaceModel.global.apply.state.to.project.builder.ms","description":"","unit":"","type":"LONG_SUM","data":{"points":[{"startEpochNanos":1738604615883000000,"epochNanos":1738604632301000000,"attributes":{"data":[],"empty":true},"value":0}],"monotonic":true,"aggregationTemporality":"DELTA"}},{"name":"workspaceModel.global.apply.state.to.project.ms","description":"","unit":"","type":"LONG_SUM","data":{"points":[{"startEpochNanos":1738604615883000000,"epochNanos":1738604632301000000,"attributes":{"data":[],"empty":true},"value":0}],"monotonic":true,"aggregationTemporality":"DELTA"}},{"name":"workspaceModel.sync.entities.ms","description":"","unit":"","type":"LONG_SUM","data":{"points":[{"startEpochNanos":1738604615883000000,"epochNanos":1738604632301000000,"attributes":{"data":[],"empty":true},"value":0}],"monotonic":true,"aggregationTemporality":"DELTA"}},{"name":"workspaceModel.load.cache.metadata.from.file.ms","description":"","unit":"","type":"LONG_SUM","data":{"points":[{"startEpochNanos":1738604615883000000,"epochNanos":1738604632301000000,"attributes":{"data":[],"empty":true},"value":0}],"monotonic":true,"aggregationTemporality":"DELTA"}},{"name":"workspaceModel.mutableEntityStorage.changeLog.addReplaceEventForNewParent.ms","description":"","unit":"","type":"LONG_SUM","data":{"points":[{"startEpochNanos":1738604615883000000,"epochNanos":1738604632301000000,"attributes":{"data":[],"empty":true},"value":0}],"monotonic":true,"aggregationTemporality":"DELTA"}},{"name":"workspaceModel.mutableEntityStorage.resolve.ms","description":"","unit":"","type":"LONG_SUM","data":{"points":[{"startEpochNanos":1738604615883000000,"epochNanos":1738604632301000000,"attributes":{"data":[],"empty":true},"value":0}],"monotonic":true,"aggregationTemporality":"DELTA"}},{"name":"workspaceModel.global.updates.ms","description":"","unit":"","type":"LONG_SUM","data":{"points":[{"startEpochNanos":1738604615883000000,"epochNanos":1738604632301000000,"attributes":{"data":[],"empty":true},"value":0}],"monotonic":true,"aggregationTemporality":"DELTA"}},{"name":"workspaceModel.global.updates.count","description":"","unit":"","type":"LONG_SUM","data":{"points":[{"startEpochNanos":1738604615883000000,"epochNanos":1738604632301000000,"attributes":{"data":[],"empty":true},"value":0}],"monotonic":true,"aggregationTemporality":"DELTA"}},{"name":"workspaceModel.mutableEntityStorage.put.entity.ms","description":"","unit":"","type":"LONG_SUM","data":{"points":[{"startEpochNanos":1738604615883000000,"epochNanos":1738604632301000000,"attributes":{"data":[],"empty":true},"value":0}],"monotonic":true,"aggregationTemporality":"DELTA"}},{"name":"workspaceModel.mutableEntityStorage.referrers.ms","description":"","unit":"","type":"LONG_SUM","data":{"points":[{"startEpochNanos":1738604615883000000,"epochNanos":1738604632301000000,"attributes":{"data":[],"empty":true},"value":0}],"monotonic":true,"aggregationTemporality":"DELTA"}},{"name":"workspaceModel.mutableEntityStorage.to.snapshot.ms","description":"","unit":"","type":"LONG_SUM","data":{"points":[{"startEpochNanos":1738604615883000000,"epochNanos":1738604632301000000,"attributes":{"data":[],"empty":true},"value":1}],"monotonic":true,"aggregationTemporality":"DELTA"}},{"name":"workspaceModel.mutableEntityStorage.modify.entity.ms","description":"","unit":"","type":"LONG_SUM","data":{"points":[{"startEpochNanos":1738604615883000000,"epochNanos":1738604632301000000,"attributes":{"data":[],"empty":true},"value":0}],"monotonic":true,"aggregationTemporality":"DELTA"}},{"name":"workspaceModel.mutableEntityStorage.changeLog.addReplaceEventForRemovedChild.ms","description":"","unit":"","type":"LONG_SUM","data":{"points":[{"startEpochNanos":1738604615883000000,"epochNanos":1738604632301000000,"attributes":{"data":[],"empty":true},"value":0}],"monotonic":true,"aggregationTemporality":"DELTA"}},{"name":"jps.library.entities.serializer.load.entities.ms","description":"","unit":"","type":"LONG_SUM","data":{"points":[{"startEpochNanos":1738604615883000000,"epochNanos":1738604632301000000,"attributes":{"data":[],"empty":true},"value":1}],"monotonic":true,"aggregationTemporality":"DELTA"}},{"name":"jps.global.get.libraries.ms","description":"","unit":"","type":"LONG_SUM","data":{"points":[{"startEpochNanos":1738604615883000000,"epochNanos":1738604632301000000,"attributes":{"data":[],"empty":true},"value":0}],"monotonic":true,"aggregationTemporality":"DELTA"}},{"name":"workspaceModel.mutableEntityStorage.changeLog.addReplaceEventForRemovedParent.ms","description":"","unit":"","type":"LONG_SUM","data":{"points":[{"startEpochNanos":1738604615883000000,"epochNanos":1738604632301000000,"attributes":{"data":[],"empty":true},"value":0}],"monotonic":true,"aggregationTemporality":"DELTA"}},{"name":"jps.global.get.library.ms","description":"","unit":"","type":"LONG_SUM","data":{"points":[{"startEpochNanos":1738604615883000000,"epochNanos":1738604632301000000,"attributes":{"data":[],"empty":true},"value":0}],"monotonic":true,"aggregationTemporality":"DELTA"}},{"name":"jps.load.initial.state.ms","description":"","unit":"","type":"LONG_SUM","data":{"points":[{"startEpochNanos":1738604615883000000,"epochNanos":1738604632301000000,"attributes":{"data":[],"empty":true},"value":28}],"monotonic":true,"aggregationTemporality":"DELTA"}},{"name":"workspaceModel.mutableEntityStorage.has.same.entities.ms","description":"","unit":"","type":"LONG_SUM","data":{"points":[{"startEpochNanos":1738604615883000000,"epochNanos":1738604632301000000,"attributes":{"data":[],"empty":true},"value":0}],"monotonic":true,"aggregationTemporality":"DELTA"}},{"name":"jps.global.get.library.by.name.ms","description":"","unit":"","type":"LONG_SUM","data":{"points":[{"startEpochNanos":1738604615883000000,"epochNanos":1738604632301000000,"attributes":{"data":[],"empty":true},"value":0}],"monotonic":true,"aggregationTemporality":"DELTA"}},{"name":"workspaceModel.load.cache.from.file.ms","description":"","unit":"","type":"LONG_SUM","data":{"points":[{"startEpochNanos":1738604615883000000,"epochNanos":1738604632301000000,"attributes":{"data":[],"empty":true},"value":0}],"monotonic":true,"aggregationTemporality":"DELTA"}},{"name":"jps.save.global.entities.ms","description":"","unit":"","type":"LONG_SUM","data":{"points":[{"startEpochNanos":1738604615883000000,"epochNanos":1738604632301000000,"attributes":{"data":[],"empty":true},"value":95}],"monotonic":true,"aggregationTemporality":"DELTA"}},{"name":"workspaceModel.mutableEntityStorage.apply.changes.from.ms","description":"","unit":"","type":"LONG_SUM","data":{"points":[{"startEpochNanos":1738604615883000000,"epochNanos":1738604632301000000,"attributes":{"data":[],"empty":true},"value":0}],"monotonic":true,"aggregationTemporality":"DELTA"}},{"name":"jps.library.entities.serializer.save.entities.ms","description":"","unit":"","type":"LONG_SUM","data":{"points":[{"startEpochNanos":1738604615883000000,"epochNanos":1738604632301000000,"attributes":{"data":[],"empty":true},"value":0}],"monotonic":true,"aggregationTemporality":"DELTA"}},{"name":"jps.app.storage.content.reader.load.component.ms","description":"","unit":"","type":"LONG_SUM","data":{"points":[{"startEpochNanos":1738604615883000000,"epochNanos":1738604632301000000,"attributes":{"data":[],"empty":true},"value":2}],"monotonic":true,"aggregationTemporality":"DELTA"}},{"name":"workspaceModel.mutableEntityStorage.entities.ms","description":"","unit":"","type":"LONG_SUM","data":{"points":[{"startEpochNanos":1738604615883000000,"epochNanos":1738604632301000000,"attributes":{"data":[],"empty":true},"value":3}],"monotonic":true,"aggregationTemporality":"DELTA"}},{"name":"jps.global.handle.changed.events.ms","description":"","unit":"","type":"LONG_SUM","data":{"points":[{"startEpochNanos":1738604615883000000,"epochNanos":1738604632301000000,"attributes":{"data":[],"empty":true},"value":0}],"monotonic":true,"aggregationTemporality":"DELTA"}},{"name":"workspaceModel.mutableEntityStorage.collect.changes.ms","description":"","unit":"","type":"LONG_SUM","data":{"points":[{"startEpochNanos":1738604615883000000,"epochNanos":1738604632301000000,"attributes":{"data":[],"empty":true},"value":0}],"monotonic":true,"aggregationTemporality":"DELTA"}},{"name":"workspaceModel.save.cache.to.file.ms","description":"","unit":"","type":"LONG_SUM","data":{"points":[{"startEpochNanos":1738604615883000000,"epochNanos":1738604632301000000,"attributes":{"data":[],"empty":true},"value":0}],"monotonic":true,"aggregationTemporality":"DELTA"}},{"name":"workspaceModel.mutableEntityStorage.remove.entity.ms","description":"","unit":"","type":"LONG_SUM","data":{"points":[{"startEpochNanos":1738604615883000000,"epochNanos":1738604632301000000,"attributes":{"data":[],"empty":true},"value":0}],"monotonic":true,"aggregationTemporality":"DELTA"}},{"name":"workspaceModel.mutableEntityStorage.changeLog.addReplaceEventForNewChild.ms","description":"","unit":"","type":"LONG_SUM","data":{"points":[{"startEpochNanos":1738604615883000000,"epochNanos":1738604632301000000,"attributes":{"data":[],"empty":true},"value":0}],"monotonic":true,"aggregationTemporality":"DELTA"}},{"name":"workspaceModel.mutableEntityStorage.replace.by.source.ms","description":"","unit":"","type":"LONG_SUM","data":{"points":[{"startEpochNanos":1738604615883000000,"epochNanos":1738604632301000000,"attributes":{"data":[],"empty":true},"value":0}],"monotonic":true,"aggregationTemporality":"DELTA"}},{"name":"workspaceModel.mutableEntityStorage.instances.count","description":"","unit":"","type":"LONG_SUM","data":{"points":[{"startEpochNanos":1738604615883000000,"epochNanos":1738604632301000000,"attributes":{"data":[],"empty":true},"value":1}],"monotonic":true,"aggregationTemporality":"DELTA"}},{"name":"workspaceModel.mutableEntityStorage.add.entity.ms","description":"","unit":"","type":"LONG_SUM","data":{"points":[{"startEpochNanos":1738604615883000000,"epochNanos":1738604632301000000,"attributes":{"data":[],"empty":true},"value":0}],"monotonic":true,"aggregationTemporality":"DELTA"}},{"name":"jps.global.handle.before.change.events.ms","description":"","unit":"","type":"LONG_SUM","data":{"points":[{"startEpochNanos":1738604615883000000,"epochNanos":1738604632301000000,"attributes":{"data":[],"empty":true},"value":0}],"monotonic":true,"aggregationTemporality":"DELTA"}},{"name":"AWTEventQueue.dispatchTimeTotalNS","description":"","unit":"ns","type":"LONG_SUM","data":{"points":[{"startEpochNanos":1738604615883000000,"epochNanos":1738604632301000000,"attributes":{"data":[],"empty":true},"value":314941467}],"monotonic":true,"aggregationTemporality":"DELTA"}},{"name":"cacheStateStorage.get.counter","description":"","unit":"","type":"LONG_SUM","data":{"points":[{"startEpochNanos":1738604615883000000,"epochNanos":1738604632301000000,"attributes":{"data":[],"empty":true},"value":0}],"monotonic":true,"aggregationTemporality":"DELTA"}},{"name":"cacheStateStorage.set.duration","description":"","unit":"","type":"LONG_SUM","data":{"points":[{"startEpochNanos":1738604615883000000,"epochNanos":1738604632301000000,"attributes":{"data":[],"empty":true},"value":12}],"monotonic":true,"aggregationTemporality":"DELTA"}},{"name":"cacheStateStorage.set.counter","description":"","unit":"","type":"LONG_SUM","data":{"points":[{"startEpochNanos":1738604615883000000,"epochNanos":1738604632301000000,"attributes":{"data":[],"empty":true},"value":5}],"monotonic":true,"aggregationTemporality":"DELTA"}},{"name":"cacheStateStorage.get.duration","description":"","unit":"","type":"LONG_SUM","data":{"points":[{"startEpochNanos":1738604615883000000,"epochNanos":1738604632301000000,"attributes":{"data":[],"empty":true},"value":0}],"monotonic":true,"aggregationTemporality":"DELTA"}},{"name":"writeAction.max.wait.ms","description":"Max time waiting for the write lock","unit":"ms","type":"LONG_GAUGE","data":{"points":[{"startEpochNanos":1738604615883000000,"epochNanos":1738604632301000000,"attributes":{"data":[],"empty":true},"value":3}]}},{"name":"DiskQueryRelay.tasksExecuted","description":"","unit":"","type":"LONG_SUM","data":{"points":[{"startEpochNanos":1738604615883000000,"epochNanos":1738604632301000000,"attributes":{"data":[],"empty":true},"value":0}],"monotonic":true,"aggregationTemporality":"DELTA"}},{"name":"writeAction.wait.ms","description":"Total time waiting for the write lock","unit":"ms","type":"LONG_SUM","data":{"points":[{"startEpochNanos":1738604615883000000,"epochNanos":1738604632301000000,"attributes":{"data":[],"empty":true},"value":0}],"monotonic":true,"aggregationTemporality":"DELTA"}},{"name":"writeAction.count","description":"Number of write actions run","unit":"","type":"LONG_SUM","data":{"points":[{"startEpochNanos":1738604615883000000,"epochNanos":1738604632301000000,"attributes":{"data":[],"empty":true},"value":1}],"monotonic":true,"aggregationTemporality":"DELTA"}},{"name":"DiskQueryRelay.tasksRequested","description":"","unit":"","type":"LONG_SUM","data":{"points":[{"startEpochNanos":1738604615883000000,"epochNanos":1738604632301000000,"attributes":{"data":[],"empty":true},"value":0}],"monotonic":true,"aggregationTemporality":"DELTA"}},{"name":"DiskQueryRelay.taskWaitingTotalTimeUs","description":"","unit":"","type":"LONG_SUM","data":{"points":[{"startEpochNanos":1738604615883000000,"epochNanos":1738604632301000000,"attributes":{"data":[],"empty":true},"value":0}],"monotonic":true,"aggregationTemporality":"DELTA"}},{"name":"writeAction.median.wait.ms","description":"Median time waiting for the write lock, step 100 ms","unit":"ms","type":"LONG_GAUGE","data":{"points":[{"startEpochNanos":1738604615883000000,"epochNanos":1738604632301000000,"attributes":{"data":[],"empty":true},"value":0}]}},{"name":"DiskQueryRelay.taskExecutionTotalTimeUs","description":"","unit":"","type":"LONG_SUM","data":{"points":[{"startEpochNanos":1738604615883000000,"epochNanos":1738604632301000000,"attributes":{"data":[],"empty":true},"value":0}],"monotonic":true,"aggregationTemporality":"DELTA"}},{"name":"Indexing.writer_3.totalTimeSpentWritingMs","description":"","unit":"","type":"LONG_SUM","data":{"points":[{"startEpochNanos":1738604615883000000,"epochNanos":1738604632301000000,"attributes":{"data":[],"empty":true},"value":0}],"monotonic":true,"aggregationTemporality":"DELTA"}},{"name":"Indexing.totalTimeIndexersSleptMs","description":"","unit":"","type":"LONG_SUM","data":{"points":[{"startEpochNanos":1738604615883000000,"epochNanos":1738604632301000000,"attributes":{"data":[],"empty":true},"value":0}],"monotonic":true,"aggregationTemporality":"DELTA"}},{"name":"Indexing.writer_2.totalTimeSpentWritingMs","description":"","unit":"","type":"LONG_SUM","data":{"points":[{"startEpochNanos":1738604615883000000,"epochNanos":1738604632301000000,"attributes":{"data":[],"empty":true},"value":0}],"monotonic":true,"aggregationTemporality":"DELTA"}},{"name":"Indexing.cache.totalCacheMisses","description":"","unit":"","type":"LONG_SUM","data":{"points":[{"startEpochNanos":1738604615883000000,"epochNanos":1738604632301000000,"attributes":{"data":[],"empty":true},"value":0}],"monotonic":true,"aggregationTemporality":"DELTA"}},{"name":"Indexing.writesQueuedMin","description":"","unit":"","type":"LONG_GAUGE","data":{"points":[{"startEpochNanos":1738604615883000000,"epochNanos":1738604632301000000,"attributes":{"data":[],"empty":true},"value":9223372036854775807}]}},{"name":"Indexing.cache.totalCacheEvicted","description":"","unit":"","type":"LONG_SUM","data":{"points":[{"startEpochNanos":1738604615883000000,"epochNanos":1738604632301000000,"attributes":{"data":[],"empty":true},"value":0}],"monotonic":true,"aggregationTemporality":"DELTA"}},{"name":"Indexing.cache.totalCacheAccesses","description":"","unit":"","type":"LONG_SUM","data":{"points":[{"startEpochNanos":1738604615883000000,"epochNanos":1738604632301000000,"attributes":{"data":[],"empty":true},"value":0}],"monotonic":true,"aggregationTemporality":"DELTA"}},{"name":"Indexing.writesQueuedMax","description":"","unit":"","type":"LONG_GAUGE","data":{"points":[{"startEpochNanos":1738604615883000000,"epochNanos":1738604632301000000,"attributes":{"data":[],"empty":true},"value":0}]}},{"name":"Indexing.writer_1.totalTimeSpentWritingMs","description":"","unit":"","type":"LONG_SUM","data":{"points":[{"startEpochNanos":1738604615883000000,"epochNanos":1738604632301000000,"attributes":{"data":[],"empty":true},"value":0}],"monotonic":true,"aggregationTemporality":"DELTA"}},{"name":"Indexing.writer_0.totalTimeSpentWritingMs","description":"","unit":"","type":"LONG_SUM","data":{"points":[{"startEpochNanos":1738604615883000000,"epochNanos":1738604632301000000,"attributes":{"data":[],"empty":true},"value":0}],"monotonic":true,"aggregationTemporality":"DELTA"}}]