# OpenTelemetry Metrics report: .csv, 4 fields: 
# <metric name>, <period start, nanoseconds>, <period end, nanoseconds>, <metric value>
# See CsvMetricsExporter for details.
# 
# NAME, PERIOD_START_NANOS, PERIOD_END_NANOS, VALUE
rdct.CountingByteChannel.writeBytesRate.project.1,1738604435853000000,1738604495874000000,28067
rdct.CountingByteChannel.readBytesRate.project.1,1738604435853000000,1738604495874000000,1401272
rdct.TransportWrapperImpl.receivedFrames.project.1,1738604435853000000,1738604495874000000,178
lux.LuxRendererStatistics.LxFontStateChange.calls,1738604435853000000,1738604495874000000,66
lux.LuxRendererStatistics.LxCachedImage.calls,1738604435853000000,1738604495874000000,18
lux.LuxRendererStatistics.LxDrawImageCommand.calls,1738604435853000000,1738604495874000000,20
lux.LuxRendererStatistics.LxDrawTextCommand.size,1738604435853000000,1738604495874000000,2818
lux.LuxRendererStatistics.LxPathShape.size,1738604435853000000,1738604495874000000,6889
lux.LuxRendererStatistics.LxDrawImageCommand.size,1738604435853000000,1738604495874000000,151
lux.LuxRendererStatistics.LxPathShape.calls,1738604435853000000,1738604495874000000,61
lux.LuxRendererStatistics.LxBackgroundColorStateChange.size,1738604435853000000,1738604495874000000,1
lux.LuxRendererStatistics.State_Changes.calls,1738604435853000000,1738604495874000000,888
lux.LuxRendererStatistics.LxAliasingStateChange.size,1738604435853000000,1738604495874000000,88
lux.LuxRendererStatistics.LxRectShape.size,1738604435853000000,1738604495874000000,1004
lux.LuxRendererStatistics.LxFillShapeCommand.size,1738604435853000000,1738604495874000000,7885
lux.LuxRendererStatistics.LxFontStateChange.size,1738604435853000000,1738604495874000000,66
lux.LuxRendererStatistics.Draw_Commands_List.size,1738604435853000000,1738604495874000000,13644
lux.LuxRendererStatistics.Operation_batch_flushes.size,1738604435853000000,1738604495874000000,397
lux.LuxRendererStatistics.LxAliasingStateChange.calls,1738604435853000000,1738604495874000000,88
lux.LuxRendererStatistics.LxRectShape.calls,1738604435853000000,1738604495874000000,251
lux.LuxRendererStatistics.Operation_batch_flushes.calls,1738604435853000000,1738604495874000000,22
lux.LuxRendererStatistics.LxCachedImage.size,1738604435853000000,1738604495874000000,18
lux.LuxRendererStatistics.LxPaintStateChange.calls,1738604435853000000,1738604495874000000,293
lux.LuxRendererStatistics.LxClipStateChange.size,1738604435853000000,1738604495874000000,596
lux.LuxRendererStatistics.LxBackgroundColorStateChange.calls,1738604435853000000,1738604495874000000,1
lux.LuxRendererStatistics.LxClipStateChange.calls,1738604435853000000,1738604495874000000,149
lux.LuxRendererStatistics.LxRoundRectShape.size,1738604435853000000,1738604495874000000,588
lux.LuxRendererStatistics.LxPaintStateChange.size,1738604435853000000,1738604495874000000,293
lux.LuxRendererStatistics.LxTransformStateChange.calls,1738604435853000000,1738604495874000000,291
lux.LuxRendererStatistics.LxRoundRectShape.calls,1738604435853000000,1738604495874000000,98
lux.LuxRendererStatistics.Draw_Commands_List.calls,1738604435853000000,1738604495874000000,397
lux.LuxRendererStatistics.LxCacheableImage.calls,1738604435853000000,1738604495874000000,2
lux.LuxRendererStatistics.LxCacheableImage.size,1738604435853000000,1738604495874000000,133
lux.LuxRendererStatistics.State_Changes.size,1738604435853000000,1738604495874000000,2790
lux.LuxRendererStatistics.LxFillShapeCommand.calls,1738604435853000000,1738604495874000000,261
lux.LuxRendererStatistics.LxDrawTextCommand.calls,1738604435853000000,1738604495874000000,116
lux.LuxRendererStatistics.LxTransformStateChange.size,1738604435853000000,1738604495874000000,1746
FilePageCache.pageLoads,1738604435853000000,1738604495874000000,1
StreamlinedBlobStorage.recordsRelocated,1738604435853000000,1738604495874000000,0
FilePageCache.pageFastCacheHits,1738604435853000000,1738604495874000000,68
DirectByteBufferAllocator.disposed,1738604435853000000,1738604495874000000,0
MappedFileStorage.storages,1738604435853000000,1738604495874000000,5
FilePageCache.maxCacheSizeInBytes,1738604435853000000,1738604495874000000,1048576
FilePageCache.disposedBuffers,1738604435853000000,1738604495874000000,0
FilePageCache.maxRegisteredFiles,1738604435853000000,1738604495874000000,3
StreamlinedBlobStorage.recordsDeleted,1738604435853000000,1738604495874000000,0
MappedFileStorage.totalTimeSpentOnMappingUs,1738604435853000000,1738604495874000000,1487853
FilePageCache.totalPageLoadsUs,1738604435853000000,1738604495874000000,31048
StorageLockContext.competingThreads.90P,1738604435853000000,1738604495874000000,0
MappedFileStorage.totalBytesMapped,1738604435853000000,1738604495874000000,160432128
DirectByteBufferAllocator.totalSizeOfBuffersAllocatedInBytes,1738604435853000000,1738604495874000000,1048576
FilePageCache.uncachedFileAccess,1738604435853000000,1738604495874000000,3
StorageLockContext.competingThreads.avg,1738604435853000000,1738604495874000000,0.0
StreamlinedBlobStorage.recordsAllocated,1738604435853000000,1738604495874000000,0
FileChannelInterruptsRetryer.totalRetriedAttempts,1738604435853000000,1738604495874000000,0
StreamlinedBlobStorage.totalLiveRecordsCapacityBytes,1738604435853000000,1738604495874000000,0
FilePageCache.capacityInBytes,1738604435853000000,1738604495874000000,629145600
StorageLockContext.competingThreads.max,1738604435853000000,1738604495874000000,0
DirectByteBufferAllocator.reclaimed,1738604435853000000,1738604495874000000,0
DirectByteBufferAllocator.misses,1738604435853000000,1738604495874000000,1
FilePageCache.totalPageDisposalsUs,1738604435853000000,1738604495874000000,27
FilePageCache.pageHits,1738604435853000000,1738604495874000000,0
DirectByteBufferAllocator.hits,1738604435853000000,1738604495874000000,0
StreamlinedBlobStorage.totalLiveRecordsPayloadBytes,1738604435853000000,1738604495874000000,0
MappedFileStorage.totalPagesMapped,1738604435853000000,1738604495874000000,5
FilePageCache.pageLoadsAboveSizeThreshold,1738604435853000000,1738604495874000000,0
DirectByteBufferAllocator.totalSizeOfBuffersCachedInBytes,1738604435853000000,1738604495874000000,0
VFS.contentStorage.recordsDecompressionTimeUs,1738604435853000000,1738604495874000000,0
VFS.contentStorage.recordsStoredCompressed,1738604435853000000,1738604495874000000,0
VFS.invertedFileNameIndex.requests,1738604435853000000,1738604495874000000,0
VFS.contentStorage.recordsReadDecompressed,1738604435853000000,1738604495874000000,0
FileNameCache.totalMisses,1738604435853000000,1738604495874000000,0
VFS.fileChildByName,1738604435853000000,1738604495874000000,0
VFS.fileByIdCache.hits,1738604435853000000,1738604495874000000,0
VFS.contentStorage.recordsUncompressedSize,1738604435853000000,1738604495874000000,0
VFS.contentStorage.recordsStoredSize,1738604435853000000,1738604495874000000,0
VFS.contentStorage.recordsStored,1738604435853000000,1738604495874000000,0
VFS.contentStorage.recordsDeduplicated,1738604435853000000,1738604495874000000,0
VFS.fileByIdCache.misses,1738604435853000000,1738604495874000000,0
VFS.contentStorage.recordsReadSize,1738604435853000000,1738604495874000000,0
FileNameCache.queries,1738604435853000000,1738604495874000000,0
VFS.contentStorage.recordsRead,1738604435853000000,1738604495874000000,0
FlushQueue.executionTimeAvgNs,1738604435853000000,1738604495874000000,3.699655840900563E7
FlushQueue.queueSize90P,1738604435853000000,1738604495874000000,1
FlushQueue.waitingTimeAvgNs,1738604435853000000,1738604495874000000,4.413089224765478E7
AWTEventQueue.dispatchTimeMaxNs,1738604435853000000,1738604495874000000,700448767
AWTEventQueue.dispatchTime90PNs,1738604435853000000,1738604495874000000,2686975
AWTEventQueue.eventsDispatched,1738604435853000000,1738604495874000000,963
FlushQueue.executionTime90PNs,1738604435853000000,1738604495874000000,1032191
FlushQueue.waitingTimeMaxNs,1738604435853000000,1738604495874000000,1291845631
FlushQueue.executionTimeMaxNs,1738604435853000000,1738604495874000000,16441671679
FlushQueue.tasksExecuted,1738604435853000000,1738604495874000000,533
FlushQueue.queueSizeMax,1738604435853000000,1738604495874000000,18
AWTEventQueue.dispatchTimeTotalNS,1738604435853000000,1738604495874000000,5195219024
FlushQueue.waitingTime90PNs,1738604435853000000,1738604495874000000,10813439
AWTEventQueue.dispatchTimeAvgNs,1738604435853000000,1738604495874000000,5397899.2980269985
FlushQueue.queueSizeAvg,1738604435853000000,1738604495874000000,0.799249530956848
cacheStateStorage.get.counter,1738604435853000000,1738604495874000000,5
cacheStateStorage.set.duration,1738604435853000000,1738604495874000000,0
cacheStateStorage.set.counter,1738604435853000000,1738604495874000000,0
cacheStateStorage.get.duration,1738604435853000000,1738604495874000000,0
DiskQueryRelay.tasksExecuted,1738604435853000000,1738604495874000000,0
DiskQueryRelay.tasksRequested,1738604435853000000,1738604495874000000,0
DiskQueryRelay.taskWaitingTotalTimeUs,1738604435853000000,1738604495874000000,0
DiskQueryRelay.taskExecutionTotalTimeUs,1738604435853000000,1738604495874000000,0
Indexing.writesQueuedAvg,1738604435853000000,1738604495874000000,0.0
Indexing.writer_3.totalTimeSpentWritingMs,1738604435853000000,1738604495874000000,0
Indexing.totalTimeIndexersSleptMs,1738604435853000000,1738604495874000000,0
Indexing.writer_2.totalTimeSpentWritingMs,1738604435853000000,1738604495874000000,0
Indexing.cache.totalCacheMisses,1738604435853000000,1738604495874000000,0
Indexing.writesQueuedMin,1738604435853000000,1738604495874000000,0
Indexing.cache.totalCacheEvicted,1738604435853000000,1738604495874000000,0
Indexing.cache.totalCacheAccesses,1738604435853000000,1738604495874000000,0
Indexing.writesQueuedMax,1738604435853000000,1738604495874000000,0
Indexing.writer_1.totalTimeSpentWritingMs,1738604435853000000,1738604495874000000,0
Indexing.writer_0.totalTimeSpentWritingMs,1738604435853000000,1738604495874000000,0
FilePageCache.pageLoads,1738604495874000000,1738604555873000000,0
StreamlinedBlobStorage.recordsRelocated,1738604495874000000,1738604555873000000,0
FilePageCache.pageFastCacheHits,1738604495874000000,1738604555873000000,0
DirectByteBufferAllocator.disposed,1738604495874000000,1738604555873000000,0
MappedFileStorage.storages,1738604495874000000,1738604555873000000,5
FilePageCache.maxCacheSizeInBytes,1738604495874000000,1738604555873000000,1048576
FilePageCache.disposedBuffers,1738604495874000000,1738604555873000000,0
FilePageCache.maxRegisteredFiles,1738604495874000000,1738604555873000000,3
StreamlinedBlobStorage.recordsDeleted,1738604495874000000,1738604555873000000,0
MappedFileStorage.totalTimeSpentOnMappingUs,1738604495874000000,1738604555873000000,1487853
FilePageCache.totalPageLoadsUs,1738604495874000000,1738604555873000000,0
StorageLockContext.competingThreads.90P,1738604495874000000,1738604555873000000,0
MappedFileStorage.totalBytesMapped,1738604495874000000,1738604555873000000,160432128
DirectByteBufferAllocator.totalSizeOfBuffersAllocatedInBytes,1738604495874000000,1738604555873000000,1048576
FilePageCache.uncachedFileAccess,1738604495874000000,1738604555873000000,0
StorageLockContext.competingThreads.avg,1738604495874000000,1738604555873000000,0.0
StreamlinedBlobStorage.recordsAllocated,1738604495874000000,1738604555873000000,0
FileChannelInterruptsRetryer.totalRetriedAttempts,1738604495874000000,1738604555873000000,0
StreamlinedBlobStorage.totalLiveRecordsCapacityBytes,1738604495874000000,1738604555873000000,0
FilePageCache.capacityInBytes,1738604495874000000,1738604555873000000,629145600
StorageLockContext.competingThreads.max,1738604495874000000,1738604555873000000,0
DirectByteBufferAllocator.reclaimed,1738604495874000000,1738604555873000000,0
DirectByteBufferAllocator.misses,1738604495874000000,1738604555873000000,0
FilePageCache.totalPageDisposalsUs,1738604495874000000,1738604555873000000,0
FilePageCache.pageHits,1738604495874000000,1738604555873000000,0
DirectByteBufferAllocator.hits,1738604495874000000,1738604555873000000,0
StreamlinedBlobStorage.totalLiveRecordsPayloadBytes,1738604495874000000,1738604555873000000,0
MappedFileStorage.totalPagesMapped,1738604495874000000,1738604555873000000,5
FilePageCache.pageLoadsAboveSizeThreshold,1738604495874000000,1738604555873000000,0
DirectByteBufferAllocator.totalSizeOfBuffersCachedInBytes,1738604495874000000,1738604555873000000,0
VFS.contentStorage.recordsDecompressionTimeUs,1738604495874000000,1738604555873000000,0
VFS.contentStorage.recordsStoredCompressed,1738604495874000000,1738604555873000000,0
VFS.invertedFileNameIndex.requests,1738604495874000000,1738604555873000000,0
VFS.contentStorage.recordsReadDecompressed,1738604495874000000,1738604555873000000,0
FileNameCache.totalMisses,1738604495874000000,1738604555873000000,0
VFS.fileChildByName,1738604495874000000,1738604555873000000,0
VFS.fileByIdCache.hits,1738604495874000000,1738604555873000000,0
VFS.contentStorage.recordsUncompressedSize,1738604495874000000,1738604555873000000,0
VFS.contentStorage.recordsStoredSize,1738604495874000000,1738604555873000000,0
VFS.contentStorage.recordsStored,1738604495874000000,1738604555873000000,0
VFS.contentStorage.recordsDeduplicated,1738604495874000000,1738604555873000000,0
VFS.fileByIdCache.misses,1738604495874000000,1738604555873000000,0
VFS.contentStorage.recordsReadSize,1738604495874000000,1738604555873000000,0
FileNameCache.queries,1738604495874000000,1738604555873000000,0
VFS.contentStorage.recordsRead,1738604495874000000,1738604555873000000,0
FlushQueue.executionTimeAvgNs,1738604495874000000,1738604555873000000,209537.7746967071
FlushQueue.queueSize90P,1738604495874000000,1738604555873000000,0
FlushQueue.waitingTimeAvgNs,1738604495874000000,1738604555873000000,357976.7348353553
AWTEventQueue.dispatchTimeMaxNs,1738604495874000000,1738604555873000000,4456447
AWTEventQueue.dispatchTime90PNs,1738604495874000000,1738604555873000000,897023
AWTEventQueue.eventsDispatched,1738604495874000000,1738604555873000000,1064
FlushQueue.executionTime90PNs,1738604495874000000,1738604555873000000,292863
FlushQueue.waitingTimeMaxNs,1738604495874000000,1738604555873000000,3129343
FlushQueue.executionTimeMaxNs,1738604495874000000,1738604555873000000,2621439
FlushQueue.tasksExecuted,1738604495874000000,1738604555873000000,577
FlushQueue.queueSizeMax,1738604495874000000,1738604555873000000,0
AWTEventQueue.dispatchTimeTotalNS,1738604495874000000,1738604555873000000,623536842
FlushQueue.waitingTime90PNs,1738604495874000000,1738604555873000000,444415
AWTEventQueue.dispatchTimeAvgNs,1738604495874000000,1738604555873000000,586056.1804511278
FlushQueue.queueSizeAvg,1738604495874000000,1738604555873000000,0.0
cacheStateStorage.get.counter,1738604495874000000,1738604555873000000,1
cacheStateStorage.set.duration,1738604495874000000,1738604555873000000,7
cacheStateStorage.set.counter,1738604495874000000,1738604555873000000,1
cacheStateStorage.get.duration,1738604495874000000,1738604555873000000,0
DiskQueryRelay.tasksExecuted,1738604495874000000,1738604555873000000,0
DiskQueryRelay.tasksRequested,1738604495874000000,1738604555873000000,0
DiskQueryRelay.taskWaitingTotalTimeUs,1738604495874000000,1738604555873000000,0
DiskQueryRelay.taskExecutionTotalTimeUs,1738604495874000000,1738604555873000000,0
Indexing.writesQueuedAvg,1738604495874000000,1738604555873000000,0.0
Indexing.writer_3.totalTimeSpentWritingMs,1738604495874000000,1738604555873000000,0
Indexing.totalTimeIndexersSleptMs,1738604495874000000,1738604555873000000,0
Indexing.writer_2.totalTimeSpentWritingMs,1738604495874000000,1738604555873000000,0
Indexing.cache.totalCacheMisses,1738604495874000000,1738604555873000000,0
Indexing.writesQueuedMin,1738604495874000000,1738604555873000000,0
Indexing.cache.totalCacheEvicted,1738604495874000000,1738604555873000000,0
Indexing.cache.totalCacheAccesses,1738604495874000000,1738604555873000000,0
Indexing.writesQueuedMax,1738604495874000000,1738604555873000000,0
Indexing.writer_1.totalTimeSpentWritingMs,1738604495874000000,1738604555873000000,0
Indexing.writer_0.totalTimeSpentWritingMs,1738604495874000000,1738604555873000000,0
FilePageCache.pageLoads,1738604555873000000,1738604615873000000,0
StreamlinedBlobStorage.recordsRelocated,1738604555873000000,1738604615873000000,0
FilePageCache.pageFastCacheHits,1738604555873000000,1738604615873000000,0
DirectByteBufferAllocator.disposed,1738604555873000000,1738604615873000000,0
MappedFileStorage.storages,1738604555873000000,1738604615873000000,5
FilePageCache.maxCacheSizeInBytes,1738604555873000000,1738604615873000000,1048576
FilePageCache.disposedBuffers,1738604555873000000,1738604615873000000,0
FilePageCache.maxRegisteredFiles,1738604555873000000,1738604615873000000,3
StreamlinedBlobStorage.recordsDeleted,1738604555873000000,1738604615873000000,0
MappedFileStorage.totalTimeSpentOnMappingUs,1738604555873000000,1738604615873000000,1487853
FilePageCache.totalPageLoadsUs,1738604555873000000,1738604615873000000,0
StorageLockContext.competingThreads.90P,1738604555873000000,1738604615873000000,0
MappedFileStorage.totalBytesMapped,1738604555873000000,1738604615873000000,160432128
DirectByteBufferAllocator.totalSizeOfBuffersAllocatedInBytes,1738604555873000000,1738604615873000000,1048576
FilePageCache.uncachedFileAccess,1738604555873000000,1738604615873000000,0
StorageLockContext.competingThreads.avg,1738604555873000000,1738604615873000000,0.0
StreamlinedBlobStorage.recordsAllocated,1738604555873000000,1738604615873000000,0
FileChannelInterruptsRetryer.totalRetriedAttempts,1738604555873000000,1738604615873000000,0
StreamlinedBlobStorage.totalLiveRecordsCapacityBytes,1738604555873000000,1738604615873000000,0
FilePageCache.capacityInBytes,1738604555873000000,1738604615873000000,629145600
StorageLockContext.competingThreads.max,1738604555873000000,1738604615873000000,0
DirectByteBufferAllocator.reclaimed,1738604555873000000,1738604615873000000,0
DirectByteBufferAllocator.misses,1738604555873000000,1738604615873000000,0
FilePageCache.totalPageDisposalsUs,1738604555873000000,1738604615873000000,0
FilePageCache.pageHits,1738604555873000000,1738604615873000000,0
DirectByteBufferAllocator.hits,1738604555873000000,1738604615873000000,0
StreamlinedBlobStorage.totalLiveRecordsPayloadBytes,1738604555873000000,1738604615873000000,0
MappedFileStorage.totalPagesMapped,1738604555873000000,1738604615873000000,5
FilePageCache.pageLoadsAboveSizeThreshold,1738604555873000000,1738604615873000000,0
DirectByteBufferAllocator.totalSizeOfBuffersCachedInBytes,1738604555873000000,1738604615873000000,0
VFS.contentStorage.recordsDecompressionTimeUs,1738604555873000000,1738604615873000000,0
VFS.contentStorage.recordsStoredCompressed,1738604555873000000,1738604615873000000,0
VFS.invertedFileNameIndex.requests,1738604555873000000,1738604615873000000,0
VFS.contentStorage.recordsReadDecompressed,1738604555873000000,1738604615873000000,0
FileNameCache.totalMisses,1738604555873000000,1738604615873000000,0
VFS.fileChildByName,1738604555873000000,1738604615873000000,0
VFS.fileByIdCache.hits,1738604555873000000,1738604615873000000,0
VFS.contentStorage.recordsUncompressedSize,1738604555873000000,1738604615873000000,0
VFS.contentStorage.recordsStoredSize,1738604555873000000,1738604615873000000,0
VFS.contentStorage.recordsStored,1738604555873000000,1738604615873000000,0
VFS.contentStorage.recordsDeduplicated,1738604555873000000,1738604615873000000,0
VFS.fileByIdCache.misses,1738604555873000000,1738604615873000000,0
VFS.contentStorage.recordsReadSize,1738604555873000000,1738604615873000000,0
FileNameCache.queries,1738604555873000000,1738604615873000000,0
VFS.contentStorage.recordsRead,1738604555873000000,1738604615873000000,0
FlushQueue.executionTimeAvgNs,1738604555873000000,1738604615873000000,437485.2571428571
FlushQueue.queueSize90P,1738604555873000000,1738604615873000000,0
FlushQueue.waitingTimeAvgNs,1738604555873000000,1738604615873000000,343616.0
ReadAction.executionsCount,1738604555873000000,1738604615873000000,0
AWTEventQueue.dispatchTimeMaxNs,1738604555873000000,1738604615873000000,36175871
AWTEventQueue.dispatchTime90PNs,1738604555873000000,1738604615873000000,856063
AWTEventQueue.eventsDispatched,1738604555873000000,1738604615873000000,530
FlushQueue.executionTime90PNs,1738604555873000000,1738604615873000000,272383
FlushQueue.waitingTimeMaxNs,1738604555873000000,1738604615873000000,1179647
WriteAction.executionsCount,1738604555873000000,1738604615873000000,1
FlushQueue.executionTimeMaxNs,1738604555873000000,1738604615873000000,35913727
FlushQueue.tasksExecuted,1738604555873000000,1738604615873000000,280
FlushQueue.queueSizeMax,1738604555873000000,1738604615873000000,1
AWTEventQueue.dispatchTimeTotalNS,1738604555873000000,1738604615873000000,382968790
FlushQueue.waitingTime90PNs,1738604555873000000,1738604615873000000,444415
AWTEventQueue.dispatchTimeAvgNs,1738604555873000000,1738604615873000000,722640.4226415094
FlushQueue.queueSizeAvg,1738604555873000000,1738604615873000000,0.0035714285714285713
cacheStateStorage.get.counter,1738604555873000000,1738604615873000000,0
cacheStateStorage.set.duration,1738604555873000000,1738604615873000000,0
cacheStateStorage.set.counter,1738604555873000000,1738604615873000000,0
cacheStateStorage.get.duration,1738604555873000000,1738604615873000000,0
writeAction.max.wait.ms,1738604555873000000,1738604615873000000,3
DiskQueryRelay.tasksExecuted,1738604555873000000,1738604615873000000,0
writeAction.wait.ms,1738604555873000000,1738604615873000000,3
writeAction.count,1738604555873000000,1738604615873000000,1
DiskQueryRelay.tasksRequested,1738604555873000000,1738604615873000000,0
DiskQueryRelay.taskWaitingTotalTimeUs,1738604555873000000,1738604615873000000,0
writeAction.median.wait.ms,1738604555873000000,1738604615873000000,0
DiskQueryRelay.taskExecutionTotalTimeUs,1738604555873000000,1738604615873000000,0
Indexing.writesQueuedAvg,1738604555873000000,1738604615873000000,0.0
Indexing.writer_3.totalTimeSpentWritingMs,1738604555873000000,1738604615873000000,0
Indexing.totalTimeIndexersSleptMs,1738604555873000000,1738604615873000000,0
Indexing.writer_2.totalTimeSpentWritingMs,1738604555873000000,1738604615873000000,0
Indexing.cache.totalCacheMisses,1738604555873000000,1738604615873000000,0
Indexing.writesQueuedMin,1738604555873000000,1738604615873000000,0
Indexing.cache.totalCacheEvicted,1738604555873000000,1738604615873000000,0
Indexing.cache.totalCacheAccesses,1738604555873000000,1738604615873000000,0
Indexing.writesQueuedMax,1738604555873000000,1738604615873000000,0
Indexing.writer_1.totalTimeSpentWritingMs,1738604555873000000,1738604615873000000,0
Indexing.writer_0.totalTimeSpentWritingMs,1738604555873000000,1738604615873000000,0
workspaceModel.entityStorageSnapshotImpl.instances.count,1738604615873000000,1738604632275000000,2
FilePageCache.pageLoads,1738604615873000000,1738604632275000000,0
FilePageCache.pageFastCacheHits,1738604615873000000,1738604632275000000,0
DirectByteBufferAllocator.disposed,1738604615873000000,1738604632275000000,0
FilePageCache.maxCacheSizeInBytes,1738604615873000000,1738604632275000000,1048576
FilePageCache.disposedBuffers,1738604615873000000,1738604632275000000,1
FilePageCache.maxRegisteredFiles,1738604615873000000,1738604632275000000,3
FilePageCache.totalPageLoadsUs,1738604615873000000,1738604632275000000,0
StorageLockContext.competingThreads.90P,1738604615873000000,1738604632275000000,0
DirectByteBufferAllocator.totalSizeOfBuffersAllocatedInBytes,1738604615873000000,1738604632275000000,1048576
FilePageCache.uncachedFileAccess,1738604615873000000,1738604632275000000,0
StorageLockContext.competingThreads.avg,1738604615873000000,1738604632275000000,0.0
FileChannelInterruptsRetryer.totalRetriedAttempts,1738604615873000000,1738604632275000000,0
FilePageCache.capacityInBytes,1738604615873000000,1738604632275000000,629145600
StorageLockContext.competingThreads.max,1738604615873000000,1738604632275000000,0
DirectByteBufferAllocator.reclaimed,1738604615873000000,1738604632275000000,1
DirectByteBufferAllocator.misses,1738604615873000000,1738604632275000000,0
FilePageCache.totalPageDisposalsUs,1738604615873000000,1738604632275000000,0
FilePageCache.pageHits,1738604615873000000,1738604632275000000,0
DirectByteBufferAllocator.hits,1738604615873000000,1738604632275000000,0
FilePageCache.pageLoadsAboveSizeThreshold,1738604615873000000,1738604632275000000,0
DirectByteBufferAllocator.totalSizeOfBuffersCachedInBytes,1738604615873000000,1738604632275000000,1048576
VFS.invertedFileNameIndex.requests,1738604615873000000,1738604632275000000,0
VFS.fileChildByName,1738604615873000000,1738604632275000000,0
VFS.fileByIdCache.hits,1738604615873000000,1738604632275000000,0
VFS.fileByIdCache.misses,1738604615873000000,1738604632275000000,0
workspaceModel.mutableEntityStorage.mutable.vfurl.index.ms,1738604615873000000,1738604632275000000,0
workspaceModel.mutableEntityStorage.mutable.ext.mapping.ms,1738604615873000000,1738604632275000000,0
jps.global.initialize.library.bridges.after.loading.ms,1738604615873000000,1738604632275000000,5
workspaceModel.mutableEntityStorage.entities.by.source.ms,1738604615873000000,1738604632275000000,0
jps.global.initialize.library.bridges.ms,1738604615873000000,1738604632275000000,0
jps.app.storage.content.writer.save.component.ms,1738604615873000000,1738604632275000000,2
workspaceModel.global.apply.state.to.project.builder.ms,1738604615873000000,1738604632275000000,0
workspaceModel.global.apply.state.to.project.ms,1738604615873000000,1738604632275000000,0
workspaceModel.sync.entities.ms,1738604615873000000,1738604632275000000,0
workspaceModel.load.cache.metadata.from.file.ms,1738604615873000000,1738604632275000000,0
workspaceModel.mutableEntityStorage.changeLog.addReplaceEventForNewParent.ms,1738604615873000000,1738604632275000000,0
workspaceModel.mutableEntityStorage.resolve.ms,1738604615873000000,1738604632275000000,0
workspaceModel.global.updates.ms,1738604615873000000,1738604632275000000,0
workspaceModel.global.updates.count,1738604615873000000,1738604632275000000,0
workspaceModel.mutableEntityStorage.put.entity.ms,1738604615873000000,1738604632275000000,0
workspaceModel.mutableEntityStorage.referrers.ms,1738604615873000000,1738604632275000000,0
workspaceModel.mutableEntityStorage.to.snapshot.ms,1738604615873000000,1738604632275000000,1
workspaceModel.mutableEntityStorage.modify.entity.ms,1738604615873000000,1738604632275000000,0
workspaceModel.mutableEntityStorage.changeLog.addReplaceEventForRemovedChild.ms,1738604615873000000,1738604632275000000,0
jps.library.entities.serializer.load.entities.ms,1738604615873000000,1738604632275000000,1
jps.global.get.libraries.ms,1738604615873000000,1738604632275000000,0
workspaceModel.mutableEntityStorage.changeLog.addReplaceEventForRemovedParent.ms,1738604615873000000,1738604632275000000,0
jps.global.get.library.ms,1738604615873000000,1738604632275000000,0
jps.load.initial.state.ms,1738604615873000000,1738604632275000000,28
workspaceModel.mutableEntityStorage.has.same.entities.ms,1738604615873000000,1738604632275000000,0
jps.global.get.library.by.name.ms,1738604615873000000,1738604632275000000,0
workspaceModel.load.cache.from.file.ms,1738604615873000000,1738604632275000000,0
jps.save.global.entities.ms,1738604615873000000,1738604632275000000,95
workspaceModel.mutableEntityStorage.apply.changes.from.ms,1738604615873000000,1738604632275000000,0
jps.library.entities.serializer.save.entities.ms,1738604615873000000,1738604632275000000,0
jps.app.storage.content.reader.load.component.ms,1738604615873000000,1738604632275000000,2
workspaceModel.mutableEntityStorage.entities.ms,1738604615873000000,1738604632275000000,3
jps.global.handle.changed.events.ms,1738604615873000000,1738604632275000000,0
workspaceModel.mutableEntityStorage.collect.changes.ms,1738604615873000000,1738604632275000000,0
workspaceModel.save.cache.to.file.ms,1738604615873000000,1738604632275000000,0
workspaceModel.mutableEntityStorage.remove.entity.ms,1738604615873000000,1738604632275000000,0
workspaceModel.mutableEntityStorage.changeLog.addReplaceEventForNewChild.ms,1738604615873000000,1738604632275000000,0
workspaceModel.mutableEntityStorage.replace.by.source.ms,1738604615873000000,1738604632275000000,0
workspaceModel.mutableEntityStorage.instances.count,1738604615873000000,1738604632275000000,1
workspaceModel.mutableEntityStorage.add.entity.ms,1738604615873000000,1738604632275000000,0
jps.global.handle.before.change.events.ms,1738604615873000000,1738604632275000000,0
AWTEventQueue.dispatchTimeTotalNS,1738604615873000000,1738604632275000000,314941467
cacheStateStorage.get.counter,1738604615873000000,1738604632275000000,0
cacheStateStorage.set.duration,1738604615873000000,1738604632275000000,12
cacheStateStorage.set.counter,1738604615873000000,1738604632275000000,5
cacheStateStorage.get.duration,1738604615873000000,1738604632275000000,0
writeAction.max.wait.ms,1738604615873000000,1738604632275000000,3
DiskQueryRelay.tasksExecuted,1738604615873000000,1738604632275000000,0
writeAction.wait.ms,1738604615873000000,1738604632275000000,0
writeAction.count,1738604615873000000,1738604632275000000,1
DiskQueryRelay.tasksRequested,1738604615873000000,1738604632275000000,0
DiskQueryRelay.taskWaitingTotalTimeUs,1738604615873000000,1738604632275000000,0
writeAction.median.wait.ms,1738604615873000000,1738604632275000000,0
DiskQueryRelay.taskExecutionTotalTimeUs,1738604615873000000,1738604632275000000,0
Indexing.writesQueuedAvg,1738604615873000000,1738604632275000000,0.0
Indexing.writer_3.totalTimeSpentWritingMs,1738604615873000000,1738604632275000000,0
Indexing.totalTimeIndexersSleptMs,1738604615873000000,1738604632275000000,0
Indexing.writer_2.totalTimeSpentWritingMs,1738604615873000000,1738604632275000000,0
Indexing.cache.totalCacheMisses,1738604615873000000,1738604632275000000,0
Indexing.writesQueuedMin,1738604615873000000,1738604632275000000,0
Indexing.cache.totalCacheEvicted,1738604615873000000,1738604632275000000,0
Indexing.cache.totalCacheAccesses,1738604615873000000,1738604632275000000,0
Indexing.writesQueuedMax,1738604615873000000,1738604632275000000,0
Indexing.writer_1.totalTimeSpentWritingMs,1738604615873000000,1738604632275000000,0
Indexing.writer_0.totalTimeSpentWritingMs,1738604615873000000,1738604632275000000,0
