[{"name":"FilePageCache.pageLoads","description":"","unit":"","type":"LONG_SUM","data":{"points":[{"startEpochNanos":1738604555882000000,"epochNanos":1738604615883000000,"attributes":{"data":[],"empty":true},"value":0}],"monotonic":true,"aggregationTemporality":"DELTA"}},{"name":"StreamlinedBlobStorage.recordsRelocated","description":"","unit":"","type":"LONG_SUM","data":{"points":[{"startEpochNanos":1738604555882000000,"epochNanos":1738604615883000000,"attributes":{"data":[{"type":"STRING","key":"file","keyUtf8":"ZmlsZQ=="},"attributes.dat"],"empty":false},"value":0}],"monotonic":true,"aggregationTemporality":"DELTA"}},{"name":"FilePageCache.pageFastCacheHits","description":"","unit":"","type":"LONG_SUM","data":{"points":[{"startEpochNanos":1738604555882000000,"epochNanos":1738604615883000000,"attributes":{"data":[],"empty":true},"value":0}],"monotonic":true,"aggregationTemporality":"DELTA"}},{"name":"DirectByteBufferAllocator.disposed","description":"","unit":"","type":"LONG_SUM","data":{"points":[{"startEpochNanos":1738604555882000000,"epochNanos":1738604615883000000,"attributes":{"data":[],"empty":true},"value":0}],"monotonic":true,"aggregationTemporality":"DELTA"}},{"name":"MappedFileStorage.storages","description":"MappedFileStorage instances in operation at the moment","unit":"","type":"LONG_GAUGE","data":{"points":[{"startEpochNanos":1738604555882000000,"epochNanos":1738604615883000000,"attributes":{"data":[],"empty":true},"value":5}]}},{"name":"FilePageCache.maxCacheSizeInBytes","description":"Max size of all cached pages observed since application start","unit":"bytes","type":"LONG_GAUGE","data":{"points":[{"startEpochNanos":1738604555882000000,"epochNanos":1738604615883000000,"attributes":{"data":[],"empty":true},"value":1048576}]}},{"name":"FilePageCache.disposedBuffers","description":"","unit":"","type":"LONG_SUM","data":{"points":[{"startEpochNanos":1738604555882000000,"epochNanos":1738604615883000000,"attributes":{"data":[],"empty":true},"value":0}],"monotonic":true,"aggregationTemporality":"DELTA"}},{"name":"FilePageCache.maxRegisteredFiles","description":"","unit":"","type":"LONG_GAUGE","data":{"points":[{"startEpochNanos":1738604555882000000,"epochNanos":1738604615883000000,"attributes":{"data":[],"empty":true},"value":3}]}},{"name":"StreamlinedBlobStorage.recordsDeleted","description":"","unit":"","type":"LONG_SUM","data":{"points":[{"startEpochNanos":1738604555882000000,"epochNanos":1738604615883000000,"attributes":{"data":[{"type":"STRING","key":"file","keyUtf8":"ZmlsZQ=="},"attributes.dat"],"empty":false},"value":0}],"monotonic":true,"aggregationTemporality":"DELTA"}},{"name":"MappedFileStorage.totalTimeSpentOnMappingUs","description":"Total time (us) spent inside Page.map() method (file expansion/zeroing, + mmap)","unit":"us","type":"LONG_GAUGE","data":{"points":[{"startEpochNanos":1738604555882000000,"epochNanos":1738604615883000000,"attributes":{"data":[],"empty":true},"value":1487853}]}},{"name":"FilePageCache.totalPageLoadsUs","description":"","unit":"us","type":"LONG_SUM","data":{"points":[{"startEpochNanos":1738604555882000000,"epochNanos":1738604615883000000,"attributes":{"data":[],"empty":true},"value":0}],"monotonic":true,"aggregationTemporality":"DELTA"}},{"name":"StorageLockContext.competingThreads.90P","description":"","unit":"","type":"LONG_GAUGE","data":{"points":[{"startEpochNanos":1738604555882000000,"epochNanos":1738604615883000000,"attributes":{"data":[],"empty":true},"value":0}]}},{"name":"MappedFileStorage.totalBytesMapped","description":"Total size of MappedByteBuffers in use by MappedFileStorage at the moment","unit":"bytes","type":"LONG_GAUGE","data":{"points":[{"startEpochNanos":1738604555882000000,"epochNanos":1738604615883000000,"attributes":{"data":[],"empty":true},"value":160432128}]}},{"name":"DirectByteBufferAllocator.totalSizeOfBuffersAllocatedInBytes","description":"","unit":"bytes","type":"LONG_GAUGE","data":{"points":[{"startEpochNanos":1738604555882000000,"epochNanos":1738604615883000000,"attributes":{"data":[],"empty":true},"value":1048576}]}},{"name":"FilePageCache.uncachedFileAccess","description":"","unit":"","type":"LONG_SUM","data":{"points":[{"startEpochNanos":1738604555882000000,"epochNanos":1738604615883000000,"attributes":{"data":[],"empty":true},"value":0}],"monotonic":true,"aggregationTemporality":"DELTA"}},{"name":"StorageLockContext.competingThreads.avg","description":"","unit":"","type":"DOUBLE_GAUGE","data":{"points":[{"startEpochNanos":1738604555882000000,"epochNanos":1738604615883000000,"attributes":{"data":[],"empty":true},"value":0.0}]}},{"name":"StreamlinedBlobStorage.recordsAllocated","description":"","unit":"","type":"LONG_SUM","data":{"points":[{"startEpochNanos":1738604555882000000,"epochNanos":1738604615883000000,"attributes":{"data":[{"type":"STRING","key":"file","keyUtf8":"ZmlsZQ=="},"attributes.dat"],"empty":false},"value":0}],"monotonic":true,"aggregationTemporality":"DELTA"}},{"name":"FileChannelInterruptsRetryer.totalRetriedAttempts","description":"","unit":"","type":"LONG_SUM","data":{"points":[{"startEpochNanos":1738604555882000000,"epochNanos":1738604615883000000,"attributes":{"data":[],"empty":true},"value":0}],"monotonic":true,"aggregationTemporality":"DELTA"}},{"name":"StreamlinedBlobStorage.totalLiveRecordsCapacityBytes","description":"","unit":"","type":"LONG_SUM","data":{"points":[{"startEpochNanos":1738604555882000000,"epochNanos":1738604615883000000,"attributes":{"data":[{"type":"STRING","key":"file","keyUtf8":"ZmlsZQ=="},"attributes.dat"],"empty":false},"value":0}],"monotonic":false,"aggregationTemporality":"DELTA"}},{"name":"FilePageCache.capacityInBytes","description":"Cache capacity, configured on application startup","unit":"bytes","type":"LONG_GAUGE","data":{"points":[{"startEpochNanos":1738604555882000000,"epochNanos":1738604615883000000,"attributes":{"data":[],"empty":true},"value":629145600}]}},{"name":"StorageLockContext.competingThreads.max","description":"","unit":"","type":"LONG_GAUGE","data":{"points":[{"startEpochNanos":1738604555882000000,"epochNanos":1738604615883000000,"attributes":{"data":[],"empty":true},"value":0}]}},{"name":"DirectByteBufferAllocator.reclaimed","description":"","unit":"","type":"LONG_SUM","data":{"points":[{"startEpochNanos":1738604555882000000,"epochNanos":1738604615883000000,"attributes":{"data":[],"empty":true},"value":0}],"monotonic":true,"aggregationTemporality":"DELTA"}},{"name":"DirectByteBufferAllocator.misses","description":"","unit":"","type":"LONG_SUM","data":{"points":[{"startEpochNanos":1738604555882000000,"epochNanos":1738604615883000000,"attributes":{"data":[],"empty":true},"value":0}],"monotonic":true,"aggregationTemporality":"DELTA"}},{"name":"FilePageCache.totalPageDisposalsUs","description":"","unit":"us","type":"LONG_SUM","data":{"points":[{"startEpochNanos":1738604555882000000,"epochNanos":1738604615883000000,"attributes":{"data":[],"empty":true},"value":0}],"monotonic":true,"aggregationTemporality":"DELTA"}},{"name":"FilePageCache.pageHits","description":"","unit":"","type":"LONG_SUM","data":{"points":[{"startEpochNanos":1738604555882000000,"epochNanos":1738604615883000000,"attributes":{"data":[],"empty":true},"value":0}],"monotonic":true,"aggregationTemporality":"DELTA"}},{"name":"DirectByteBufferAllocator.hits","description":"","unit":"","type":"LONG_SUM","data":{"points":[{"startEpochNanos":1738604555882000000,"epochNanos":1738604615883000000,"attributes":{"data":[],"empty":true},"value":0}],"monotonic":true,"aggregationTemporality":"DELTA"}},{"name":"StreamlinedBlobStorage.totalLiveRecordsPayloadBytes","description":"","unit":"","type":"LONG_SUM","data":{"points":[{"startEpochNanos":1738604555882000000,"epochNanos":1738604615883000000,"attributes":{"data":[{"type":"STRING","key":"file","keyUtf8":"ZmlsZQ=="},"attributes.dat"],"empty":false},"value":0}],"monotonic":false,"aggregationTemporality":"DELTA"}},{"name":"MappedFileStorage.totalPagesMapped","description":"MappedFileStorage.Page instances in operation at the moment","unit":"","type":"LONG_GAUGE","data":{"points":[{"startEpochNanos":1738604555882000000,"epochNanos":1738604615883000000,"attributes":{"data":[],"empty":true},"value":5}]}},{"name":"FilePageCache.pageLoadsAboveSizeThreshold","description":"","unit":"","type":"LONG_SUM","data":{"points":[{"startEpochNanos":1738604555882000000,"epochNanos":1738604615883000000,"attributes":{"data":[],"empty":true},"value":0}],"monotonic":true,"aggregationTemporality":"DELTA"}},{"name":"DirectByteBufferAllocator.totalSizeOfBuffersCachedInBytes","description":"","unit":"bytes","type":"LONG_GAUGE","data":{"points":[{"startEpochNanos":1738604555882000000,"epochNanos":1738604615883000000,"attributes":{"data":[],"empty":true},"value":0}]}},{"name":"VFS.contentStorage.recordsDecompressionTimeUs","description":"","unit":"","type":"LONG_SUM","data":{"points":[{"startEpochNanos":1738604555882000000,"epochNanos":1738604615883000000,"attributes":{"data":[],"empty":true},"value":0}],"monotonic":true,"aggregationTemporality":"DELTA"}},{"name":"VFS.contentStorage.recordsStoredCompressed","description":"","unit":"","type":"LONG_SUM","data":{"points":[{"startEpochNanos":1738604555882000000,"epochNanos":1738604615883000000,"attributes":{"data":[],"empty":true},"value":0}],"monotonic":true,"aggregationTemporality":"DELTA"}},{"name":"VFS.invertedFileNameIndex.requests","description":"","unit":"","type":"LONG_SUM","data":{"points":[{"startEpochNanos":1738604555882000000,"epochNanos":1738604615883000000,"attributes":{"data":[],"empty":true},"value":0}],"monotonic":true,"aggregationTemporality":"DELTA"}},{"name":"VFS.contentStorage.recordsReadDecompressed","description":"","unit":"","type":"LONG_SUM","data":{"points":[{"startEpochNanos":1738604555882000000,"epochNanos":1738604615883000000,"attributes":{"data":[],"empty":true},"value":0}],"monotonic":true,"aggregationTemporality":"DELTA"}},{"name":"FileNameCache.totalMisses","description":"","unit":"","type":"LONG_SUM","data":{"points":[{"startEpochNanos":1738604555882000000,"epochNanos":1738604615883000000,"attributes":{"data":[],"empty":true},"value":0}],"monotonic":true,"aggregationTemporality":"DELTA"}},{"name":"VFS.fileChildByName","description":"","unit":"","type":"LONG_SUM","data":{"points":[{"startEpochNanos":1738604555882000000,"epochNanos":1738604615883000000,"attributes":{"data":[],"empty":true},"value":0}],"monotonic":true,"aggregationTemporality":"DELTA"}},{"name":"VFS.fileByIdCache.hits","description":"","unit":"","type":"LONG_SUM","data":{"points":[{"startEpochNanos":1738604555882000000,"epochNanos":1738604615883000000,"attributes":{"data":[],"empty":true},"value":0}],"monotonic":true,"aggregationTemporality":"DELTA"}},{"name":"VFS.contentStorage.recordsUncompressedSize","description":"","unit":"","type":"LONG_SUM","data":{"points":[{"startEpochNanos":1738604555882000000,"epochNanos":1738604615883000000,"attributes":{"data":[],"empty":true},"value":0}],"monotonic":true,"aggregationTemporality":"DELTA"}},{"name":"VFS.contentStorage.recordsStoredSize","description":"","unit":"","type":"LONG_SUM","data":{"points":[{"startEpochNanos":1738604555882000000,"epochNanos":1738604615883000000,"attributes":{"data":[],"empty":true},"value":0}],"monotonic":true,"aggregationTemporality":"DELTA"}},{"name":"VFS.contentStorage.recordsStored","description":"","unit":"","type":"LONG_SUM","data":{"points":[{"startEpochNanos":1738604555882000000,"epochNanos":1738604615883000000,"attributes":{"data":[],"empty":true},"value":0}],"monotonic":true,"aggregationTemporality":"DELTA"}},{"name":"VFS.contentStorage.recordsDeduplicated","description":"","unit":"","type":"LONG_SUM","data":{"points":[{"startEpochNanos":1738604555882000000,"epochNanos":1738604615883000000,"attributes":{"data":[],"empty":true},"value":0}],"monotonic":true,"aggregationTemporality":"DELTA"}},{"name":"VFS.fileByIdCache.misses","description":"","unit":"","type":"LONG_SUM","data":{"points":[{"startEpochNanos":1738604555882000000,"epochNanos":1738604615883000000,"attributes":{"data":[],"empty":true},"value":0}],"monotonic":true,"aggregationTemporality":"DELTA"}},{"name":"VFS.contentStorage.recordsReadSize","description":"","unit":"","type":"LONG_SUM","data":{"points":[{"startEpochNanos":1738604555882000000,"epochNanos":1738604615883000000,"attributes":{"data":[],"empty":true},"value":0}],"monotonic":true,"aggregationTemporality":"DELTA"}},{"name":"FileNameCache.queries","description":"","unit":"","type":"LONG_SUM","data":{"points":[{"startEpochNanos":1738604555882000000,"epochNanos":1738604615883000000,"attributes":{"data":[],"empty":true},"value":0}],"monotonic":true,"aggregationTemporality":"DELTA"}},{"name":"VFS.contentStorage.recordsRead","description":"","unit":"","type":"LONG_SUM","data":{"points":[{"startEpochNanos":1738604555882000000,"epochNanos":1738604615883000000,"attributes":{"data":[],"empty":true},"value":0}],"monotonic":true,"aggregationTemporality":"DELTA"}},{"name":"FlushQueue.executionTimeAvgNs","description":"","unit":"ns","type":"DOUBLE_GAUGE","data":{"points":[{"startEpochNanos":1738604555882000000,"epochNanos":1738604615883000000,"attributes":{"data":[],"empty":true},"value":0.0}]}},{"name":"FlushQueue.queueSize90P","description":"","unit":"","type":"LONG_GAUGE","data":{"points":[{"startEpochNanos":1738604555882000000,"epochNanos":1738604615883000000,"attributes":{"data":[],"empty":true},"value":0}]}},{"name":"FlushQueue.waitingTimeAvgNs","description":"","unit":"ns","type":"DOUBLE_GAUGE","data":{"points":[{"startEpochNanos":1738604555882000000,"epochNanos":1738604615883000000,"attributes":{"data":[],"empty":true},"value":0.0}]}},{"name":"ReadAction.executionsCount","description":"Total read actions executed","unit":"","type":"LONG_SUM","data":{"points":[{"startEpochNanos":1738604555882000000,"epochNanos":1738604615883000000,"attributes":{"data":[],"empty":true},"value":0}],"monotonic":true,"aggregationTemporality":"DELTA"}},{"name":"AWTEventQueue.dispatchTimeMaxNs","description":"","unit":"ns","type":"LONG_GAUGE","data":{"points":[{"startEpochNanos":1738604555882000000,"epochNanos":1738604615883000000,"attributes":{"data":[],"empty":true},"value":0}]}},{"name":"AWTEventQueue.dispatchTime90PNs","description":"","unit":"ns","type":"LONG_GAUGE","data":{"points":[{"startEpochNanos":1738604555882000000,"epochNanos":1738604615883000000,"attributes":{"data":[],"empty":true},"value":0}]}},{"name":"AWTEventQueue.eventsDispatched","description":"","unit":"","type":"LONG_GAUGE","data":{"points":[{"startEpochNanos":1738604555882000000,"epochNanos":1738604615883000000,"attributes":{"data":[],"empty":true},"value":0}]}},{"name":"FlushQueue.executionTime90PNs","description":"","unit":"ns","type":"LONG_GAUGE","data":{"points":[{"startEpochNanos":1738604555882000000,"epochNanos":1738604615883000000,"attributes":{"data":[],"empty":true},"value":0}]}},{"name":"FlushQueue.waitingTimeMaxNs","description":"","unit":"ns","type":"LONG_GAUGE","data":{"points":[{"startEpochNanos":1738604555882000000,"epochNanos":1738604615883000000,"attributes":{"data":[],"empty":true},"value":0}]}},{"name":"WriteAction.executionsCount","description":"Total write actions executed","unit":"","type":"LONG_SUM","data":{"points":[{"startEpochNanos":1738604555882000000,"epochNanos":1738604615883000000,"attributes":{"data":[],"empty":true},"value":1}],"monotonic":true,"aggregationTemporality":"DELTA"}},{"name":"FlushQueue.executionTimeMaxNs","description":"","unit":"ns","type":"LONG_GAUGE","data":{"points":[{"startEpochNanos":1738604555882000000,"epochNanos":1738604615883000000,"attributes":{"data":[],"empty":true},"value":0}]}},{"name":"FlushQueue.tasksExecuted","description":"","unit":"","type":"LONG_GAUGE","data":{"points":[{"startEpochNanos":1738604555882000000,"epochNanos":1738604615883000000,"attributes":{"data":[],"empty":true},"value":0}]}},{"name":"FlushQueue.queueSizeMax","description":"","unit":"","type":"LONG_GAUGE","data":{"points":[{"startEpochNanos":1738604555882000000,"epochNanos":1738604615883000000,"attributes":{"data":[],"empty":true},"value":0}]}},{"name":"AWTEventQueue.dispatchTimeTotalNS","description":"","unit":"ns","type":"LONG_SUM","data":{"points":[{"startEpochNanos":1738604555882000000,"epochNanos":1738604615883000000,"attributes":{"data":[],"empty":true},"value":382968790}],"monotonic":true,"aggregationTemporality":"DELTA"}},{"name":"FlushQueue.waitingTime90PNs","description":"","unit":"ns","type":"LONG_GAUGE","data":{"points":[{"startEpochNanos":1738604555882000000,"epochNanos":1738604615883000000,"attributes":{"data":[],"empty":true},"value":0}]}},{"name":"AWTEventQueue.dispatchTimeAvgNs","description":"","unit":"ns","type":"DOUBLE_GAUGE","data":{"points":[{"startEpochNanos":1738604555882000000,"epochNanos":1738604615883000000,"attributes":{"data":[],"empty":true},"value":0.0}]}},{"name":"FlushQueue.queueSizeAvg","description":"","unit":"","type":"DOUBLE_GAUGE","data":{"points":[{"startEpochNanos":1738604555882000000,"epochNanos":1738604615883000000,"attributes":{"data":[],"empty":true},"value":0.0}]}},{"name":"cacheStateStorage.get.counter","description":"","unit":"","type":"LONG_SUM","data":{"points":[{"startEpochNanos":1738604555882000000,"epochNanos":1738604615883000000,"attributes":{"data":[],"empty":true},"value":0}],"monotonic":true,"aggregationTemporality":"DELTA"}},{"name":"cacheStateStorage.set.duration","description":"","unit":"","type":"LONG_SUM","data":{"points":[{"startEpochNanos":1738604555882000000,"epochNanos":1738604615883000000,"attributes":{"data":[],"empty":true},"value":0}],"monotonic":true,"aggregationTemporality":"DELTA"}},{"name":"cacheStateStorage.set.counter","description":"","unit":"","type":"LONG_SUM","data":{"points":[{"startEpochNanos":1738604555882000000,"epochNanos":1738604615883000000,"attributes":{"data":[],"empty":true},"value":0}],"monotonic":true,"aggregationTemporality":"DELTA"}},{"name":"cacheStateStorage.get.duration","description":"","unit":"","type":"LONG_SUM","data":{"points":[{"startEpochNanos":1738604555882000000,"epochNanos":1738604615883000000,"attributes":{"data":[],"empty":true},"value":0}],"monotonic":true,"aggregationTemporality":"DELTA"}},{"name":"writeAction.max.wait.ms","description":"Max time waiting for the write lock","unit":"ms","type":"LONG_GAUGE","data":{"points":[{"startEpochNanos":1738604555882000000,"epochNanos":1738604615883000000,"attributes":{"data":[],"empty":true},"value":3}]}},{"name":"DiskQueryRelay.tasksExecuted","description":"","unit":"","type":"LONG_SUM","data":{"points":[{"startEpochNanos":1738604555882000000,"epochNanos":1738604615883000000,"attributes":{"data":[],"empty":true},"value":0}],"monotonic":true,"aggregationTemporality":"DELTA"}},{"name":"writeAction.wait.ms","description":"Total time waiting for the write lock","unit":"ms","type":"LONG_SUM","data":{"points":[{"startEpochNanos":1738604555882000000,"epochNanos":1738604615883000000,"attributes":{"data":[],"empty":true},"value":3}],"monotonic":true,"aggregationTemporality":"DELTA"}},{"name":"writeAction.count","description":"Number of write actions run","unit":"","type":"LONG_SUM","data":{"points":[{"startEpochNanos":1738604555882000000,"epochNanos":1738604615883000000,"attributes":{"data":[],"empty":true},"value":1}],"monotonic":true,"aggregationTemporality":"DELTA"}},{"name":"DiskQueryRelay.tasksRequested","description":"","unit":"","type":"LONG_SUM","data":{"points":[{"startEpochNanos":1738604555882000000,"epochNanos":1738604615883000000,"attributes":{"data":[],"empty":true},"value":0}],"monotonic":true,"aggregationTemporality":"DELTA"}},{"name":"DiskQueryRelay.taskWaitingTotalTimeUs","description":"","unit":"","type":"LONG_SUM","data":{"points":[{"startEpochNanos":1738604555882000000,"epochNanos":1738604615883000000,"attributes":{"data":[],"empty":true},"value":0}],"monotonic":true,"aggregationTemporality":"DELTA"}},{"name":"writeAction.median.wait.ms","description":"Median time waiting for the write lock, step 100 ms","unit":"ms","type":"LONG_GAUGE","data":{"points":[{"startEpochNanos":1738604555882000000,"epochNanos":1738604615883000000,"attributes":{"data":[],"empty":true},"value":0}]}},{"name":"DiskQueryRelay.taskExecutionTotalTimeUs","description":"","unit":"","type":"LONG_SUM","data":{"points":[{"startEpochNanos":1738604555882000000,"epochNanos":1738604615883000000,"attributes":{"data":[],"empty":true},"value":0}],"monotonic":true,"aggregationTemporality":"DELTA"}},{"name":"Indexing.writer_3.totalTimeSpentWritingMs","description":"","unit":"","type":"LONG_SUM","data":{"points":[{"startEpochNanos":1738604555882000000,"epochNanos":1738604615883000000,"attributes":{"data":[],"empty":true},"value":0}],"monotonic":true,"aggregationTemporality":"DELTA"}},{"name":"Indexing.totalTimeIndexersSleptMs","description":"","unit":"","type":"LONG_SUM","data":{"points":[{"startEpochNanos":1738604555882000000,"epochNanos":1738604615883000000,"attributes":{"data":[],"empty":true},"value":0}],"monotonic":true,"aggregationTemporality":"DELTA"}},{"name":"Indexing.writer_2.totalTimeSpentWritingMs","description":"","unit":"","type":"LONG_SUM","data":{"points":[{"startEpochNanos":1738604555882000000,"epochNanos":1738604615883000000,"attributes":{"data":[],"empty":true},"value":0}],"monotonic":true,"aggregationTemporality":"DELTA"}},{"name":"Indexing.cache.totalCacheMisses","description":"","unit":"","type":"LONG_SUM","data":{"points":[{"startEpochNanos":1738604555882000000,"epochNanos":1738604615883000000,"attributes":{"data":[],"empty":true},"value":0}],"monotonic":true,"aggregationTemporality":"DELTA"}},{"name":"Indexing.writesQueuedMin","description":"","unit":"","type":"LONG_GAUGE","data":{"points":[{"startEpochNanos":1738604555882000000,"epochNanos":1738604615883000000,"attributes":{"data":[],"empty":true},"value":9223372036854775807}]}},{"name":"Indexing.cache.totalCacheEvicted","description":"","unit":"","type":"LONG_SUM","data":{"points":[{"startEpochNanos":1738604555882000000,"epochNanos":1738604615883000000,"attributes":{"data":[],"empty":true},"value":0}],"monotonic":true,"aggregationTemporality":"DELTA"}},{"name":"Indexing.cache.totalCacheAccesses","description":"","unit":"","type":"LONG_SUM","data":{"points":[{"startEpochNanos":1738604555882000000,"epochNanos":1738604615883000000,"attributes":{"data":[],"empty":true},"value":0}],"monotonic":true,"aggregationTemporality":"DELTA"}},{"name":"Indexing.writesQueuedMax","description":"","unit":"","type":"LONG_GAUGE","data":{"points":[{"startEpochNanos":1738604555882000000,"epochNanos":1738604615883000000,"attributes":{"data":[],"empty":true},"value":0}]}},{"name":"Indexing.writer_1.totalTimeSpentWritingMs","description":"","unit":"","type":"LONG_SUM","data":{"points":[{"startEpochNanos":1738604555882000000,"epochNanos":1738604615883000000,"attributes":{"data":[],"empty":true},"value":0}],"monotonic":true,"aggregationTemporality":"DELTA"}},{"name":"Indexing.writer_0.totalTimeSpentWritingMs","description":"","unit":"","type":"LONG_SUM","data":{"points":[{"startEpochNanos":1738604555882000000,"epochNanos":1738604615883000000,"attributes":{"data":[],"empty":true},"value":0}],"monotonic":true,"aggregationTemporality":"DELTA"}}]