{
  "pageCacheStats" : {
    "cachedChannelsStatistics" : {
      "hit" : 0,
      "miss" : 0,
      "load" : 0,
      "capacity" : 400
    },
    "uncachedFileAccess" : 3,
    "maxRegisteredFiles" : 3,
    "maxCacheSizeInBytes" : 1048576,
    "totalCachedSizeInBytes" : 1048576,
    "pageHits" : 0,
    "pageFastCacheHits" : 68,
    "pageLoadsAboveSizeThreshold" : 0,
    "regularPageLoads" : 1,
    "disposedBuffers" : 0,
    "totalPageDisposalUs" : 26,
    "totalPageLoadUs" : 46687,
    "totalPagesLoaded" : 1,
    "capacityInBytes" : 629145600
  },
  "indexStorageStats" : {
    "indexStoragesStats" : { },
    "otherStoragesStats" : {
      "statsPerEnumerator" : {
        "rep.names" : {
          "collisions" : 0,
          "values" : 0,
          "dataFileSizeInBytes" : 0,
          "storageSizeInBytes" : 96,
          "btreeStatistics" : {
            "pages" : 0,
            "elements" : 0,
            "height" : 0,
            "moves" : 0,
            "leafPages" : 1,
            "maxSearchStepsInRequest" : 0,
            "searchRequests" : 0,
            "searchSteps" : 0,
            "pageCapacity" : 32768,
            "sizeInBytes" : 0
          }
        }
      }
    }
  }
}