{"reason":"Push on VFS changes","startTime":"2025-07-11T12:11:49.002946625+02:00[Europe/Berlin]","duration":5032338,"isCancelled":false}
{"reason":"Push on VFS changes","startTime":"2025-07-11T12:20:04.260166009+02:00[Europe/Berlin]","duration":4124366,"isCancelled":false}
{"reason":"Push on VFS changes","startTime":"2025-07-11T15:19:56.202397966+02:00[Europe/Berlin]","duration":81862748,"isCancelled":false}
{"reason":"Push on VFS changes","startTime":"2025-07-11T15:20:26.25579198+02:00[Europe/Berlin]","duration":1717746,"isCancelled":false}
{"reason":"Push on VFS changes","startTime":"2025-07-11T15:20:56.307921834+02:00[Europe/Berlin]","duration":4047817,"isCancelled":false}
{"reason":"Push on VFS changes","startTime":"2025-07-11T15:21:41.347001638+02:00[Europe/Berlin]","duration":1407822,"isCancelled":false}
