{
  "appInfo" : {
    "build" : "251.26927.39",
    "buildDate" : "2025-06-20T10:32:00Z[UTC]",
    "productCode" : "CL",
    "generated" : "2025-07-11T10:10:15.874539548Z",
    "os" : "Linux 5.19.0-46-generic",
    "runtime" : "JetBrains s.r.o. 21.0.7 21.0.7+9-b895.130"
  },
  "runtimeInfo" : {
    "maxMemory" : 8589934592,
    "numberOfProcessors" : 4,
    "maxNumberOfIndexingThreads" : 3,
    "maxSizeOfFileForIntelliSense" : 2560000,
    "maxSizeOfFileForContentLoading" : 20971520
  },
  "type" : "DumbIndexing",
  "projectIndexingActivityHistory" : {
    "projectName" : "AnalysisTree",
    "times" : {
      "scanningIds" : [ 0, 1 ],
      "contentLoadingVisibleTime" : 1960966761,
      "retrievingChangedDuringIndexingFilesTime" : 21460188,
      "separateApplyingIndexesVisibleTime" : 2972331871,
      "updatingStart" : "2025-07-11T10:09:22.613710309Z",
      "updatingEnd" : "2025-07-11T10:10:15.87257107Z",
      "totalWallTimeWithPauses" : 53258860761,
      "wallTimeOnPause" : 0,
      "isCancelled" : false,
      "dumbWallTimeWithPauses" : 53258860761,
      "dumbWallTimeWithoutPauses" : 53258860761,
      "dumbModeStart" : "2025-07-11T10:09:22.613710309Z",
      "totalWallTimeWithoutPauses" : 53258860761
    },
    "fileCount" : {
      "numberOfChangedDuringIndexingFiles" : 3,
      "numberOfFilesIndexedByInfrastructureExtensionsDuringIndexingStage" : 0,
      "numberOfFilesIndexedWithLoadingContent" : 380,
      "numberOfNothingToWriteFiles" : 3
    },
    "totalStatsPerFileType" : [ {
      "fileType" : "TypeScript",
      "partOfTotalProcessingTime" : {
        "part" : 78325591969,
        "total" : 126973545772
      },
      "partOfTotalContentLoadingTime" : {
        "part" : 3407417133,
        "total" : 4663633752
      },
      "totalNumberOfFiles" : 112,
      "totalFilesSize" : 2654725,
      "totalProcessingSpeed" : {
        "totalBytes" : 2654725,
        "totalCpuTime" : 78325591969
      },
      "biggestContributors" : [ {
        "providerName" : "<indexing queue>",
        "numberOfFiles" : 112,
        "totalFilesSize" : 2654725,
        "partOfTotalProcessingTimeOfThisFileType" : {
          "part" : 78325591969,
          "total" : 78325591969
        }
      } ]
    }, {
      "fileType" : "DTD",
      "partOfTotalProcessingTime" : {
        "part" : 15163578808,
        "total" : 126973545772
      },
      "partOfTotalContentLoadingTime" : {
        "part" : 543520725,
        "total" : 4663633752
      },
      "totalNumberOfFiles" : 60,
      "totalFilesSize" : 593664,
      "totalProcessingSpeed" : {
        "totalBytes" : 593664,
        "totalCpuTime" : 15163578808
      },
      "biggestContributors" : [ {
        "providerName" : "<indexing queue>",
        "numberOfFiles" : 60,
        "totalFilesSize" : 593664,
        "partOfTotalProcessingTimeOfThisFileType" : {
          "part" : 15163578808,
          "total" : 15163578808
        }
      } ]
    }, {
      "fileType" : "Flow",
      "partOfTotalProcessingTime" : {
        "part" : 13672088013,
        "total" : 126973545772
      },
      "partOfTotalContentLoadingTime" : {
        "part" : 28688148,
        "total" : 4663633752
      },
      "totalNumberOfFiles" : 11,
      "totalFilesSize" : 140172,
      "totalProcessingSpeed" : {
        "totalBytes" : 140172,
        "totalCpuTime" : 13672088013
      },
      "biggestContributors" : [ {
        "providerName" : "<indexing queue>",
        "numberOfFiles" : 11,
        "totalFilesSize" : 140172,
        "partOfTotalProcessingTimeOfThisFileType" : {
          "part" : 13672088013,
          "total" : 13672088013
        }
      } ]
    }, {
      "fileType" : "JSON",
      "partOfTotalProcessingTime" : {
        "part" : 7210120980,
        "total" : 126973545772
      },
      "partOfTotalContentLoadingTime" : {
        "part" : 21060557,
        "total" : 4663633752
      },
      "totalNumberOfFiles" : 2,
      "totalFilesSize" : 503,
      "totalProcessingSpeed" : {
        "totalBytes" : 503,
        "totalCpuTime" : 7210120980
      },
      "biggestContributors" : [ {
        "providerName" : "<indexing queue>",
        "numberOfFiles" : 2,
        "totalFilesSize" : 503,
        "partOfTotalProcessingTimeOfThisFileType" : {
          "part" : 7210120980,
          "total" : 7210120980
        }
      } ]
    }, {
      "fileType" : "XML",
      "partOfTotalProcessingTime" : {
        "part" : 5792076817,
        "total" : 126973545772
      },
      "partOfTotalContentLoadingTime" : {
        "part" : 179876490,
        "total" : 4663633752
      },
      "totalNumberOfFiles" : 20,
      "totalFilesSize" : 935331,
      "totalProcessingSpeed" : {
        "totalBytes" : 935331,
        "totalCpuTime" : 5792076817
      },
      "biggestContributors" : [ {
        "providerName" : "<indexing queue>",
        "numberOfFiles" : 18,
        "totalFilesSize" : 912350,
        "partOfTotalProcessingTimeOfThisFileType" : {
          "part" : 5789819405,
          "total" : 5792076817
        }
      }, {
        "providerName" : "Refreshed files",
        "numberOfFiles" : 2,
        "totalFilesSize" : 22981,
        "partOfTotalProcessingTimeOfThisFileType" : {
          "part" : 2257412,
          "total" : 5792076817
        }
      } ]
    }, {
      "fileType" : "XHTML",
      "partOfTotalProcessingTime" : {
        "part" : 2932770719,
        "total" : 126973545772
      },
      "partOfTotalContentLoadingTime" : {
        "part" : 1207526,
        "total" : 4663633752
      },
      "totalNumberOfFiles" : 1,
      "totalFilesSize" : 2908,
      "totalProcessingSpeed" : {
        "totalBytes" : 2908,
        "totalCpuTime" : 2932770719
      },
      "biggestContributors" : [ {
        "providerName" : "<indexing queue>",
        "numberOfFiles" : 1,
        "totalFilesSize" : 2908,
        "partOfTotalProcessingTimeOfThisFileType" : {
          "part" : 2932770719,
          "total" : 2932770719
        }
      } ]
    }, {
      "fileType" : "RNG Compact",
      "partOfTotalProcessingTime" : {
        "part" : 1679815222,
        "total" : 126973545772
      },
      "partOfTotalContentLoadingTime" : {
        "part" : 221693152,
        "total" : 4663633752
      },
      "totalNumberOfFiles" : 124,
      "totalFilesSize" : 476738,
      "totalProcessingSpeed" : {
        "totalBytes" : 476738,
        "totalCpuTime" : 1679815222
      },
      "biggestContributors" : [ {
        "providerName" : "<indexing queue>",
        "numberOfFiles" : 124,
        "totalFilesSize" : 476738,
        "partOfTotalProcessingTimeOfThisFileType" : {
          "part" : 1679815222,
          "total" : 1679815222
        }
      } ]
    }, {
      "fileType" : "SCSS",
      "partOfTotalProcessingTime" : {
        "part" : 1153704741,
        "total" : 126973545772
      },
      "partOfTotalContentLoadingTime" : {
        "part" : 24063445,
        "total" : 4663633752
      },
      "totalNumberOfFiles" : 8,
      "totalFilesSize" : 10656,
      "totalProcessingSpeed" : {
        "totalBytes" : 10656,
        "totalCpuTime" : 1153704741
      },
      "biggestContributors" : [ {
        "providerName" : "<indexing queue>",
        "numberOfFiles" : 8,
        "totalFilesSize" : 10656,
        "partOfTotalProcessingTimeOfThisFileType" : {
          "part" : 1153704741,
          "total" : 1153704741
        }
      } ]
    }, {
      "fileType" : "JavaScript",
      "partOfTotalProcessingTime" : {
        "part" : 464099424,
        "total" : 126973545772
      },
      "partOfTotalContentLoadingTime" : {
        "part" : 161685,
        "total" : 4663633752
      },
      "totalNumberOfFiles" : 1,
      "totalFilesSize" : 1716,
      "totalProcessingSpeed" : {
        "totalBytes" : 1716,
        "totalCpuTime" : 464099424
      },
      "biggestContributors" : [ {
        "providerName" : "<indexing queue>",
        "numberOfFiles" : 1,
        "totalFilesSize" : 1716,
        "partOfTotalProcessingTimeOfThisFileType" : {
          "part" : 464099424,
          "total" : 464099424
        }
      } ]
    }, {
      "fileType" : "textmate",
      "partOfTotalProcessingTime" : {
        "part" : 428817579,
        "total" : 126973545772
      },
      "partOfTotalContentLoadingTime" : {
        "part" : 225198234,
        "total" : 4663633752
      },
      "totalNumberOfFiles" : 29,
      "totalFilesSize" : 52597,
      "totalProcessingSpeed" : {
        "totalBytes" : 52597,
        "totalCpuTime" : 428817579
      },
      "biggestContributors" : [ {
        "providerName" : "<indexing queue>",
        "numberOfFiles" : 29,
        "totalFilesSize" : 52597,
        "partOfTotalProcessingTimeOfThisFileType" : {
          "part" : 428817579,
          "total" : 428817579
        }
      } ]
    }, {
      "fileType" : "PLAIN_TEXT",
      "partOfTotalProcessingTime" : {
        "part" : 103788725,
        "total" : 126973545772
      },
      "partOfTotalContentLoadingTime" : {
        "part" : 1063715,
        "total" : 4663633752
      },
      "totalNumberOfFiles" : 3,
      "totalFilesSize" : 6927,
      "totalProcessingSpeed" : {
        "totalBytes" : 6927,
        "totalCpuTime" : 103788725
      },
      "biggestContributors" : [ {
        "providerName" : "<indexing queue>",
        "numberOfFiles" : 3,
        "totalFilesSize" : 6927,
        "partOfTotalProcessingTimeOfThisFileType" : {
          "part" : 103788725,
          "total" : 103788725
        }
      } ]
    }, {
      "fileType" : "PATCH",
      "partOfTotalProcessingTime" : {
        "part" : 46255301,
        "total" : 126973545772
      },
      "partOfTotalContentLoadingTime" : {
        "part" : 9286573,
        "total" : 4663633752
      },
      "totalNumberOfFiles" : 8,
      "totalFilesSize" : 4449,
      "totalProcessingSpeed" : {
        "totalBytes" : 4449,
        "totalCpuTime" : 46255301
      },
      "biggestContributors" : [ {
        "providerName" : "<indexing queue>",
        "numberOfFiles" : 8,
        "totalFilesSize" : 4449,
        "partOfTotalProcessingTimeOfThisFileType" : {
          "part" : 46255301,
          "total" : 46255301
        }
      } ]
    }, {
      "fileType" : "IDEA_MODULE",
      "partOfTotalProcessingTime" : {
        "part" : 837474,
        "total" : 126973545772
      },
      "partOfTotalContentLoadingTime" : {
        "part" : 396369,
        "total" : 4663633752
      },
      "totalNumberOfFiles" : 1,
      "totalFilesSize" : 97,
      "totalProcessingSpeed" : {
        "totalBytes" : 97,
        "totalCpuTime" : 837474
      },
      "biggestContributors" : [ {
        "providerName" : "Refreshed files",
        "numberOfFiles" : 1,
        "totalFilesSize" : 97,
        "partOfTotalProcessingTimeOfThisFileType" : {
          "part" : 837474,
          "total" : 837474
        }
      } ]
    } ],
    "totalStatsPerBaseLanguage" : [ {
      "language" : "JavaScript",
      "partOfTotalProcessingTime" : {
        "part" : 92461779406,
        "total" : 126973545772
      },
      "partOfTotalContentLoadingTime" : {
        "part" : 4663795437,
        "total" : 4663633752
      },
      "totalNumberOfFiles" : 124,
      "totalFilesSize" : 2796613,
      "totalProcessingSpeed" : {
        "totalBytes" : 2796613,
        "totalCpuTime" : 92461779406
      }
    }, {
      "language" : "TypeScript",
      "partOfTotalProcessingTime" : {
        "part" : 78325591969,
        "total" : 126973545772
      },
      "partOfTotalContentLoadingTime" : {
        "part" : 8071050885,
        "total" : 4663633752
      },
      "totalNumberOfFiles" : 112,
      "totalFilesSize" : 2654725,
      "totalProcessingSpeed" : {
        "totalBytes" : 2654725,
        "totalCpuTime" : 78325591969
      }
    }, {
      "language" : "XML",
      "partOfTotalProcessingTime" : {
        "part" : 23888426344,
        "total" : 126973545772
      },
      "partOfTotalContentLoadingTime" : {
        "part" : 4664841278,
        "total" : 4663633752
      },
      "totalNumberOfFiles" : 81,
      "totalFilesSize" : 1531903,
      "totalProcessingSpeed" : {
        "totalBytes" : 1531903,
        "totalCpuTime" : 23888426344
      }
    }, {
      "language" : "DTD",
      "partOfTotalProcessingTime" : {
        "part" : 15163578808,
        "total" : 126973545772
      },
      "partOfTotalContentLoadingTime" : {
        "part" : 5207154477,
        "total" : 4663633752
      },
      "totalNumberOfFiles" : 60,
      "totalFilesSize" : 593664,
      "totalProcessingSpeed" : {
        "totalBytes" : 593664,
        "totalCpuTime" : 15163578808
      }
    }, {
      "language" : "Flow JS",
      "partOfTotalProcessingTime" : {
        "part" : 13672088013,
        "total" : 126973545772
      },
      "partOfTotalContentLoadingTime" : {
        "part" : 4692321900,
        "total" : 4663633752
      },
      "totalNumberOfFiles" : 11,
      "totalFilesSize" : 140172,
      "totalProcessingSpeed" : {
        "totalBytes" : 140172,
        "totalCpuTime" : 13672088013
      }
    }, {
      "language" : "ECMAScript 6",
      "partOfTotalProcessingTime" : {
        "part" : 13672088013,
        "total" : 126973545772
      },
      "partOfTotalContentLoadingTime" : {
        "part" : 4692321900,
        "total" : 4663633752
      },
      "totalNumberOfFiles" : 11,
      "totalFilesSize" : 140172,
      "totalProcessingSpeed" : {
        "totalBytes" : 140172,
        "totalCpuTime" : 13672088013
      }
    }, {
      "language" : "JSON",
      "partOfTotalProcessingTime" : {
        "part" : 7210120980,
        "total" : 126973545772
      },
      "partOfTotalContentLoadingTime" : {
        "part" : 4684694309,
        "total" : 4663633752
      },
      "totalNumberOfFiles" : 2,
      "totalFilesSize" : 503,
      "totalProcessingSpeed" : {
        "totalBytes" : 503,
        "totalCpuTime" : 7210120980
      }
    }, {
      "language" : "XHTML",
      "partOfTotalProcessingTime" : {
        "part" : 2932770719,
        "total" : 126973545772
      },
      "partOfTotalContentLoadingTime" : {
        "part" : 4664841278,
        "total" : 4663633752
      },
      "totalNumberOfFiles" : 1,
      "totalFilesSize" : 2908,
      "totalProcessingSpeed" : {
        "totalBytes" : 2908,
        "totalCpuTime" : 2932770719
      }
    }, {
      "language" : "RELAX-NG",
      "partOfTotalProcessingTime" : {
        "part" : 1679815222,
        "total" : 126973545772
      },
      "partOfTotalContentLoadingTime" : {
        "part" : 4885326904,
        "total" : 4663633752
      },
      "totalNumberOfFiles" : 124,
      "totalFilesSize" : 476738,
      "totalProcessingSpeed" : {
        "totalBytes" : 476738,
        "totalCpuTime" : 1679815222
      }
    }, {
      "language" : "SCSS",
      "partOfTotalProcessingTime" : {
        "part" : 1153704741,
        "total" : 126973545772
      },
      "partOfTotalContentLoadingTime" : {
        "part" : 4687697197,
        "total" : 4663633752
      },
      "totalNumberOfFiles" : 8,
      "totalFilesSize" : 10656,
      "totalProcessingSpeed" : {
        "totalBytes" : 10656,
        "totalCpuTime" : 1153704741
      }
    }, {
      "language" : "CSS",
      "partOfTotalProcessingTime" : {
        "part" : 1153704741,
        "total" : 126973545772
      },
      "partOfTotalContentLoadingTime" : {
        "part" : 4687697197,
        "total" : 4663633752
      },
      "totalNumberOfFiles" : 8,
      "totalFilesSize" : 10656,
      "totalProcessingSpeed" : {
        "totalBytes" : 10656,
        "totalCpuTime" : 1153704741
      }
    }, {
      "language" : "textmate",
      "partOfTotalProcessingTime" : {
        "part" : 428817579,
        "total" : 126973545772
      },
      "partOfTotalContentLoadingTime" : {
        "part" : 4888831986,
        "total" : 4663633752
      },
      "totalNumberOfFiles" : 29,
      "totalFilesSize" : 52597,
      "totalProcessingSpeed" : {
        "totalBytes" : 52597,
        "totalCpuTime" : 428817579
      }
    }, {
      "language" : "TEXT",
      "partOfTotalProcessingTime" : {
        "part" : 103788725,
        "total" : 126973545772
      },
      "partOfTotalContentLoadingTime" : {
        "part" : 4664697467,
        "total" : 4663633752
      },
      "totalNumberOfFiles" : 3,
      "totalFilesSize" : 6927,
      "totalProcessingSpeed" : {
        "totalBytes" : 6927,
        "totalCpuTime" : 103788725
      }
    } ],
    "totalStatsPerIndexer" : [ {
      "indexId" : "Stubs",
      "partOfTotalIndexingTime" : {
        "part" : 54347113178,
        "total" : 67265031154
      },
      "totalNumberOfFiles" : 150,
      "totalNumberOfFilesIndexedByExtensions" : 0,
      "totalFilesSize" : 3719619,
      "indexValueChangerEvaluationSpeed" : {
        "totalBytes" : 3719619,
        "totalCpuTime" : 54347113178
      }
    }, {
      "indexId" : "IdIndex",
      "partOfTotalIndexingTime" : {
        "part" : 7372919181,
        "total" : 67265031154
      },
      "totalNumberOfFiles" : 369,
      "totalNumberOfFilesIndexedByExtensions" : 0,
      "totalFilesSize" : 4852956,
      "indexValueChangerEvaluationSpeed" : {
        "totalBytes" : 4852956,
        "totalCpuTime" : 7372919181
      }
    }, {
      "indexId" : "XmlNamespaces",
      "partOfTotalIndexingTime" : {
        "part" : 1326200651,
        "total" : 67265031154
      },
      "totalNumberOfFiles" : 15,
      "totalNumberOfFilesIndexedByExtensions" : 0,
      "totalFilesSize" : 715596,
      "indexValueChangerEvaluationSpeed" : {
        "totalBytes" : 715596,
        "totalCpuTime" : 1326200651
      }
    }, {
      "indexId" : "js.test.names.extensible",
      "partOfTotalIndexingTime" : {
        "part" : 1198010741,
        "total" : 67265031154
      },
      "totalNumberOfFiles" : 12,
      "totalNumberOfFilesIndexedByExtensions" : 0,
      "totalFilesSize" : 141888,
      "indexValueChangerEvaluationSpeed" : {
        "totalBytes" : 141888,
        "totalCpuTime" : 1198010741
      }
    }, {
      "indexId" : "SchemaTypeInheritance",
      "partOfTotalIndexingTime" : {
        "part" : 973813107,
        "total" : 67265031154
      },
      "totalNumberOfFiles" : 11,
      "totalNumberOfFilesIndexedByExtensions" : 0,
      "totalFilesSize" : 415206,
      "indexValueChangerEvaluationSpeed" : {
        "totalBytes" : 415206,
        "totalCpuTime" : 973813107
      }
    }, {
      "indexId" : "XmlTagNames",
      "partOfTotalIndexingTime" : {
        "part" : 849213712,
        "total" : 67265031154
      },
      "totalNumberOfFiles" : 11,
      "totalNumberOfFilesIndexedByExtensions" : 0,
      "totalFilesSize" : 415206,
      "indexValueChangerEvaluationSpeed" : {
        "totalBytes" : 415206,
        "totalCpuTime" : 849213712
      }
    }, {
      "indexId" : "Trigram.Index",
      "partOfTotalIndexingTime" : {
        "part" : 542719031,
        "total" : 67265031154
      },
      "totalNumberOfFiles" : 377,
      "totalNumberOfFilesIndexedByExtensions" : 0,
      "totalFilesSize" : 4857405,
      "indexValueChangerEvaluationSpeed" : {
        "totalBytes" : 4857405,
        "totalCpuTime" : 542719031
      }
    }, {
      "indexId" : "js.custom.single.entry.index",
      "partOfTotalIndexingTime" : {
        "part" : 282962673,
        "total" : 67265031154
      },
      "totalNumberOfFiles" : 124,
      "totalNumberOfFilesIndexedByExtensions" : 0,
      "totalFilesSize" : 2796613,
      "indexValueChangerEvaluationSpeed" : {
        "totalBytes" : 2796613,
        "totalCpuTime" : 282962673
      }
    }, {
      "indexId" : "DomFileIndex",
      "partOfTotalIndexingTime" : {
        "part" : 201332588,
        "total" : 67265031154
      },
      "totalNumberOfFiles" : 18,
      "totalNumberOfFilesIndexedByExtensions" : 0,
      "totalFilesSize" : 912350,
      "indexValueChangerEvaluationSpeed" : {
        "totalBytes" : 912350,
        "totalCpuTime" : 201332588
      }
    }, {
      "indexId" : "http.request.execution.environment",
      "partOfTotalIndexingTime" : {
        "part" : 95769565,
        "total" : 67265031154
      },
      "totalNumberOfFiles" : 2,
      "totalNumberOfFilesIndexedByExtensions" : 0,
      "totalFilesSize" : 503,
      "indexValueChangerEvaluationSpeed" : {
        "totalBytes" : 503,
        "totalCpuTime" : 95769565
      }
    }, {
      "indexId" : "fileIncludes",
      "partOfTotalIndexingTime" : {
        "part" : 30939580,
        "total" : 67265031154
      },
      "totalNumberOfFiles" : 1,
      "totalNumberOfFilesIndexedByExtensions" : 0,
      "totalFilesSize" : 1716,
      "indexValueChangerEvaluationSpeed" : {
        "totalBytes" : 1716,
        "totalCpuTime" : 30939580
      }
    }, {
      "indexId" : "js.string.literal.words.index",
      "partOfTotalIndexingTime" : {
        "part" : 29932003,
        "total" : 67265031154
      },
      "totalNumberOfFiles" : 124,
      "totalNumberOfFilesIndexedByExtensions" : 0,
      "totalFilesSize" : 2796613,
      "indexValueChangerEvaluationSpeed" : {
        "totalBytes" : 2796613,
        "totalCpuTime" : 29932003
      }
    }, {
      "indexId" : "js.test.names",
      "partOfTotalIndexingTime" : {
        "part" : 11552894,
        "total" : 67265031154
      },
      "totalNumberOfFiles" : 12,
      "totalNumberOfFilesIndexedByExtensions" : 0,
      "totalFilesSize" : 141888,
      "indexValueChangerEvaluationSpeed" : {
        "totalBytes" : 141888,
        "totalCpuTime" : 11552894
      }
    }, {
      "indexId" : "json.file.root.values",
      "partOfTotalIndexingTime" : {
        "part" : 2552250,
        "total" : 67265031154
      },
      "totalNumberOfFiles" : 2,
      "totalNumberOfFilesIndexedByExtensions" : 0,
      "totalFilesSize" : 503,
      "indexValueChangerEvaluationSpeed" : {
        "totalBytes" : 503,
        "totalCpuTime" : 2552250
      }
    } ],
    "statisticsOfChangedDuringIndexingFiles" : {
      "numberOfFiles" : 3,
      "retrievingTime" : 21460188
    },
    "fileProviderStatistics" : [ {
      "providerName" : "<indexing queue>",
      "totalNumberOfIndexedFiles" : 377,
      "totalNumberOfFilesFullyIndexedByExtensions" : 0,
      "totalNumberOfNothingToWriteFiles" : 0,
      "totalIndexingVisibleTime" : 53151662511,
      "contentLoadingVisibleTime" : 1951778758,
      "numberOfTooLargeForIndexingFiles" : 0,
      "slowIndexedFiles" : [ {
        "fileName" : "http-client.private.env.json",
        "processingTime" : 3447967795,
        "evaluationOfIndexValueChangerTime" : 38385266,
        "contentLoadingTime" : 615833
      }, {
        "fileName" : "http-client.env.json",
        "processingTime" : 3762153185,
        "evaluationOfIndexValueChangerTime" : 68213622,
        "contentLoadingTime" : 20444724
      }, {
        "fileName" : "xhtml-mobile10-flat.dtd",
        "processingTime" : 3767508115,
        "evaluationOfIndexValueChangerTime" : 167024747,
        "contentLoadingTime" : 100301688
      }, {
        "fileName" : "lib.es2022.intl.d.ts",
        "processingTime" : 4058258046,
        "evaluationOfIndexValueChangerTime" : 1928372083,
        "contentLoadingTime" : 778403
      }, {
        "fileName" : "lib.es5.d.ts",
        "processingTime" : 3775591082,
        "evaluationOfIndexValueChangerTime" : 3643771334,
        "contentLoadingTime" : 23016250
      }, {
        "fileName" : "lib.webworker.d.ts",
        "processingTime" : 11374662446,
        "evaluationOfIndexValueChangerTime" : 10978095250,
        "contentLoadingTime" : 5834168
      }, {
        "fileName" : "lib.dom.d.ts",
        "processingTime" : 17720771284,
        "evaluationOfIndexValueChangerTime" : 9979155301,
        "contentLoadingTime" : 55678565
      }, {
        "fileName" : "react.d.ts",
        "processingTime" : 5841704284,
        "evaluationOfIndexValueChangerTime" : 2368572181,
        "contentLoadingTime" : 2597566
      }, {
        "fileName" : "node.js",
        "processingTime" : 9984008383,
        "evaluationOfIndexValueChangerTime" : 4367276812,
        "contentLoadingTime" : 11229586
      }, {
        "fileName" : "xhtml11.dtd",
        "processingTime" : 5162178150,
        "evaluationOfIndexValueChangerTime" : 25896075,
        "contentLoadingTime" : 43428829
      } ],
      "filesFullyIndexedByExtensions" : [ ],
      "separateApplyingIndexesVisibleTime" : 2966926676
    }, {
      "providerName" : "Refreshed files",
      "totalNumberOfIndexedFiles" : 3,
      "totalNumberOfFilesFullyIndexedByExtensions" : 0,
      "totalNumberOfNothingToWriteFiles" : 3,
      "totalIndexingVisibleTime" : 24512689,
      "contentLoadingVisibleTime" : 9188003,
      "numberOfTooLargeForIndexingFiles" : 0,
      "slowIndexedFiles" : [ ],
      "filesFullyIndexedByExtensions" : [ ],
      "separateApplyingIndexesVisibleTime" : 5405195
    } ],
    "visibleTimeToAllThreadTimeRatio" : 7.9203851127311315
  }
}