{
  "appInfo" : {
    "build" : "251.26927.39",
    "buildDate" : "2025-06-20T10:32:00Z[UTC]",
    "productCode" : "CL",
    "generated" : "2025-07-11T10:11:48.958472698Z",
    "os" : "Linux 5.19.0-46-generic",
    "runtime" : "JetBrains s.r.o. 21.0.7 21.0.7+9-b895.130"
  },
  "runtimeInfo" : {
    "maxMemory" : 8589934592,
    "numberOfProcessors" : 4,
    "maxNumberOfIndexingThreads" : 3,
    "maxSizeOfFileForIntelliSense" : 2560000,
    "maxSizeOfFileForContentLoading" : 20971520
  },
  "type" : "DumbIndexing",
  "projectIndexingActivityHistory" : {
    "projectName" : "AnalysisTree",
    "times" : {
      "scanningIds" : [ 2 ],
      "contentLoadingVisibleTime" : 21761303915,
      "retrievingChangedDuringIndexingFilesTime" : 75688,
      "separateApplyingIndexesVisibleTime" : 23214550557,
      "updatingStart" : "2025-07-11T10:10:37.765438849Z",
      "updatingEnd" : "2025-07-11T10:11:48.95619475Z",
      "totalWallTimeWithPauses" : 71190755901,
      "wallTimeOnPause" : 0,
      "isCancelled" : false,
      "dumbWallTimeWithPauses" : 71190755901,
      "dumbWallTimeWithoutPauses" : 71190755901,
      "dumbModeStart" : "2025-07-11T10:10:37.765438849Z",
      "totalWallTimeWithoutPauses" : 71190755901
    },
    "fileCount" : {
      "numberOfChangedDuringIndexingFiles" : 0,
      "numberOfFilesIndexedByInfrastructureExtensionsDuringIndexingStage" : 0,
      "numberOfFilesIndexedWithLoadingContent" : 24400,
      "numberOfNothingToWriteFiles" : 0
    },
    "totalStatsPerFileType" : [ {
      "fileType" : "ObjectiveC",
      "partOfTotalProcessingTime" : {
        "part" : 204694630572,
        "total" : 207686634162
      },
      "partOfTotalContentLoadingTime" : {
        "part" : 63173073143,
        "total" : 63487408897
      },
      "totalNumberOfFiles" : 24298,
      "totalFilesSize" : 243525073,
      "totalProcessingSpeed" : {
        "totalBytes" : 243525073,
        "totalCpuTime" : 204694630572
      },
      "biggestContributors" : [ {
        "providerName" : "<indexing queue>",
        "numberOfFiles" : 24298,
        "totalFilesSize" : 243525073,
        "partOfTotalProcessingTimeOfThisFileType" : {
          "part" : 204694630572,
          "total" : 204694630572
        }
      } ]
    }, {
      "fileType" : "Markdown",
      "partOfTotalProcessingTime" : {
        "part" : 1134925949,
        "total" : 207686634162
      },
      "partOfTotalContentLoadingTime" : {
        "part" : 32430196,
        "total" : 63487408897
      },
      "totalNumberOfFiles" : 4,
      "totalFilesSize" : 53441,
      "totalProcessingSpeed" : {
        "totalBytes" : 53441,
        "totalCpuTime" : 1134925949
      },
      "biggestContributors" : [ {
        "providerName" : "<indexing queue>",
        "numberOfFiles" : 4,
        "totalFilesSize" : 53441,
        "partOfTotalProcessingTimeOfThisFileType" : {
          "part" : 1134925949,
          "total" : 1134925949
        }
      } ]
    }, {
      "fileType" : "PLAIN_TEXT",
      "partOfTotalProcessingTime" : {
        "part" : 1055950430,
        "total" : 207686634162
      },
      "partOfTotalContentLoadingTime" : {
        "part" : 12006377,
        "total" : 63487408897
      },
      "totalNumberOfFiles" : 62,
      "totalFilesSize" : 2306023,
      "totalProcessingSpeed" : {
        "totalBytes" : 2306023,
        "totalCpuTime" : 1055950430
      },
      "biggestContributors" : [ {
        "providerName" : "<indexing queue>",
        "numberOfFiles" : 62,
        "totalFilesSize" : 2306023,
        "partOfTotalProcessingTimeOfThisFileType" : {
          "part" : 1055950430,
          "total" : 1055950430
        }
      } ]
    }, {
      "fileType" : "CMakeLists.txt",
      "partOfTotalProcessingTime" : {
        "part" : 377117864,
        "total" : 207686634162
      },
      "partOfTotalContentLoadingTime" : {
        "part" : 83313953,
        "total" : 63487408897
      },
      "totalNumberOfFiles" : 17,
      "totalFilesSize" : 61878,
      "totalProcessingSpeed" : {
        "totalBytes" : 61878,
        "totalCpuTime" : 377117864
      },
      "biggestContributors" : [ {
        "providerName" : "<indexing queue>",
        "numberOfFiles" : 17,
        "totalFilesSize" : 61878,
        "partOfTotalProcessingTimeOfThisFileType" : {
          "part" : 377117864,
          "total" : 377117864
        }
      } ]
    }, {
      "fileType" : "YAML",
      "partOfTotalProcessingTime" : {
        "part" : 149965597,
        "total" : 207686634162
      },
      "partOfTotalContentLoadingTime" : {
        "part" : 136392049,
        "total" : 63487408897
      },
      "totalNumberOfFiles" : 5,
      "totalFilesSize" : 6893,
      "totalProcessingSpeed" : {
        "totalBytes" : 6893,
        "totalCpuTime" : 149965597
      },
      "biggestContributors" : [ {
        "providerName" : "<indexing queue>",
        "numberOfFiles" : 5,
        "totalFilesSize" : 6893,
        "partOfTotalProcessingTimeOfThisFileType" : {
          "part" : 149965597,
          "total" : 149965597
        }
      } ]
    }, {
      "fileType" : "ModuleMap",
      "partOfTotalProcessingTime" : {
        "part" : 138823632,
        "total" : 207686634162
      },
      "partOfTotalContentLoadingTime" : {
        "part" : 2596329,
        "total" : 63487408897
      },
      "totalNumberOfFiles" : 3,
      "totalFilesSize" : 181083,
      "totalProcessingSpeed" : {
        "totalBytes" : 181083,
        "totalCpuTime" : 138823632
      },
      "biggestContributors" : [ {
        "providerName" : "<indexing queue>",
        "numberOfFiles" : 3,
        "totalFilesSize" : 181083,
        "partOfTotalProcessingTimeOfThisFileType" : {
          "part" : 138823632,
          "total" : 138823632
        }
      } ]
    }, {
      "fileType" : "Shell Script",
      "partOfTotalProcessingTime" : {
        "part" : 73182043,
        "total" : 207686634162
      },
      "partOfTotalContentLoadingTime" : {
        "part" : 24098780,
        "total" : 63487408897
      },
      "totalNumberOfFiles" : 5,
      "totalFilesSize" : 2283,
      "totalProcessingSpeed" : {
        "totalBytes" : 2283,
        "totalCpuTime" : 73182043
      },
      "biggestContributors" : [ {
        "providerName" : "<indexing queue>",
        "numberOfFiles" : 5,
        "totalFilesSize" : 2283,
        "partOfTotalProcessingTimeOfThisFileType" : {
          "part" : 73182043,
          "total" : 73182043
        }
      } ]
    }, {
      "fileType" : "textmate",
      "partOfTotalProcessingTime" : {
        "part" : 24410205,
        "total" : 207686634162
      },
      "partOfTotalContentLoadingTime" : {
        "part" : 573981,
        "total" : 63487408897
      },
      "totalNumberOfFiles" : 1,
      "totalFilesSize" : 295,
      "totalProcessingSpeed" : {
        "totalBytes" : 295,
        "totalCpuTime" : 24410205
      },
      "biggestContributors" : [ {
        "providerName" : "<indexing queue>",
        "numberOfFiles" : 1,
        "totalFilesSize" : 295,
        "partOfTotalProcessingTimeOfThisFileType" : {
          "part" : 24410205,
          "total" : 24410205
        }
      } ]
    }, {
      "fileType" : "PATCH",
      "partOfTotalProcessingTime" : {
        "part" : 21307718,
        "total" : 207686634162
      },
      "partOfTotalContentLoadingTime" : {
        "part" : 19962075,
        "total" : 63487408897
      },
      "totalNumberOfFiles" : 2,
      "totalFilesSize" : 872,
      "totalProcessingSpeed" : {
        "totalBytes" : 872,
        "totalCpuTime" : 21307718
      },
      "biggestContributors" : [ {
        "providerName" : "<indexing queue>",
        "numberOfFiles" : 2,
        "totalFilesSize" : 872,
        "partOfTotalProcessingTimeOfThisFileType" : {
          "part" : 21307718,
          "total" : 21307718
        }
      } ]
    }, {
      "fileType" : "GitIgnore file",
      "partOfTotalProcessingTime" : {
        "part" : 8156423,
        "total" : 207686634162
      },
      "partOfTotalContentLoadingTime" : {
        "part" : 607365,
        "total" : 63487408897
      },
      "totalNumberOfFiles" : 1,
      "totalFilesSize" : 3239,
      "totalProcessingSpeed" : {
        "totalBytes" : 3239,
        "totalCpuTime" : 8156423
      },
      "biggestContributors" : [ {
        "providerName" : "<indexing queue>",
        "numberOfFiles" : 1,
        "totalFilesSize" : 3239,
        "partOfTotalProcessingTimeOfThisFileType" : {
          "part" : 8156423,
          "total" : 8156423
        }
      } ]
    }, {
      "fileType" : "Dockerfile",
      "partOfTotalProcessingTime" : {
        "part" : 6865967,
        "total" : 207686634162
      },
      "partOfTotalContentLoadingTime" : {
        "part" : 2036242,
        "total" : 63487408897
      },
      "totalNumberOfFiles" : 1,
      "totalFilesSize" : 763,
      "totalProcessingSpeed" : {
        "totalBytes" : 763,
        "totalCpuTime" : 6865967
      },
      "biggestContributors" : [ {
        "providerName" : "<indexing queue>",
        "numberOfFiles" : 1,
        "totalFilesSize" : 763,
        "partOfTotalProcessingTimeOfThisFileType" : {
          "part" : 6865967,
          "total" : 6865967
        }
      } ]
    }, {
      "fileType" : "AUTO_DETECTED",
      "partOfTotalProcessingTime" : {
        "part" : 1297762,
        "total" : 207686634162
      },
      "partOfTotalContentLoadingTime" : {
        "part" : 318407,
        "total" : 63487408897
      },
      "totalNumberOfFiles" : 1,
      "totalFilesSize" : 0,
      "totalProcessingSpeed" : {
        "totalBytes" : 0,
        "totalCpuTime" : 1297762
      },
      "biggestContributors" : [ {
        "providerName" : "<indexing queue>",
        "numberOfFiles" : 1,
        "totalFilesSize" : 0,
        "partOfTotalProcessingTimeOfThisFileType" : {
          "part" : 1297762,
          "total" : 1297762
        }
      } ]
    } ],
    "totalStatsPerBaseLanguage" : [ {
      "language" : "ObjectiveC",
      "partOfTotalProcessingTime" : {
        "part" : 204694630572,
        "total" : 207686634162
      },
      "partOfTotalContentLoadingTime" : {
        "part" : 126660482040,
        "total" : 63487408897
      },
      "totalNumberOfFiles" : 24298,
      "totalFilesSize" : 243525073,
      "totalProcessingSpeed" : {
        "totalBytes" : 243525073,
        "totalCpuTime" : 204694630572
      }
    }, {
      "language" : "Markdown",
      "partOfTotalProcessingTime" : {
        "part" : 1134925949,
        "total" : 207686634162
      },
      "partOfTotalContentLoadingTime" : {
        "part" : 63519839093,
        "total" : 63487408897
      },
      "totalNumberOfFiles" : 4,
      "totalFilesSize" : 53441,
      "totalProcessingSpeed" : {
        "totalBytes" : 53441,
        "totalCpuTime" : 1134925949
      }
    }, {
      "language" : "TEXT",
      "partOfTotalProcessingTime" : {
        "part" : 1055950430,
        "total" : 207686634162
      },
      "partOfTotalContentLoadingTime" : {
        "part" : 63499415274,
        "total" : 63487408897
      },
      "totalNumberOfFiles" : 62,
      "totalFilesSize" : 2306023,
      "totalProcessingSpeed" : {
        "totalBytes" : 2306023,
        "totalCpuTime" : 1055950430
      }
    }, {
      "language" : "CMake",
      "partOfTotalProcessingTime" : {
        "part" : 377117864,
        "total" : 207686634162
      },
      "partOfTotalContentLoadingTime" : {
        "part" : 63570722850,
        "total" : 63487408897
      },
      "totalNumberOfFiles" : 17,
      "totalFilesSize" : 61878,
      "totalProcessingSpeed" : {
        "totalBytes" : 61878,
        "totalCpuTime" : 377117864
      }
    }, {
      "language" : "yaml",
      "partOfTotalProcessingTime" : {
        "part" : 149965597,
        "total" : 207686634162
      },
      "partOfTotalContentLoadingTime" : {
        "part" : 63623800946,
        "total" : 63487408897
      },
      "totalNumberOfFiles" : 5,
      "totalFilesSize" : 6893,
      "totalProcessingSpeed" : {
        "totalBytes" : 6893,
        "totalCpuTime" : 149965597
      }
    }, {
      "language" : "ModuleMap",
      "partOfTotalProcessingTime" : {
        "part" : 138823632,
        "total" : 207686634162
      },
      "partOfTotalContentLoadingTime" : {
        "part" : 63490005226,
        "total" : 63487408897
      },
      "totalNumberOfFiles" : 3,
      "totalFilesSize" : 181083,
      "totalProcessingSpeed" : {
        "totalBytes" : 181083,
        "totalCpuTime" : 138823632
      }
    }, {
      "language" : "Shell Script",
      "partOfTotalProcessingTime" : {
        "part" : 73182043,
        "total" : 207686634162
      },
      "partOfTotalContentLoadingTime" : {
        "part" : 63511507677,
        "total" : 63487408897
      },
      "totalNumberOfFiles" : 5,
      "totalFilesSize" : 2283,
      "totalProcessingSpeed" : {
        "totalBytes" : 2283,
        "totalCpuTime" : 73182043
      }
    }, {
      "language" : "textmate",
      "partOfTotalProcessingTime" : {
        "part" : 24410205,
        "total" : 207686634162
      },
      "partOfTotalContentLoadingTime" : {
        "part" : 63487982878,
        "total" : 63487408897
      },
      "totalNumberOfFiles" : 1,
      "totalFilesSize" : 295,
      "totalProcessingSpeed" : {
        "totalBytes" : 295,
        "totalCpuTime" : 24410205
      }
    }, {
      "language" : "GitIgnore",
      "partOfTotalProcessingTime" : {
        "part" : 8156423,
        "total" : 207686634162
      },
      "partOfTotalContentLoadingTime" : {
        "part" : 63488016262,
        "total" : 63487408897
      },
      "totalNumberOfFiles" : 1,
      "totalFilesSize" : 3239,
      "totalProcessingSpeed" : {
        "totalBytes" : 3239,
        "totalCpuTime" : 8156423
      }
    }, {
      "language" : "IgnoreLang",
      "partOfTotalProcessingTime" : {
        "part" : 8156423,
        "total" : 207686634162
      },
      "partOfTotalContentLoadingTime" : {
        "part" : 63488016262,
        "total" : 63487408897
      },
      "totalNumberOfFiles" : 1,
      "totalFilesSize" : 3239,
      "totalProcessingSpeed" : {
        "totalBytes" : 3239,
        "totalCpuTime" : 8156423
      }
    }, {
      "language" : "Dockerfile",
      "partOfTotalProcessingTime" : {
        "part" : 6865967,
        "total" : 207686634162
      },
      "partOfTotalContentLoadingTime" : {
        "part" : 63489445139,
        "total" : 63487408897
      },
      "totalNumberOfFiles" : 1,
      "totalFilesSize" : 763,
      "totalProcessingSpeed" : {
        "totalBytes" : 763,
        "totalCpuTime" : 6865967
      }
    } ],
    "totalStatsPerIndexer" : [ {
      "indexId" : "IdIndex",
      "partOfTotalIndexingTime" : {
        "part" : 57475509390,
        "total" : 66832999811
      },
      "totalNumberOfFiles" : 24397,
      "totalNumberOfFilesIndexedByExtensions" : 0,
      "totalFilesSize" : 246140971,
      "indexValueChangerEvaluationSpeed" : {
        "totalBytes" : 246140971,
        "totalCpuTime" : 57475509390
      }
    }, {
      "indexId" : "Trigram.Index",
      "partOfTotalIndexingTime" : {
        "part" : 8028100571,
        "total" : 66832999811
      },
      "totalNumberOfFiles" : 24400,
      "totalNumberOfFilesIndexedByExtensions" : 0,
      "totalFilesSize" : 246141843,
      "indexValueChangerEvaluationSpeed" : {
        "totalBytes" : 246141843,
        "totalCpuTime" : 8028100571
      }
    }, {
      "indexId" : "Stubs",
      "partOfTotalIndexingTime" : {
        "part" : 1032290899,
        "total" : 66832999811
      },
      "totalNumberOfFiles" : 4,
      "totalNumberOfFilesIndexedByExtensions" : 0,
      "totalFilesSize" : 53441,
      "indexValueChangerEvaluationSpeed" : {
        "totalBytes" : 53441,
        "totalCpuTime" : 1032290899
      }
    }, {
      "indexId" : "clang.format.lightIndex",
      "partOfTotalIndexingTime" : {
        "part" : 297098951,
        "total" : 66832999811
      },
      "totalNumberOfFiles" : 24298,
      "totalNumberOfFilesIndexedByExtensions" : 0,
      "totalFilesSize" : 243525073,
      "indexValueChangerEvaluationSpeed" : {
        "totalBytes" : 243525073,
        "totalCpuTime" : 297098951
      }
    } ],
    "statisticsOfChangedDuringIndexingFiles" : {
      "numberOfFiles" : 0,
      "retrievingTime" : 75688
    },
    "fileProviderStatistics" : [ {
      "providerName" : "<indexing queue>",
      "totalNumberOfIndexedFiles" : 24400,
      "totalNumberOfFilesFullyIndexedByExtensions" : 0,
      "totalNumberOfNothingToWriteFiles" : 0,
      "totalIndexingVisibleTime" : 71187847224,
      "contentLoadingVisibleTime" : 21761303915,
      "numberOfTooLargeForIndexingFiles" : 0,
      "slowIndexedFiles" : [ {
        "fileName" : "arm_sve.h",
        "processingTime" : 583701797,
        "evaluationOfIndexValueChangerTime" : 334232521,
        "contentLoadingTime" : 52117568
      }, {
        "fileName" : "arm_mve.h",
        "processingTime" : 628278661,
        "evaluationOfIndexValueChangerTime" : 363110083,
        "contentLoadingTime" : 37075212
      }, {
        "fileName" : "arm_sve.h",
        "processingTime" : 1093557046,
        "evaluationOfIndexValueChangerTime" : 811739990,
        "contentLoadingTime" : 55161719
      }, {
        "fileName" : "vector200.hpp",
        "processingTime" : 638586120,
        "evaluationOfIndexValueChangerTime" : 543207355,
        "contentLoadingTime" : 89535416
      }, {
        "fileName" : "IntrinsicImpl.inc",
        "processingTime" : 807388512,
        "evaluationOfIndexValueChangerTime" : 389849155,
        "contentLoadingTime" : 2749500
      }, {
        "fileName" : "glew.h",
        "processingTime" : 1141919928,
        "evaluationOfIndexValueChangerTime" : 1004190062,
        "contentLoadingTime" : 26240222
      }, {
        "fileName" : "arm_neon.h",
        "processingTime" : 1138034655,
        "evaluationOfIndexValueChangerTime" : 900162565,
        "contentLoadingTime" : 69337739
      }, {
        "fileName" : "glext.h",
        "processingTime" : 1093548886,
        "evaluationOfIndexValueChangerTime" : 830509377,
        "contentLoadingTime" : 25720304
      }, {
        "fileName" : "arm_mve.h",
        "processingTime" : 959596802,
        "evaluationOfIndexValueChangerTime" : 687152101,
        "contentLoadingTime" : 41212911
      }, {
        "fileName" : "arm_neon.h",
        "processingTime" : 1150138930,
        "evaluationOfIndexValueChangerTime" : 954915351,
        "contentLoadingTime" : 27074498
      } ],
      "filesFullyIndexedByExtensions" : [ ],
      "separateApplyingIndexesVisibleTime" : 23214550557
    } ],
    "visibleTimeToAllThreadTimeRatio" : 0.3427656647777919
  }
}