{
  "appInfo" : {
    "build" : "251.26927.39",
    "buildDate" : "2025-06-20T10:32:00Z[UTC]",
    "productCode" : "CL",
    "generated" : "2025-07-11T10:10:37.760328418Z",
    "os" : "Linux 5.19.0-46-generic",
    "runtime" : "JetBrains s.r.o. 21.0.7 21.0.7+9-b895.130"
  },
  "runtimeInfo" : {
    "maxMemory" : 8589934592,
    "numberOfProcessors" : 4,
    "maxNumberOfIndexingThreads" : 3,
    "maxSizeOfFileForIntelliSense" : 2560000,
    "maxSizeOfFileForContentLoading" : 20971520
  },
  "type" : "Scanning",
  "projectIndexingActivityHistory" : {
    "projectName" : "AnalysisTree",
    "times" : {
      "scanningReason" : "Merged changes in: \"Module 'AnalysisTree' (AnalysisTree)\", \"Library Header Search Paths (#0 class roots, #0 source roots)\" with changes in: \"Module 'AnalysisTree' (AnalysisEntry.cpp, AnalysisTask.cpp, AnalysisTask.test.cpp, AnalysisTreeConfig.cmake.in, AnalysisTreeConfig.sh.in, AnalysisTreeVersion.hpp.in, Branch.cpp, Branch.test.cpp, BranchChannel.cpp, CMakeLists-GTest.txt.in, ...)\", \"Module 'AnalysisTree' (AnalysisEntry.cpp, AnalysisTask.cpp, AnalysisTask.test.cpp, AnalysisTreeConfig.cmake.in, AnalysisTreeConfig.sh.in, AnalysisTreeVersion.hpp.in, Branch.cpp, Branch.test.cpp, BranchChannel.cpp, CMakeLists-GTest.txt.in, ...)\", \"Library Header Search Paths (#4 class roots, #4 source roots)\"",
      "scanningType" : "PARTIAL",
      "scanningId" : 2,
      "creatingIteratorsTime" : 0,
      "concurrentHandlingWallTimeWithoutPauses" : 0,
      "concurrentHandlingWallTimeWithPauses" : 0,
      "concurrentHandlingSumOfThreadTimesWithPauses" : 24485340714,
      "concurrentIterationAndScannersApplicationSumOfThreadTimesWithPauses" : 4024307794,
      "concurrentFileCheckSumOfThreadTimesWithPauses" : 20458031441,
      "delayedPushPropertiesStageTime" : 0,
      "indexExtensionsTime" : 10229258,
      "dumbModeStart" : "2025-07-11T10:10:16.546564502Z",
      "dumbWallTimeWithPauses" : 21209854422,
      "dumbWallTimeWithoutPauses" : 21209854422,
      "updatingStart" : "2025-07-11T10:10:15.912917302Z",
      "updatingEnd" : "2025-07-11T10:10:37.756418924Z",
      "totalWallTimeWithPauses" : 21843501622,
      "wallTimeOnPause" : 33045664,
      "isCancelled" : false,
      "totalWallTimeWithoutPauses" : 21810455958
    },
    "fileCount" : {
      "numberOfFileProviders" : 5,
      "numberOfScannedFiles" : 24432,
      "numberOfFilesIndexedByInfrastructureExtensionsDuringScan" : 0,
      "numberOfFilesScheduledForIndexingAfterScan" : 24400
    },
    "scanningStatistics" : [ {
      "providerName" : "Library Header Search Paths (#4 class roots, #4 source roots)",
      "numberOfScannedFiles" : 24154,
      "numberOfSkippedFiles" : 0,
      "numberOfFilesForIndexing" : 24152,
      "numberOfFilesFullyIndexedByInfrastructureExtensions" : 0,
      "filesFullyIndexedByInfrastructureExtensions" : [ ],
      "statusTime" : 15224859022,
      "totalOneThreadTimeWithPauses" : 21744597243,
      "iterationAndScannersApplicationTime" : 3569011574,
      "filesCheckTime" : 18174856869,
      "timeProcessingUpToDateFiles" : 0,
      "timeUpdatingContentLessIndexes" : 7003872996,
      "timeIndexingWithoutContentViaInfrastructureExtension" : 9878799,
      "roots" : [ ]
    }, {
      "providerName" : "Module 'AnalysisTree' (AnalysisTree)",
      "numberOfScannedFiles" : 204,
      "numberOfSkippedFiles" : 75,
      "numberOfFilesForIndexing" : 174,
      "numberOfFilesFullyIndexedByInfrastructureExtensions" : 0,
      "filesFullyIndexedByInfrastructureExtensions" : [ ],
      "statusTime" : 849089071,
      "totalOneThreadTimeWithPauses" : 1771975109,
      "iterationAndScannersApplicationTime" : 425181282,
      "filesCheckTime" : 1346572990,
      "timeProcessingUpToDateFiles" : 0,
      "timeUpdatingContentLessIndexes" : 334631887,
      "timeIndexingWithoutContentViaInfrastructureExtension" : 226990,
      "roots" : [ ]
    }, {
      "providerName" : "Module 'AnalysisTree' (AnalysisEntry.cpp, AnalysisTask.cpp, AnalysisTask.test.cpp, AnalysisTreeConfig.cmake.in, AnalysisTreeConfig.sh.in, AnalysisTreeVersion.hpp.in, Branch.cpp, Branch.test.cpp, BranchChannel.cpp, CMakeLists-GTest.txt.in, ...)",
      "numberOfScannedFiles" : 73,
      "numberOfSkippedFiles" : 8,
      "numberOfFilesForIndexing" : 73,
      "numberOfFilesFullyIndexedByInfrastructureExtensions" : 0,
      "filesFullyIndexedByInfrastructureExtensions" : [ ],
      "statusTime" : 265394875,
      "totalOneThreadTimeWithPauses" : 934597993,
      "iterationAndScannersApplicationTime" : 10537357,
      "filesCheckTime" : 923288742,
      "timeProcessingUpToDateFiles" : 0,
      "timeUpdatingContentLessIndexes" : 173103276,
      "timeIndexingWithoutContentViaInfrastructureExtension" : 122460,
      "roots" : [ ]
    }, {
      "providerName" : "Module 'AnalysisTree' (AnalysisEntry.cpp, AnalysisTask.cpp, AnalysisTask.test.cpp, AnalysisTreeConfig.cmake.in, AnalysisTreeConfig.sh.in, AnalysisTreeVersion.hpp.in, Branch.cpp, Branch.test.cpp, BranchChannel.cpp, CMakeLists-GTest.txt.in, ...)",
      "numberOfScannedFiles" : 1,
      "numberOfSkippedFiles" : 82,
      "numberOfFilesForIndexing" : 1,
      "numberOfFilesFullyIndexedByInfrastructureExtensions" : 0,
      "filesFullyIndexedByInfrastructureExtensions" : [ ],
      "statusTime" : 2905257,
      "totalOneThreadTimeWithPauses" : 28490521,
      "iterationAndScannersApplicationTime" : 14553475,
      "filesCheckTime" : 12860456,
      "timeProcessingUpToDateFiles" : 0,
      "timeUpdatingContentLessIndexes" : 1394256,
      "timeIndexingWithoutContentViaInfrastructureExtension" : 1009,
      "roots" : [ ]
    }, {
      "providerName" : "Library Header Search Paths (#0 class roots, #0 source roots)",
      "numberOfScannedFiles" : 0,
      "numberOfSkippedFiles" : 0,
      "numberOfFilesForIndexing" : 0,
      "numberOfFilesFullyIndexedByInfrastructureExtensions" : 0,
      "filesFullyIndexedByInfrastructureExtensions" : [ ],
      "statusTime" : 0,
      "totalOneThreadTimeWithPauses" : 5679848,
      "iterationAndScannersApplicationTime" : 5024106,
      "filesCheckTime" : 452384,
      "timeProcessingUpToDateFiles" : 0,
      "timeUpdatingContentLessIndexes" : 0,
      "timeIndexingWithoutContentViaInfrastructureExtension" : 0,
      "roots" : [ ]
    } ]
  }
}