{
  "appInfo" : {
    "build" : "251.26927.39",
    "buildDate" : "2025-06-20T10:32:00Z[UTC]",
    "productCode" : "CL",
    "generated" : "2025-07-11T10:11:49.444164366Z",
    "os" : "Linux 5.19.0-46-generic",
    "runtime" : "JetBrains s.r.o. 21.0.7 21.0.7+9-b895.130"
  },
  "runtimeInfo" : {
    "maxMemory" : 8589934592,
    "numberOfProcessors" : 4,
    "maxNumberOfIndexingThreads" : 3,
    "maxSizeOfFileForIntelliSense" : 2560000,
    "maxSizeOfFileForContentLoading" : 20971520
  },
  "type" : "DumbIndexing",
  "projectIndexingActivityHistory" : {
    "projectName" : "AnalysisTree",
    "times" : {
      "scanningIds" : [ ],
      "contentLoadingVisibleTime" : 0,
      "retrievingChangedDuringIndexingFilesTime" : 45086,
      "separateApplyingIndexesVisibleTime" : 0,
      "updatingStart" : "2025-07-11T10:11:49.033354993Z",
      "updatingEnd" : "2025-07-11T10:11:49.034854382Z",
      "totalWallTimeWithPauses" : 1499389,
      "wallTimeOnPause" : 0,
      "isCancelled" : false,
      "dumbWallTimeWithPauses" : 1499389,
      "dumbWallTimeWithoutPauses" : 1499389,
      "dumbModeStart" : "2025-07-11T10:11:49.033354993Z",
      "totalWallTimeWithoutPauses" : 1499389
    },
    "fileCount" : {
      "numberOfChangedDuringIndexingFiles" : 0,
      "numberOfFilesIndexedByInfrastructureExtensionsDuringIndexingStage" : 0,
      "numberOfFilesIndexedWithLoadingContent" : 0,
      "numberOfNothingToWriteFiles" : 0
    },
    "totalStatsPerFileType" : [ ],
    "totalStatsPerBaseLanguage" : [ ],
    "totalStatsPerIndexer" : [ ],
    "statisticsOfChangedDuringIndexingFiles" : {
      "numberOfFiles" : 0,
      "retrievingTime" : 45086
    },
    "fileProviderStatistics" : [ ],
    "visibleTimeToAllThreadTimeRatio" : 0.0
  }
}