{
  "pageCacheStats" : {
    "cachedChannelsStatistics" : {
      "hit" : 0,
      "miss" : 0,
      "load" : 0,
      "capacity" : 400
    },
    "uncachedFileAccess" : 3,
    "maxRegisteredFiles" : 3,
    "maxCacheSizeInBytes" : 1048576,
    "totalCachedSizeInBytes" : 0,
    "pageHits" : 0,
    "pageFastCacheHits" : 68,
    "pageLoadsAboveSizeThreshold" : 0,
    "regularPageLoads" : 1,
    "disposedBuffers" : 1,
    "totalPageDisposalUs" : 25,
    "totalPageLoadUs" : 37810,
    "totalPagesLoaded" : 1,
    "capacityInBytes" : 629145600
  },
  "indexStorageStats" : {
    "indexStoragesStats" : { }
  }
}